{
"type": "FeatureCollection",
"name": "arthurmanderson_Duluth_to_Gary_Line_CLEAN",
"crs": { "type": "name", "properties": { "name": "urn:ogc:def:crs:OGC:1.3:CRS84" } },
"features": [
{ "type": "Feature", "properties": { "begin": "2021-07-23T00:00:02", "end": "2021-07-26T16:03:11" }, "geometry": { "type": "LineString", "coordinates": [ [ -92.15782, 46.72428 ], [ -92.15781, 46.72428 ], [ -92.15782, 46.72428 ], [ -92.1578, 46.72428 ], [ -92.1578, 46.72428 ], [ -92.15782, 46.72429 ], [ -92.15782, 46.72428 ], [ -92.15782, 46.72427 ], [ -92.15783, 46.72427 ], [ -92.15782, 46.72429 ], [ -92.15783, 46.72429 ], [ -92.15782, 46.72429 ], [ -92.15781, 46.72429 ], [ -92.15782, 46.72428 ], [ -92.15782, 46.72429 ], [ -92.15782, 46.72429 ], [ -92.15782, 46.72428 ], [ -92.15783, 46.72428 ], [ -92.15783, 46.72427 ], [ -92.15784, 46.72428 ], [ -92.15783, 46.72428 ], [ -92.15782, 46.72426 ], [ -92.15783, 46.72428 ], [ -92.15782, 46.72428 ], [ -92.15782, 46.7243 ], [ -92.15781, 46.72429 ], [ -92.15782, 46.72429 ], [ -92.15783, 46.72429 ], [ -92.15784, 46.72429 ], [ -92.15785, 46.72428 ], [ -92.15784, 46.72428 ], [ -92.15782, 46.72429 ], [ -92.15783, 46.72428 ], [ -92.15783, 46.72429 ], [ -92.15783, 46.72428 ], [ -92.15783, 46.7243 ], [ -92.15782, 46.7243 ], [ -92.15781, 46.72429 ], [ -92.15781, 46.72429 ], [ -92.15782, 46.7243 ], [ -92.15781, 46.7243 ], [ -92.15781, 46.72429 ], [ -92.15781, 46.72431 ], [ -92.15781, 46.72429 ], [ -92.15782, 46.72429 ], [ -92.15782, 46.72428 ], [ -92.15781, 46.72429 ], [ -92.15782, 46.72429 ], [ -92.15782, 46.7243 ], [ -92.15782, 46.72429 ], [ -92.15784, 46.7243 ], [ -92.15784, 46.72431 ], [ -92.15783, 46.72431 ], [ -92.15783, 46.72431 ], [ -92.15783, 46.72431 ], [ -92.15783, 46.7243 ], [ -92.15783, 46.7243 ], [ -92.15784, 46.7243 ], [ -92.15785, 46.72431 ], [ -92.15783, 46.72431 ], [ -92.15785, 46.7243 ], [ -92.15783, 46.72429 ], [ -92.15782, 46.7243 ], [ -92.15783, 46.72431 ], [ -92.15783, 46.7243 ], [ -92.15783, 46.7243 ], [ -92.15784, 46.7243 ], [ -92.15784, 46.72428 ], [ -92.15784, 46.72429 ], [ -92.15784, 46.72429 ], [ -92.15783, 46.72429 ], [ -92.15783, 46.7243 ], [ -92.15782, 46.7243 ], [ -92.15783, 46.7243 ], [ -92.15783, 46.7243 ], [ -92.15783, 46.72431 ], [ -92.15785, 46.7243 ], [ -92.15786, 46.7243 ], [ -92.15784, 46.72429 ], [ -92.15784, 46.7243 ], [ -92.15784, 46.72429 ], [ -92.15785, 46.7243 ], [ -92.15784, 46.72429 ], [ -92.15785, 46.72429 ], [ -92.15783, 46.72429 ], [ -92.15782, 46.72429 ], [ -92.15784, 46.72429 ], [ -92.15784, 46.7243 ], [ -92.15784, 46.7243 ], [ -92.15784, 46.72427 ], [ -92.15783, 46.7243 ], [ -92.15782, 46.72428 ], [ -92.15782, 46.7243 ], [ -92.15783, 46.7243 ], [ -92.15784, 46.7243 ], [ -92.15783, 46.7243 ], [ -92.15784, 46.7243 ], [ -92.15783, 46.7243 ], [ -92.15783, 46.72429 ], [ -92.15784, 46.7243 ], [ -92.15784, 46.72429 ], [ -92.15783, 46.7243 ], [ -92.15782, 46.72429 ], [ -92.15784, 46.7243 ], [ -92.15783, 46.7243 ], [ -92.15783, 46.7243 ], [ -92.15783, 46.72431 ], [ -92.15782, 46.7243 ], [ -92.15782, 46.7243 ], [ -92.15783, 46.72429 ], [ -92.15784, 46.72429 ], [ -92.15783, 46.7243 ], [ -92.15784, 46.7243 ], [ -92.15784, 46.7243 ], [ -92.15783, 46.7243 ], [ -92.15783, 46.72431 ], [ -92.15784, 46.7243 ], [ -92.15784, 46.7243 ], [ -92.15783, 46.7243 ], [ -92.15783, 46.7243 ], [ -92.15784, 46.7243 ], [ -92.15784, 46.7243 ], [ -92.15783, 46.7243 ], [ -92.15784, 46.72429 ], [ -92.15785, 46.72431 ], [ -92.15784, 46.7243 ], [ -92.15784, 46.72429 ], [ -92.15783, 46.72429 ], [ -92.15785, 46.72427 ], [ -92.15786, 46.72426 ], [ -92.15782, 46.72423 ], [ -92.1577, 46.72412 ], [ -92.15749, 46.72391 ], [ -92.15717, 46.72364 ], [ -92.15684, 46.72333 ], [ -92.15647, 46.72311 ], [ -92.15618, 46.7229 ], [ -92.15583, 46.72268 ], [ -92.15549, 46.72246 ], [ -92.15515, 46.72221 ], [ -92.15479, 46.72196 ], [ -92.15444, 46.72168 ], [ -92.15414, 46.72145 ], [ -92.15393, 46.72127 ], [ -92.15371, 46.72109 ], [ -92.15352, 46.72089 ], [ -92.15335, 46.72061 ], [ -92.15327, 46.72031 ], [ -92.15315, 46.71992 ], [ -92.15301, 46.71956 ], [ -92.15284, 46.71925 ], [ -92.15257, 46.71904 ], [ -92.15206, 46.71894 ], [ -92.15129, 46.71896 ], [ -92.15028, 46.71905 ], [ -92.14905, 46.7192 ], [ -92.1478, 46.71945 ], [ -92.14682, 46.7198 ], [ -92.14594, 46.72025 ], [ -92.14517, 46.72085 ], [ -92.14449, 46.72151 ], [ -92.14392, 46.72225 ], [ -92.1435, 46.72304 ], [ -92.14332, 46.72387 ], [ -92.14328, 46.72469 ], [ -92.14323, 46.7255 ], [ -92.14321, 46.72637 ], [ -92.14319, 46.72724 ], [ -92.14316, 46.72814 ], [ -92.14314, 46.72903 ], [ -92.14326, 46.7299 ], [ -92.14337, 46.73078 ], [ -92.14345, 46.73166 ], [ -92.14346, 46.73255 ], [ -92.14343, 46.73343 ], [ -92.14319, 46.73419 ], [ -92.14275, 46.73489 ], [ -92.14214, 46.73555 ], [ -92.14142, 46.73605 ], [ -92.14062, 46.73638 ], [ -92.13948, 46.73665 ], [ -92.13851, 46.73691 ], [ -92.13729, 46.73724 ], [ -92.1359, 46.73762 ], [ -92.13438, 46.73805 ], [ -92.13275, 46.73852 ], [ -92.13114, 46.73901 ], [ -92.12957, 46.73951 ], [ -92.12805, 46.73997 ], [ -92.12675, 46.74037 ], [ -92.12531, 46.74081 ], [ -92.12416, 46.74125 ], [ -92.12285, 46.74176 ], [ -92.12158, 46.74226 ], [ -92.12035, 46.74275 ], [ -92.11927, 46.74316 ], [ -92.11844, 46.74333 ], [ -92.11786, 46.74331 ], [ -92.11757, 46.74319 ], [ -92.11756, 46.74307 ], [ -92.11775, 46.74308 ], [ -92.11814, 46.7431 ], [ -92.11866, 46.74317 ], [ -92.1193, 46.74326 ], [ -92.12011, 46.74335 ], [ -92.12101, 46.74345 ], [ -92.12196, 46.74357 ], [ -92.12291, 46.74368 ], [ -92.12387, 46.74377 ], [ -92.1243, 46.74381 ], [ -92.12526, 46.74385 ], [ -92.12623, 46.74386 ], [ -92.12716, 46.7439 ], [ -92.12806, 46.74397 ], [ -92.12894, 46.74408 ], [ -92.12968, 46.74428 ], [ -92.13033, 46.74454 ], [ -92.13096, 46.74479 ], [ -92.13151, 46.74511 ], [ -92.13195, 46.74541 ], [ -92.13227, 46.74564 ], [ -92.13237, 46.7457 ], [ -92.13236, 46.74568 ], [ -92.13235, 46.74566 ], [ -92.13234, 46.74567 ], [ -92.13235, 46.74567 ], [ -92.13235, 46.74566 ], [ -92.13234, 46.74567 ], [ -92.13236, 46.74567 ], [ -92.1324, 46.7457 ], [ -92.13248, 46.74576 ], [ -92.1325, 46.74576 ], [ -92.13248, 46.74576 ], [ -92.13249, 46.74575 ], [ -92.1325, 46.74576 ], [ -92.13254, 46.74581 ], [ -92.13262, 46.74585 ], [ -92.1327, 46.74591 ], [ -92.13274, 46.74596 ], [ -92.13276, 46.74596 ], [ -92.13276, 46.74596 ], [ -92.13277, 46.74596 ], [ -92.13276, 46.74596 ], [ -92.13276, 46.74595 ], [ -92.13276, 46.74595 ], [ -92.13276, 46.74596 ], [ -92.13274, 46.74595 ], [ -92.13276, 46.74596 ], [ -92.13275, 46.74596 ], [ -92.13276, 46.74598 ], [ -92.13276, 46.74595 ], [ -92.13276, 46.74597 ], [ -92.13277, 46.74596 ], [ -92.13275, 46.74596 ], [ -92.13276, 46.74596 ], [ -92.13276, 46.74596 ], [ -92.13276, 46.74597 ], [ -92.13275, 46.74597 ], [ -92.13275, 46.74596 ], [ -92.13276, 46.74596 ], [ -92.13277, 46.74597 ], [ -92.13277, 46.74598 ], [ -92.13276, 46.74596 ], [ -92.13277, 46.74597 ], [ -92.13276, 46.74598 ], [ -92.13278, 46.74598 ], [ -92.13276, 46.74596 ], [ -92.13275, 46.74597 ], [ -92.13275, 46.74597 ], [ -92.13275, 46.74596 ], [ -92.13275, 46.74595 ], [ -92.13277, 46.74597 ], [ -92.13275, 46.74598 ], [ -92.13275, 46.74598 ], [ -92.13274, 46.74597 ], [ -92.13275, 46.74599 ], [ -92.13276, 46.74598 ], [ -92.13276, 46.74596 ], [ -92.13275, 46.74596 ], [ -92.13275, 46.74597 ], [ -92.13275, 46.74596 ], [ -92.13275, 46.74596 ], [ -92.13275, 46.74597 ], [ -92.13275, 46.74598 ], [ -92.13274, 46.74597 ], [ -92.13273, 46.74597 ], [ -92.13275, 46.74598 ], [ -92.13274, 46.74597 ], [ -92.13275, 46.74598 ], [ -92.13274, 46.74598 ], [ -92.13275, 46.74597 ], [ -92.13275, 46.74598 ], [ -92.13273, 46.74596 ], [ -92.13273, 46.74597 ], [ -92.13274, 46.74596 ], [ -92.13274, 46.74597 ], [ -92.13272, 46.74597 ], [ -92.13275, 46.74597 ], [ -92.13275, 46.74596 ], [ -92.13275, 46.74597 ], [ -92.13275, 46.74596 ], [ -92.13274, 46.74596 ], [ -92.13273, 46.74598 ], [ -92.13274, 46.74598 ], [ -92.13274, 46.74596 ], [ -92.13273, 46.74594 ], [ -92.13274, 46.74595 ], [ -92.13274, 46.74595 ], [ -92.13274, 46.74597 ], [ -92.13273, 46.74597 ], [ -92.13273, 46.74596 ], [ -92.13273, 46.74597 ], [ -92.13272, 46.74598 ], [ -92.13273, 46.74598 ], [ -92.13272, 46.74596 ], [ -92.13272, 46.74597 ], [ -92.13272, 46.74597 ], [ -92.13274, 46.74598 ], [ -92.13273, 46.74597 ], [ -92.13271, 46.74597 ], [ -92.13272, 46.74597 ], [ -92.13272, 46.74596 ], [ -92.13272, 46.74596 ], [ -92.13272, 46.74597 ], [ -92.13273, 46.74598 ], [ -92.13273, 46.74598 ], [ -92.13275, 46.74598 ], [ -92.13273, 46.74598 ], [ -92.13274, 46.74598 ], [ -92.13273, 46.74599 ], [ -92.13273, 46.74596 ], [ -92.13272, 46.74597 ], [ -92.13269, 46.74596 ], [ -92.13269, 46.74597 ], [ -92.13269, 46.74597 ], [ -92.1327, 46.74598 ], [ -92.13269, 46.74597 ], [ -92.13272, 46.74598 ], [ -92.13272, 46.74598 ], [ -92.13273, 46.74598 ], [ -92.13269, 46.74596 ], [ -92.13261, 46.74592 ], [ -92.13258, 46.74587 ], [ -92.13252, 46.74585 ], [ -92.13247, 46.74581 ], [ -92.13241, 46.74576 ], [ -92.13237, 46.74573 ], [ -92.13232, 46.74569 ], [ -92.13229, 46.74566 ], [ -92.13228, 46.74565 ], [ -92.13224, 46.74562 ], [ -92.13219, 46.7456 ], [ -92.13216, 46.74558 ], [ -92.13214, 46.74557 ], [ -92.13213, 46.74555 ], [ -92.13208, 46.74552 ], [ -92.13206, 46.74551 ], [ -92.13206, 46.74552 ], [ -92.13206, 46.74551 ], [ -92.13206, 46.74552 ], [ -92.13207, 46.74551 ], [ -92.13206, 46.74551 ], [ -92.13208, 46.74552 ], [ -92.13206, 46.74551 ], [ -92.13206, 46.74551 ], [ -92.13205, 46.74551 ], [ -92.13205, 46.7455 ], [ -92.13205, 46.74551 ], [ -92.13204, 46.74551 ], [ -92.13204, 46.74549 ], [ -92.13204, 46.7455 ], [ -92.13205, 46.7455 ], [ -92.13205, 46.74551 ], [ -92.13205, 46.74551 ], [ -92.13205, 46.74551 ], [ -92.13205, 46.74551 ], [ -92.13206, 46.7455 ], [ -92.13207, 46.74551 ], [ -92.13207, 46.74551 ], [ -92.13206, 46.74552 ], [ -92.13205, 46.74551 ], [ -92.13207, 46.74552 ], [ -92.13207, 46.74552 ], [ -92.13205, 46.74551 ], [ -92.13205, 46.74552 ], [ -92.13206, 46.74551 ], [ -92.13206, 46.74551 ], [ -92.13205, 46.7455 ], [ -92.13206, 46.7455 ], [ -92.13205, 46.7455 ], [ -92.13206, 46.7455 ], [ -92.13206, 46.7455 ], [ -92.13208, 46.74552 ], [ -92.13208, 46.74552 ], [ -92.13208, 46.74551 ], [ -92.13207, 46.7455 ], [ -92.13206, 46.7455 ], [ -92.13206, 46.7455 ], [ -92.13207, 46.74551 ], [ -92.13207, 46.74551 ], [ -92.13207, 46.74551 ], [ -92.13208, 46.74551 ], [ -92.13208, 46.74551 ], [ -92.13207, 46.74551 ], [ -92.13208, 46.74551 ], [ -92.13208, 46.74551 ], [ -92.13207, 46.7455 ], [ -92.13206, 46.7455 ], [ -92.13206, 46.7455 ], [ -92.13208, 46.7455 ], [ -92.13208, 46.7455 ], [ -92.13207, 46.74549 ], [ -92.13207, 46.74549 ], [ -92.13207, 46.74549 ], [ -92.13205, 46.74548 ], [ -92.13206, 46.74549 ], [ -92.13207, 46.7455 ], [ -92.13207, 46.74551 ], [ -92.13207, 46.74551 ], [ -92.13208, 46.74549 ], [ -92.13209, 46.74549 ], [ -92.13209, 46.7455 ], [ -92.13208, 46.7455 ], [ -92.13208, 46.74549 ], [ -92.13208, 46.74549 ], [ -92.13208, 46.74549 ], [ -92.13208, 46.74549 ], [ -92.13205, 46.74549 ], [ -92.13208, 46.7455 ], [ -92.13207, 46.7455 ], [ -92.13208, 46.74549 ], [ -92.13209, 46.7455 ], [ -92.13208, 46.7455 ], [ -92.13209, 46.74551 ], [ -92.13209, 46.74549 ], [ -92.13206, 46.7455 ], [ -92.13207, 46.74549 ], [ -92.13207, 46.74548 ], [ -92.13208, 46.7455 ], [ -92.13207, 46.74548 ], [ -92.13207, 46.74548 ], [ -92.13208, 46.74549 ], [ -92.13208, 46.74548 ], [ -92.13208, 46.74549 ], [ -92.13208, 46.7455 ], [ -92.13209, 46.7455 ], [ -92.13209, 46.7455 ], [ -92.13209, 46.74549 ], [ -92.1321, 46.7455 ], [ -92.13207, 46.74548 ], [ -92.13206, 46.74549 ], [ -92.13207, 46.74548 ], [ -92.13208, 46.74549 ], [ -92.13208, 46.74549 ], [ -92.13207, 46.74549 ], [ -92.13208, 46.74548 ], [ -92.13208, 46.74549 ], [ -92.13208, 46.74549 ], [ -92.13207, 46.74549 ], [ -92.13206, 46.74548 ], [ -92.13208, 46.74549 ], [ -92.13208, 46.74549 ], [ -92.13208, 46.74549 ], [ -92.13209, 46.74549 ], [ -92.13209, 46.7455 ], [ -92.13209, 46.7455 ], [ -92.13208, 46.7455 ], [ -92.13209, 46.74549 ], [ -92.13209, 46.7455 ], [ -92.13208, 46.7455 ], [ -92.13209, 46.74551 ], [ -92.13206, 46.74549 ], [ -92.13207, 46.74549 ], [ -92.13209, 46.74549 ], [ -92.13209, 46.74549 ], [ -92.13208, 46.74549 ], [ -92.13208, 46.74549 ], [ -92.13209, 46.74551 ], [ -92.13209, 46.7455 ], [ -92.13209, 46.74549 ], [ -92.13207, 46.74549 ], [ -92.13208, 46.74549 ], [ -92.13208, 46.74549 ], [ -92.13208, 46.74549 ], [ -92.13209, 46.74549 ], [ -92.13208, 46.74549 ], [ -92.13209, 46.74549 ], [ -92.13208, 46.74549 ], [ -92.13208, 46.74548 ], [ -92.13208, 46.74548 ], [ -92.13205, 46.74546 ], [ -92.13204, 46.74546 ], [ -92.13205, 46.74547 ], [ -92.13203, 46.74546 ], [ -92.13203, 46.74545 ], [ -92.13203, 46.74545 ], [ -92.13204, 46.74546 ], [ -92.13204, 46.74545 ], [ -92.13204, 46.74545 ], [ -92.13205, 46.74546 ], [ -92.13206, 46.74547 ], [ -92.13205, 46.74545 ], [ -92.13208, 46.74547 ], [ -92.13205, 46.74546 ], [ -92.13204, 46.74546 ], [ -92.13206, 46.74547 ], [ -92.13207, 46.74547 ], [ -92.13206, 46.74547 ], [ -92.13203, 46.74546 ], [ -92.13205, 46.74547 ], [ -92.13205, 46.74546 ], [ -92.13205, 46.74545 ], [ -92.13206, 46.74546 ], [ -92.13208, 46.74545 ], [ -92.13207, 46.74546 ], [ -92.13206, 46.74545 ], [ -92.13206, 46.74546 ], [ -92.13206, 46.74547 ], [ -92.13205, 46.74547 ], [ -92.13206, 46.74547 ], [ -92.13211, 46.74549 ], [ -92.13215, 46.74553 ], [ -92.13215, 46.74555 ], [ -92.13215, 46.74554 ], [ -92.13215, 46.74555 ], [ -92.13215, 46.74555 ], [ -92.13214, 46.74554 ], [ -92.13215, 46.74554 ], [ -92.13215, 46.74554 ], [ -92.13214, 46.74554 ], [ -92.13215, 46.74555 ], [ -92.13216, 46.74556 ], [ -92.13216, 46.74553 ], [ -92.13216, 46.74555 ], [ -92.13216, 46.74555 ], [ -92.13215, 46.74554 ], [ -92.13216, 46.74555 ], [ -92.13215, 46.74555 ], [ -92.13215, 46.74556 ], [ -92.13216, 46.74556 ], [ -92.13216, 46.74556 ], [ -92.13217, 46.74555 ], [ -92.13216, 46.74556 ], [ -92.13217, 46.74555 ], [ -92.13217, 46.74555 ], [ -92.13216, 46.74555 ], [ -92.13217, 46.74555 ], [ -92.13217, 46.74555 ], [ -92.13217, 46.74553 ], [ -92.13219, 46.74554 ], [ -92.13216, 46.74554 ], [ -92.13216, 46.74554 ], [ -92.13217, 46.74554 ], [ -92.13216, 46.74553 ], [ -92.13217, 46.74555 ], [ -92.13217, 46.74555 ], [ -92.13217, 46.74554 ], [ -92.13217, 46.74554 ], [ -92.13216, 46.74555 ], [ -92.13217, 46.74554 ], [ -92.13215, 46.74553 ], [ -92.13216, 46.74553 ], [ -92.13218, 46.74552 ], [ -92.13217, 46.74553 ], [ -92.13217, 46.74553 ], [ -92.13217, 46.74552 ], [ -92.13216, 46.74553 ], [ -92.13216, 46.74552 ], [ -92.13215, 46.74553 ], [ -92.13216, 46.74554 ], [ -92.13215, 46.74554 ], [ -92.13216, 46.74553 ], [ -92.13215, 46.74554 ], [ -92.13215, 46.74554 ], [ -92.13216, 46.74554 ], [ -92.13215, 46.74554 ], [ -92.13217, 46.74553 ], [ -92.13216, 46.74553 ], [ -92.13216, 46.74553 ], [ -92.13216, 46.74553 ], [ -92.13216, 46.74554 ], [ -92.13216, 46.74554 ], [ -92.13217, 46.74554 ], [ -92.13215, 46.74553 ], [ -92.13217, 46.74554 ], [ -92.13216, 46.74554 ], [ -92.13217, 46.74553 ], [ -92.13216, 46.74554 ], [ -92.13215, 46.74554 ], [ -92.1322, 46.74556 ], [ -92.13224, 46.74558 ], [ -92.13228, 46.74562 ], [ -92.13228, 46.74562 ], [ -92.13228, 46.74563 ], [ -92.13229, 46.74562 ], [ -92.13227, 46.74563 ], [ -92.13228, 46.74563 ], [ -92.13228, 46.74563 ], [ -92.13228, 46.74562 ], [ -92.13229, 46.74563 ], [ -92.13228, 46.74562 ], [ -92.13228, 46.74563 ], [ -92.13228, 46.74562 ], [ -92.13228, 46.74563 ], [ -92.13228, 46.74562 ], [ -92.13228, 46.74562 ], [ -92.13228, 46.74562 ], [ -92.13228, 46.74563 ], [ -92.13229, 46.74562 ], [ -92.13229, 46.74564 ], [ -92.13228, 46.74563 ], [ -92.13228, 46.74561 ], [ -92.13228, 46.74562 ], [ -92.13228, 46.74562 ], [ -92.13228, 46.74561 ], [ -92.13227, 46.74561 ], [ -92.13228, 46.74561 ], [ -92.13228, 46.74561 ], [ -92.13227, 46.74562 ], [ -92.13228, 46.74563 ], [ -92.13229, 46.74563 ], [ -92.13227, 46.74562 ], [ -92.13228, 46.74562 ], [ -92.13228, 46.74562 ], [ -92.13229, 46.7456 ], [ -92.13228, 46.74562 ], [ -92.13229, 46.74562 ], [ -92.13228, 46.74563 ], [ -92.13229, 46.74562 ], [ -92.13228, 46.74562 ], [ -92.13228, 46.74562 ], [ -92.13228, 46.74562 ], [ -92.13228, 46.74562 ], [ -92.13228, 46.74562 ], [ -92.13228, 46.74562 ], [ -92.13227, 46.74562 ], [ -92.13228, 46.74562 ], [ -92.13228, 46.74561 ], [ -92.13228, 46.74562 ], [ -92.13227, 46.74562 ], [ -92.13228, 46.74562 ], [ -92.13227, 46.74561 ], [ -92.13229, 46.74562 ], [ -92.13228, 46.74562 ], [ -92.13229, 46.74563 ], [ -92.13228, 46.74562 ], [ -92.13228, 46.74562 ], [ -92.13227, 46.74561 ], [ -92.13227, 46.74562 ], [ -92.13227, 46.74561 ], [ -92.13227, 46.74561 ], [ -92.13226, 46.74562 ], [ -92.13227, 46.74563 ], [ -92.13228, 46.74563 ], [ -92.13227, 46.74563 ], [ -92.13228, 46.74561 ], [ -92.13229, 46.74561 ], [ -92.13228, 46.74562 ], [ -92.13228, 46.74563 ], [ -92.13228, 46.74564 ], [ -92.13226, 46.74563 ], [ -92.13227, 46.74563 ], [ -92.13228, 46.74563 ], [ -92.13227, 46.74562 ], [ -92.13227, 46.74563 ], [ -92.13226, 46.74562 ], [ -92.13228, 46.74563 ], [ -92.13227, 46.74563 ], [ -92.13228, 46.74563 ], [ -92.13229, 46.74564 ], [ -92.13229, 46.74564 ], [ -92.13228, 46.74564 ], [ -92.13228, 46.74564 ], [ -92.13228, 46.74564 ], [ -92.13227, 46.74563 ], [ -92.13227, 46.74564 ], [ -92.13228, 46.74565 ], [ -92.13228, 46.74564 ], [ -92.13229, 46.74565 ], [ -92.13228, 46.74564 ], [ -92.13227, 46.74565 ], [ -92.13228, 46.74565 ], [ -92.13229, 46.74565 ], [ -92.13228, 46.74565 ], [ -92.13228, 46.74565 ], [ -92.13228, 46.74565 ], [ -92.13228, 46.74565 ], [ -92.13229, 46.74563 ], [ -92.13228, 46.74565 ], [ -92.13227, 46.74566 ], [ -92.13225, 46.74564 ], [ -92.13226, 46.74564 ], [ -92.13226, 46.74563 ], [ -92.13225, 46.74564 ], [ -92.13226, 46.74565 ], [ -92.13227, 46.74564 ], [ -92.13227, 46.74565 ], [ -92.13227, 46.74564 ], [ -92.13227, 46.74564 ], [ -92.13225, 46.74565 ], [ -92.13231, 46.74566 ], [ -92.13247, 46.74578 ], [ -92.13264, 46.74592 ], [ -92.13266, 46.74593 ], [ -92.13265, 46.74592 ], [ -92.13265, 46.74592 ], [ -92.13263, 46.74591 ], [ -92.13265, 46.74593 ], [ -92.13265, 46.74591 ], [ -92.13265, 46.74592 ], [ -92.13265, 46.74594 ], [ -92.13266, 46.74592 ], [ -92.13268, 46.74595 ], [ -92.13264, 46.74593 ], [ -92.13266, 46.74591 ], [ -92.13265, 46.74591 ], [ -92.13266, 46.74592 ], [ -92.13266, 46.74593 ], [ -92.13264, 46.7459 ], [ -92.13265, 46.74591 ], [ -92.13265, 46.74591 ], [ -92.13264, 46.74591 ], [ -92.13265, 46.74589 ], [ -92.13265, 46.74591 ], [ -92.13265, 46.7459 ], [ -92.13264, 46.74589 ], [ -92.13263, 46.7459 ], [ -92.13266, 46.74591 ], [ -92.13264, 46.74591 ], [ -92.13265, 46.74591 ], [ -92.13267, 46.74592 ], [ -92.13276, 46.74598 ], [ -92.13286, 46.74606 ], [ -92.13289, 46.7461 ], [ -92.13294, 46.74613 ], [ -92.13293, 46.74613 ], [ -92.13295, 46.74613 ], [ -92.13295, 46.74612 ], [ -92.13295, 46.74612 ], [ -92.13294, 46.74612 ], [ -92.13294, 46.74612 ], [ -92.13295, 46.74609 ], [ -92.13294, 46.74611 ], [ -92.13293, 46.74609 ], [ -92.13295, 46.74609 ], [ -92.13292, 46.74609 ], [ -92.13294, 46.74611 ], [ -92.13293, 46.74608 ], [ -92.13293, 46.74608 ], [ -92.13294, 46.7461 ], [ -92.13294, 46.74609 ], [ -92.13317, 46.74627 ], [ -92.13319, 46.74628 ], [ -92.13313, 46.74623 ], [ -92.13313, 46.74622 ], [ -92.13312, 46.74623 ], [ -92.13312, 46.74623 ], [ -92.13313, 46.74621 ], [ -92.13313, 46.74624 ], [ -92.13313, 46.74623 ], [ -92.13313, 46.74623 ], [ -92.13313, 46.74623 ], [ -92.13313, 46.74623 ], [ -92.13313, 46.74624 ], [ -92.13313, 46.74623 ], [ -92.13313, 46.74623 ], [ -92.13313, 46.74622 ], [ -92.13314, 46.74621 ], [ -92.13316, 46.74625 ], [ -92.13314, 46.74623 ], [ -92.13315, 46.74622 ], [ -92.13315, 46.74623 ], [ -92.13316, 46.74624 ], [ -92.13316, 46.74626 ], [ -92.13314, 46.74625 ], [ -92.13315, 46.74623 ], [ -92.13314, 46.74624 ], [ -92.13316, 46.74624 ], [ -92.13315, 46.74623 ], [ -92.13313, 46.74623 ], [ -92.13315, 46.74625 ], [ -92.13315, 46.74623 ], [ -92.13316, 46.74625 ], [ -92.13315, 46.74623 ], [ -92.13287, 46.74608 ], [ -92.13268, 46.74591 ], [ -92.13254, 46.7458 ], [ -92.13234, 46.74568 ], [ -92.13223, 46.7456 ], [ -92.13223, 46.74561 ], [ -92.13224, 46.7456 ], [ -92.13224, 46.74558 ], [ -92.13223, 46.74558 ], [ -92.13221, 46.74558 ], [ -92.1321, 46.7455 ], [ -92.13209, 46.74549 ], [ -92.13209, 46.7455 ], [ -92.13209, 46.74549 ], [ -92.1321, 46.7455 ], [ -92.13209, 46.74551 ], [ -92.13208, 46.7455 ], [ -92.13209, 46.7455 ], [ -92.13208, 46.74549 ], [ -92.13208, 46.74551 ], [ -92.13208, 46.7455 ], [ -92.13208, 46.7455 ], [ -92.13208, 46.7455 ], [ -92.13209, 46.74551 ], [ -92.13208, 46.74549 ], [ -92.13209, 46.74551 ], [ -92.13207, 46.74549 ], [ -92.13207, 46.74549 ], [ -92.13207, 46.74551 ], [ -92.13214, 46.74555 ], [ -92.13214, 46.74554 ], [ -92.13215, 46.74556 ], [ -92.13214, 46.74555 ], [ -92.13213, 46.74555 ], [ -92.13214, 46.74556 ], [ -92.13214, 46.74555 ], [ -92.13215, 46.74555 ], [ -92.13216, 46.74555 ], [ -92.13214, 46.74555 ], [ -92.13217, 46.74555 ], [ -92.13216, 46.74555 ], [ -92.13257, 46.74584 ], [ -92.13273, 46.74596 ], [ -92.13274, 46.74596 ], [ -92.13274, 46.74596 ], [ -92.13273, 46.74597 ], [ -92.13273, 46.74597 ], [ -92.13273, 46.74596 ], [ -92.13273, 46.74596 ], [ -92.13274, 46.74596 ], [ -92.13275, 46.74596 ], [ -92.13274, 46.74597 ], [ -92.13274, 46.74594 ], [ -92.13271, 46.74596 ], [ -92.13221, 46.74583 ], [ -92.13055, 46.74501 ], [ -92.12939, 46.74454 ], [ -92.12783, 46.74424 ], [ -92.12601, 46.74403 ], [ -92.12399, 46.74378 ], [ -92.12183, 46.74355 ], [ -92.11955, 46.74361 ], [ -92.1172, 46.74396 ], [ -92.11484, 46.74451 ], [ -92.11233, 46.74506 ], [ -92.10983, 46.74562 ], [ -92.10727, 46.74635 ], [ -92.10502, 46.74734 ], [ -92.10306, 46.74822 ], [ -92.10071, 46.74923 ], [ -92.09818, 46.75014 ], [ -92.09573, 46.75108 ], [ -92.09371, 46.75241 ], [ -92.09268, 46.75381 ], [ -92.09264, 46.7555 ], [ -92.09347, 46.75695 ], [ -92.09437, 46.75843 ], [ -92.09535, 46.76004 ], [ -92.09632, 46.76163 ], [ -92.09736, 46.76334 ], [ -92.09835, 46.76496 ], [ -92.09935, 46.7666 ], [ -92.10033, 46.76819 ], [ -92.10121, 46.76981 ], [ -92.10156, 46.77125 ], [ -92.10156, 46.77269 ], [ -92.10116, 46.77419 ], [ -92.10041, 46.77553 ], [ -92.09995, 46.77606 ], [ -92.09843, 46.77706 ], [ -92.09656, 46.77778 ], [ -92.09436, 46.77851 ], [ -92.09204, 46.77926 ], [ -92.08963, 46.78002 ], [ -92.08695, 46.78088 ], [ -92.08393, 46.7818 ], [ -92.08067, 46.7828 ], [ -92.07707, 46.78392 ], [ -92.07322, 46.78511 ], [ -92.06907, 46.78642 ], [ -92.06466, 46.78784 ], [ -92.06021, 46.78928 ], [ -92.05558, 46.79078 ], [ -92.05074, 46.79231 ], [ -92.04592, 46.79382 ], [ -92.04106, 46.79537 ], [ -92.03614, 46.79695 ], [ -92.03114, 46.79857 ], [ -92.02617, 46.80015 ], [ -92.02123, 46.80169 ], [ -92.01624, 46.80324 ], [ -92.01121, 46.80482 ], [ -92.00617, 46.80639 ], [ -92.00106, 46.808 ], [ -91.99613, 46.80954 ], [ -91.99114, 46.81113 ], [ -91.98604, 46.8127 ], [ -91.98101, 46.81426 ], [ -91.97594, 46.8159 ], [ -91.97109, 46.81751 ], [ -91.96598, 46.81916 ], [ -91.96084, 46.82075 ], [ -91.95584, 46.82231 ], [ -91.95079, 46.82391 ], [ -91.94581, 46.82548 ], [ -91.94066, 46.82709 ], [ -91.93569, 46.82863 ], [ -91.93058, 46.83026 ], [ -91.92556, 46.83185 ], [ -91.92052, 46.83344 ], [ -91.91555, 46.83503 ], [ -91.91109, 46.83646 ], [ -91.90614, 46.83803 ], [ -91.90117, 46.83964 ], [ -91.896, 46.84134 ], [ -91.89111, 46.84293 ], [ -91.88662, 46.84436 ], [ -91.8816, 46.84595 ], [ -91.87646, 46.84756 ], [ -91.87151, 46.8491 ], [ -91.86634, 46.85066 ], [ -91.86119, 46.85231 ], [ -91.85622, 46.85389 ], [ -91.85113, 46.85546 ], [ -91.84604, 46.85705 ], [ -91.84097, 46.85865 ], [ -91.83585, 46.86024 ], [ -91.83073, 46.86184 ], [ -91.82563, 46.86345 ], [ -91.82049, 46.86505 ], [ -91.81545, 46.86666 ], [ -91.81027, 46.8683 ], [ -91.80517, 46.86994 ], [ -91.80078, 46.87132 ], [ -91.79576, 46.87295 ], [ -91.79129, 46.87438 ], [ -91.78619, 46.87598 ], [ -91.78105, 46.87758 ], [ -91.77594, 46.87919 ], [ -91.7708, 46.88081 ], [ -91.76574, 46.88238 ], [ -91.76056, 46.88402 ], [ -91.75552, 46.88562 ], [ -91.75032, 46.88726 ], [ -91.74527, 46.88885 ], [ -91.74007, 46.89051 ], [ -91.73493, 46.89214 ], [ -91.72978, 46.89375 ], [ -91.72464, 46.89535 ], [ -91.71957, 46.89699 ], [ -91.71429, 46.89865 ], [ -91.70912, 46.90025 ], [ -91.70414, 46.90181 ], [ -91.69901, 46.90345 ], [ -91.69382, 46.90512 ], [ -91.6887, 46.90672 ], [ -91.68363, 46.90827 ], [ -91.67909, 46.90968 ], [ -91.6741, 46.91132 ], [ -91.66973, 46.91276 ], [ -91.66456, 46.91434 ], [ -91.6594, 46.91593 ], [ -91.65497, 46.9173 ], [ -91.64989, 46.9189 ], [ -91.64467, 46.92053 ], [ -91.6396, 46.92216 ], [ -91.63447, 46.92381 ], [ -91.62932, 46.92543 ], [ -91.62407, 46.92707 ], [ -91.61892, 46.92869 ], [ -91.61385, 46.93028 ], [ -91.6087, 46.93189 ], [ -91.60347, 46.93352 ], [ -91.59839, 46.93511 ], [ -91.59324, 46.93671 ], [ -91.58809, 46.93832 ], [ -91.58287, 46.93997 ], [ -91.5778, 46.94156 ], [ -91.57268, 46.9432 ], [ -91.5675, 46.94485 ], [ -91.5623, 46.94652 ], [ -91.55717, 46.94812 ], [ -91.55219, 46.94971 ], [ -91.54698, 46.95137 ], [ -91.54189, 46.95296 ], [ -91.53665, 46.95461 ], [ -91.53149, 46.95621 ], [ -91.52631, 46.95786 ], [ -91.52122, 46.9595 ], [ -91.51597, 46.96117 ], [ -91.51069, 46.96284 ], [ -91.50556, 46.96443 ], [ -91.50027, 46.96607 ], [ -91.49513, 46.96766 ], [ -91.49, 46.96928 ], [ -91.48479, 46.97092 ], [ -91.48023, 46.97232 ], [ -91.475, 46.97392 ], [ -91.46971, 46.97556 ], [ -91.46452, 46.97724 ], [ -91.45931, 46.97892 ], [ -91.45423, 46.98055 ], [ -91.44969, 46.98201 ], [ -91.44436, 46.98373 ], [ -91.43914, 46.98532 ], [ -91.43387, 46.98693 ], [ -91.42869, 46.98858 ], [ -91.42404, 46.99009 ], [ -91.41882, 46.99173 ], [ -91.41354, 46.99339 ], [ -91.40821, 46.99511 ], [ -91.40301, 46.99675 ], [ -91.3984, 46.99821 ], [ -91.39389, 46.99966 ], [ -91.38868, 47.00133 ], [ -91.38348, 47.003 ], [ -91.37807, 47.00474 ], [ -91.37286, 47.00637 ], [ -91.36752, 47.00806 ], [ -91.36299, 47.00945 ], [ -91.35772, 47.01106 ], [ -91.35253, 47.01265 ], [ -91.34739, 47.01431 ], [ -91.34198, 47.016 ], [ -91.33683, 47.0176 ], [ -91.33452, 47.01833 ], [ -91.32943, 47.01991 ], [ -91.32489, 47.02134 ], [ -91.3197, 47.023 ], [ -91.31459, 47.02463 ], [ -91.30923, 47.02634 ], [ -91.30416, 47.02789 ], [ -91.29876, 47.02954 ], [ -91.29362, 47.03113 ], [ -91.28839, 47.03276 ], [ -91.28316, 47.03437 ], [ -91.27803, 47.03598 ], [ -91.27283, 47.03764 ], [ -91.2683, 47.03908 ], [ -91.26308, 47.0407 ], [ -91.25795, 47.04231 ], [ -91.25261, 47.04401 ], [ -91.24747, 47.04564 ], [ -91.24214, 47.04728 ], [ -91.23705, 47.04885 ], [ -91.23175, 47.05051 ], [ -91.22654, 47.05218 ], [ -91.22206, 47.05361 ], [ -91.21685, 47.05526 ], [ -91.21165, 47.0569 ], [ -91.20647, 47.05855 ], [ -91.20206, 47.05994 ], [ -91.19692, 47.06154 ], [ -91.19188, 47.06313 ], [ -91.1874, 47.0645 ], [ -91.18228, 47.06607 ], [ -91.17717, 47.06769 ], [ -91.17214, 47.06928 ], [ -91.16694, 47.07091 ], [ -91.16179, 47.07252 ], [ -91.15675, 47.07415 ], [ -91.1516, 47.07576 ], [ -91.14634, 47.07737 ], [ -91.1412, 47.07903 ], [ -91.13604, 47.08067 ], [ -91.13086, 47.08231 ], [ -91.12575, 47.08391 ], [ -91.12123, 47.08532 ], [ -91.116, 47.08697 ], [ -91.11096, 47.08854 ], [ -91.10644, 47.08996 ], [ -91.10134, 47.09158 ], [ -91.09611, 47.09324 ], [ -91.09086, 47.09488 ], [ -91.08575, 47.09645 ], [ -91.08051, 47.0981 ], [ -91.07534, 47.09972 ], [ -91.0703, 47.1013 ], [ -91.06866, 47.10181 ], [ -91.06354, 47.10343 ], [ -91.0584, 47.10504 ], [ -91.05311, 47.1067 ], [ -91.04794, 47.10832 ], [ -91.04271, 47.10995 ], [ -91.03741, 47.11163 ], [ -91.03212, 47.11333 ], [ -91.02705, 47.11495 ], [ -91.02174, 47.11661 ], [ -91.01656, 47.11821 ], [ -91.01132, 47.11985 ], [ -91.00601, 47.12151 ], [ -91.00075, 47.12314 ], [ -90.99624, 47.12454 ], [ -90.99101, 47.12618 ], [ -90.9858, 47.12784 ], [ -90.9807, 47.12948 ], [ -90.9755, 47.13114 ], [ -90.97029, 47.13276 ], [ -90.96494, 47.13444 ], [ -90.95981, 47.13604 ], [ -90.95454, 47.13769 ], [ -90.94946, 47.13927 ], [ -90.94425, 47.14087 ], [ -90.93894, 47.14251 ], [ -90.93379, 47.14412 ], [ -90.92848, 47.1458 ], [ -90.92324, 47.14744 ], [ -90.91799, 47.14907 ], [ -90.91282, 47.15068 ], [ -90.9074, 47.15237 ], [ -90.90292, 47.15376 ], [ -90.89777, 47.1554 ], [ -90.89249, 47.15709 ], [ -90.88742, 47.15869 ], [ -90.88213, 47.16034 ], [ -90.87702, 47.16196 ], [ -90.87181, 47.1636 ], [ -90.86655, 47.16527 ], [ -90.86127, 47.16695 ], [ -90.85607, 47.1686 ], [ -90.8516, 47.16998 ], [ -90.84653, 47.17154 ], [ -90.84133, 47.17317 ], [ -90.83613, 47.1748 ], [ -90.83097, 47.17645 ], [ -90.82564, 47.17815 ], [ -90.82056, 47.17977 ], [ -90.81548, 47.18138 ], [ -90.80959, 47.18321 ], [ -90.80442, 47.1848 ], [ -90.80001, 47.18616 ], [ -90.79487, 47.18777 ], [ -90.78966, 47.18939 ], [ -90.78434, 47.19058 ], [ -90.77881, 47.19144 ], [ -90.77344, 47.19225 ], [ -90.76799, 47.19308 ], [ -90.76329, 47.19381 ], [ -90.7579, 47.19463 ], [ -90.75238, 47.19548 ], [ -90.7468, 47.1963 ], [ -90.74134, 47.19709 ], [ -90.73574, 47.19791 ], [ -90.73028, 47.19872 ], [ -90.72539, 47.19945 ], [ -90.71992, 47.20026 ], [ -90.71447, 47.20107 ], [ -90.70893, 47.2019 ], [ -90.70331, 47.20272 ], [ -90.69771, 47.20356 ], [ -90.69298, 47.20429 ], [ -90.68755, 47.20511 ], [ -90.68211, 47.20592 ], [ -90.67658, 47.20672 ], [ -90.67097, 47.20752 ], [ -90.66545, 47.20834 ], [ -90.65986, 47.20918 ], [ -90.65444, 47.21001 ], [ -90.64902, 47.21084 ], [ -90.64344, 47.21168 ], [ -90.63796, 47.21251 ], [ -90.63246, 47.21332 ], [ -90.62695, 47.21414 ], [ -90.62146, 47.21498 ], [ -90.61596, 47.21582 ], [ -90.61046, 47.21665 ], [ -90.60493, 47.21747 ], [ -90.59942, 47.21828 ], [ -90.59397, 47.21909 ], [ -90.58829, 47.21995 ], [ -90.58292, 47.22075 ], [ -90.5773, 47.2216 ], [ -90.57177, 47.22246 ], [ -90.56624, 47.22327 ], [ -90.56072, 47.2241 ], [ -90.55518, 47.22494 ], [ -90.54965, 47.22577 ], [ -90.54421, 47.2266 ], [ -90.53861, 47.22748 ], [ -90.53239, 47.22847 ], [ -90.5268, 47.22928 ], [ -90.52128, 47.23007 ], [ -90.51736, 47.23067 ], [ -90.51187, 47.23151 ], [ -90.50639, 47.23235 ], [ -90.5009, 47.23319 ], [ -90.4955, 47.23401 ], [ -90.48994, 47.23483 ], [ -90.48524, 47.23553 ], [ -90.47977, 47.23638 ], [ -90.4742, 47.23721 ], [ -90.46887, 47.238 ], [ -90.46337, 47.2388 ], [ -90.45788, 47.23958 ], [ -90.4523, 47.24042 ], [ -90.44681, 47.24124 ], [ -90.44131, 47.24207 ], [ -90.43581, 47.24291 ], [ -90.43022, 47.24375 ], [ -90.42479, 47.24455 ], [ -90.41929, 47.24534 ], [ -90.41377, 47.24612 ], [ -90.40834, 47.24694 ], [ -90.40354, 47.24765 ], [ -90.39811, 47.24845 ], [ -90.39259, 47.24927 ], [ -90.38699, 47.2501 ], [ -90.38156, 47.25093 ], [ -90.37606, 47.25173 ], [ -90.37046, 47.25254 ], [ -90.36566, 47.25328 ], [ -90.35945, 47.2542 ], [ -90.35465, 47.25491 ], [ -90.34931, 47.25572 ], [ -90.34379, 47.2565 ], [ -90.33899, 47.25719 ], [ -90.33356, 47.25798 ], [ -90.32869, 47.25869 ], [ -90.32336, 47.25949 ], [ -90.31772, 47.26035 ], [ -90.3123, 47.26116 ], [ -90.30683, 47.26198 ], [ -90.30215, 47.2627 ], [ -90.29667, 47.26351 ], [ -90.29118, 47.26432 ], [ -90.28576, 47.26512 ], [ -90.28021, 47.26596 ], [ -90.2748, 47.26676 ], [ -90.26915, 47.26758 ], [ -90.26375, 47.26838 ], [ -90.25826, 47.26922 ], [ -90.25288, 47.27002 ], [ -90.2474, 47.27083 ], [ -90.24184, 47.27164 ], [ -90.23642, 47.27242 ], [ -90.23556, 47.27255 ], [ -90.23004, 47.27333 ], [ -90.22525, 47.27404 ], [ -90.21984, 47.27486 ], [ -90.21434, 47.2757 ], [ -90.20894, 47.27652 ], [ -90.20347, 47.27732 ], [ -90.19798, 47.27817 ], [ -90.19234, 47.27901 ], [ -90.18702, 47.2798 ], [ -90.18146, 47.2806 ], [ -90.17605, 47.28136 ], [ -90.16979, 47.2823 ], [ -90.16416, 47.28314 ], [ -90.15877, 47.28394 ], [ -90.1533, 47.28475 ], [ -90.14855, 47.28546 ], [ -90.14322, 47.28626 ], [ -90.13697, 47.28718 ], [ -90.13153, 47.288 ], [ -90.12607, 47.28882 ], [ -90.12055, 47.28964 ], [ -90.1151, 47.29046 ], [ -90.11034, 47.29117 ], [ -90.10506, 47.29195 ], [ -90.10031, 47.29265 ], [ -90.09488, 47.29347 ], [ -90.08945, 47.29429 ], [ -90.0841, 47.29508 ], [ -90.07857, 47.29589 ], [ -90.07325, 47.2967 ], [ -90.06781, 47.2975 ], [ -90.06239, 47.29829 ], [ -90.05689, 47.29913 ], [ -90.05153, 47.29995 ], [ -90.04611, 47.30073 ], [ -90.04063, 47.30152 ], [ -90.03521, 47.30231 ], [ -90.02981, 47.30313 ], [ -90.02438, 47.30393 ], [ -90.01905, 47.30473 ], [ -90.01271, 47.30567 ], [ -90.00656, 47.30657 ], [ -90.00115, 47.30734 ], [ -89.99581, 47.30812 ], [ -89.9903, 47.30895 ], [ -89.98503, 47.30976 ], [ -89.97964, 47.31055 ], [ -89.97415, 47.31137 ], [ -89.96879, 47.31219 ], [ -89.96341, 47.31299 ], [ -89.958, 47.31378 ], [ -89.95562, 47.31413 ], [ -89.9504, 47.31491 ], [ -89.94494, 47.31574 ], [ -89.93957, 47.31656 ], [ -89.93495, 47.31724 ], [ -89.92947, 47.31801 ], [ -89.92421, 47.31877 ], [ -89.91876, 47.3196 ], [ -89.91343, 47.32041 ], [ -89.90798, 47.32123 ], [ -89.9025, 47.32203 ], [ -89.89785, 47.32271 ], [ -89.89254, 47.3235 ], [ -89.88723, 47.32431 ], [ -89.88178, 47.32514 ], [ -89.87629, 47.32595 ], [ -89.87167, 47.32663 ], [ -89.86643, 47.3274 ], [ -89.86103, 47.32821 ], [ -89.8556, 47.32906 ], [ -89.85018, 47.32988 ], [ -89.84475, 47.33067 ], [ -89.83936, 47.33145 ], [ -89.83396, 47.33227 ], [ -89.82846, 47.3331 ], [ -89.82312, 47.33387 ], [ -89.8177, 47.3347 ], [ -89.8123, 47.33552 ], [ -89.80688, 47.33629 ], [ -89.80147, 47.33709 ], [ -89.79607, 47.3379 ], [ -89.79066, 47.33868 ], [ -89.78525, 47.33948 ], [ -89.77982, 47.34027 ], [ -89.77442, 47.34111 ], [ -89.76902, 47.34194 ], [ -89.7644, 47.34263 ], [ -89.75908, 47.3434 ], [ -89.75364, 47.34421 ], [ -89.74834, 47.345 ], [ -89.74288, 47.3458 ], [ -89.7375, 47.34659 ], [ -89.73205, 47.3474 ], [ -89.72678, 47.34821 ], [ -89.72148, 47.34901 ], [ -89.71612, 47.34985 ], [ -89.71059, 47.35066 ], [ -89.70539, 47.35141 ], [ -89.70001, 47.35219 ], [ -89.69532, 47.35285 ], [ -89.68994, 47.35365 ], [ -89.68457, 47.35446 ], [ -89.67921, 47.35528 ], [ -89.67767, 47.35551 ], [ -89.67229, 47.35631 ], [ -89.66692, 47.35712 ], [ -89.66155, 47.35792 ], [ -89.65609, 47.35876 ], [ -89.65088, 47.35956 ], [ -89.64542, 47.36038 ], [ -89.64004, 47.3612 ], [ -89.63472, 47.36201 ], [ -89.62918, 47.36284 ], [ -89.62393, 47.3636 ], [ -89.61844, 47.3644 ], [ -89.61305, 47.36524 ], [ -89.60767, 47.36608 ], [ -89.60226, 47.36685 ], [ -89.59681, 47.36768 ], [ -89.59072, 47.36863 ], [ -89.58532, 47.36944 ], [ -89.58, 47.37022 ], [ -89.5753, 47.37093 ], [ -89.56981, 47.37171 ], [ -89.56517, 47.37239 ], [ -89.55992, 47.37316 ], [ -89.55442, 47.37398 ], [ -89.549, 47.37478 ], [ -89.54426, 47.37546 ], [ -89.53901, 47.37625 ], [ -89.53342, 47.3771 ], [ -89.528, 47.37793 ], [ -89.52273, 47.3787 ], [ -89.51721, 47.37953 ], [ -89.51257, 47.38022 ], [ -89.50726, 47.38104 ], [ -89.50168, 47.38189 ], [ -89.49642, 47.38267 ], [ -89.49093, 47.38347 ], [ -89.48551, 47.38428 ], [ -89.48009, 47.38508 ], [ -89.47461, 47.38589 ], [ -89.46937, 47.38667 ], [ -89.46382, 47.38752 ], [ -89.45851, 47.38831 ], [ -89.45301, 47.38912 ], [ -89.44777, 47.38988 ], [ -89.44222, 47.39067 ], [ -89.43619, 47.39156 ], [ -89.43081, 47.39234 ], [ -89.42463, 47.39322 ], [ -89.41923, 47.39399 ], [ -89.41383, 47.3948 ], [ -89.40829, 47.39565 ], [ -89.40295, 47.39645 ], [ -89.40071, 47.39679 ], [ -89.39599, 47.39747 ], [ -89.38975, 47.39841 ], [ -89.38441, 47.39918 ], [ -89.37908, 47.39999 ], [ -89.37354, 47.40083 ], [ -89.36823, 47.40161 ], [ -89.36284, 47.40238 ], [ -89.35747, 47.40316 ], [ -89.35211, 47.40398 ], [ -89.34682, 47.40476 ], [ -89.34136, 47.40556 ], [ -89.33601, 47.40635 ], [ -89.33066, 47.40716 ], [ -89.32529, 47.40795 ], [ -89.31995, 47.40874 ], [ -89.31461, 47.40955 ], [ -89.30918, 47.41034 ], [ -89.30393, 47.41112 ], [ -89.29858, 47.41192 ], [ -89.29333, 47.41271 ], [ -89.28785, 47.41352 ], [ -89.28259, 47.41428 ], [ -89.27724, 47.41506 ], [ -89.27191, 47.41582 ], [ -89.26667, 47.41658 ], [ -89.26201, 47.41725 ], [ -89.25674, 47.41803 ], [ -89.25138, 47.41885 ], [ -89.24599, 47.4197 ], [ -89.24068, 47.42049 ], [ -89.23529, 47.42128 ], [ -89.22984, 47.42209 ], [ -89.22455, 47.42289 ], [ -89.2191, 47.42373 ], [ -89.21447, 47.42442 ], [ -89.20907, 47.42523 ], [ -89.20367, 47.42604 ], [ -89.19825, 47.42686 ], [ -89.19274, 47.42768 ], [ -89.18741, 47.42846 ], [ -89.18204, 47.42927 ], [ -89.17655, 47.43006 ], [ -89.17112, 47.43088 ], [ -89.16562, 47.4317 ], [ -89.16033, 47.43248 ], [ -89.15481, 47.43329 ], [ -89.14946, 47.43407 ], [ -89.14388, 47.43489 ], [ -89.13851, 47.43568 ], [ -89.13318, 47.43649 ], [ -89.12759, 47.43733 ], [ -89.12292, 47.43802 ], [ -89.11755, 47.43883 ], [ -89.11211, 47.43964 ], [ -89.10673, 47.44047 ], [ -89.10122, 47.44128 ], [ -89.09585, 47.44208 ], [ -89.09032, 47.44291 ], [ -89.08562, 47.44361 ], [ -89.08016, 47.44445 ], [ -89.0747, 47.4453 ], [ -89.06923, 47.44617 ], [ -89.06366, 47.44698 ], [ -89.05818, 47.44779 ], [ -89.0527, 47.44861 ], [ -89.04736, 47.44938 ], [ -89.04181, 47.45021 ], [ -89.03641, 47.45101 ], [ -89.03086, 47.45181 ], [ -89.0261, 47.45255 ], [ -89.02079, 47.45335 ], [ -89.01531, 47.45418 ], [ -89.00984, 47.45501 ], [ -89.00429, 47.45583 ], [ -88.99875, 47.45665 ], [ -88.99329, 47.45745 ], [ -88.98798, 47.45823 ], [ -88.98251, 47.45902 ], [ -88.97775, 47.45972 ], [ -88.9723, 47.46054 ], [ -88.96754, 47.46128 ], [ -88.96218, 47.46212 ], [ -88.95666, 47.46295 ], [ -88.95129, 47.46375 ], [ -88.94586, 47.46455 ], [ -88.9405, 47.46534 ], [ -88.93506, 47.46616 ], [ -88.92955, 47.46698 ], [ -88.92404, 47.4678 ], [ -88.91871, 47.46858 ], [ -88.9133, 47.4694 ], [ -88.90792, 47.4702 ], [ -88.90251, 47.47101 ], [ -88.89712, 47.4718 ], [ -88.8917, 47.4726 ], [ -88.88635, 47.47339 ], [ -88.88085, 47.47418 ], [ -88.87552, 47.47499 ], [ -88.87004, 47.47583 ], [ -88.86461, 47.47668 ], [ -88.85918, 47.47749 ], [ -88.85367, 47.47828 ], [ -88.84823, 47.47906 ], [ -88.84355, 47.47973 ], [ -88.83818, 47.4805 ], [ -88.83264, 47.48136 ], [ -88.82718, 47.48215 ], [ -88.82181, 47.48294 ], [ -88.81644, 47.48374 ], [ -88.81088, 47.48456 ], [ -88.80541, 47.48534 ], [ -88.79994, 47.48613 ], [ -88.79439, 47.48695 ], [ -88.78899, 47.48774 ], [ -88.7836, 47.48854 ], [ -88.77814, 47.48936 ], [ -88.7725, 47.4902 ], [ -88.76704, 47.49103 ], [ -88.76163, 47.4918 ], [ -88.75615, 47.49259 ], [ -88.75076, 47.49343 ], [ -88.74511, 47.49432 ], [ -88.73978, 47.49513 ], [ -88.73489, 47.49585 ], [ -88.72946, 47.49666 ], [ -88.72394, 47.4975 ], [ -88.71848, 47.4983 ], [ -88.71284, 47.49914 ], [ -88.7073, 47.49996 ], [ -88.70174, 47.50077 ], [ -88.69618, 47.50158 ], [ -88.69063, 47.50243 ], [ -88.68508, 47.50326 ], [ -88.67951, 47.50408 ], [ -88.67394, 47.50488 ], [ -88.66844, 47.50571 ], [ -88.66279, 47.50656 ], [ -88.65563, 47.50767 ], [ -88.65004, 47.50853 ], [ -88.64453, 47.50935 ], [ -88.63877, 47.5102 ], [ -88.63327, 47.511 ], [ -88.62766, 47.51181 ], [ -88.62287, 47.51252 ], [ -88.61729, 47.51336 ], [ -88.6117, 47.5142 ], [ -88.60609, 47.51503 ], [ -88.60041, 47.51588 ], [ -88.59487, 47.5167 ], [ -88.58926, 47.51752 ], [ -88.58356, 47.51837 ], [ -88.57792, 47.51922 ], [ -88.57228, 47.52006 ], [ -88.56671, 47.52085 ], [ -88.56189, 47.52156 ], [ -88.55703, 47.52227 ], [ -88.55138, 47.52311 ], [ -88.54581, 47.52394 ], [ -88.54005, 47.52479 ], [ -88.53445, 47.52562 ], [ -88.5287, 47.52649 ], [ -88.52303, 47.52733 ], [ -88.51735, 47.52817 ], [ -88.51168, 47.52902 ], [ -88.5059, 47.52986 ], [ -88.50038, 47.53066 ], [ -88.49546, 47.53145 ], [ -88.48986, 47.53231 ], [ -88.48417, 47.53314 ], [ -88.47923, 47.53386 ], [ -88.47355, 47.5347 ], [ -88.46788, 47.53554 ], [ -88.46229, 47.53639 ], [ -88.45654, 47.53726 ], [ -88.45077, 47.53811 ], [ -88.44525, 47.53894 ], [ -88.43956, 47.53975 ], [ -88.43366, 47.54063 ], [ -88.42808, 47.54144 ], [ -88.42236, 47.5423 ], [ -88.41663, 47.54316 ], [ -88.41167, 47.54391 ], [ -88.40612, 47.54471 ], [ -88.4003, 47.54556 ], [ -88.39459, 47.54641 ], [ -88.3889, 47.54728 ], [ -88.38318, 47.54811 ], [ -88.37746, 47.54891 ], [ -88.37176, 47.54976 ], [ -88.36613, 47.55061 ], [ -88.36044, 47.55148 ], [ -88.35466, 47.55238 ], [ -88.34897, 47.55324 ], [ -88.34337, 47.55409 ], [ -88.33837, 47.55482 ], [ -88.3327, 47.55568 ], [ -88.32703, 47.5565 ], [ -88.32128, 47.55732 ], [ -88.31641, 47.55801 ], [ -88.31002, 47.55893 ], [ -88.30438, 47.55983 ], [ -88.29873, 47.56069 ], [ -88.29315, 47.56154 ], [ -88.28745, 47.5624 ], [ -88.28183, 47.56324 ], [ -88.27622, 47.56407 ], [ -88.27061, 47.56487 ], [ -88.26661, 47.56544 ], [ -88.261, 47.56627 ], [ -88.2555, 47.56712 ], [ -88.24987, 47.56798 ], [ -88.24436, 47.56877 ], [ -88.23878, 47.5696 ], [ -88.23314, 47.57047 ], [ -88.22766, 47.57129 ], [ -88.22202, 47.57214 ], [ -88.21646, 47.57295 ], [ -88.21081, 47.57374 ], [ -88.20536, 47.57455 ], [ -88.20031, 47.57528 ], [ -88.19503, 47.57551 ], [ -88.18946, 47.57556 ], [ -88.18385, 47.57562 ], [ -88.17734, 47.57569 ], [ -88.1718, 47.57574 ], [ -88.16617, 47.57579 ], [ -88.16058, 47.57582 ], [ -88.15492, 47.57583 ], [ -88.14924, 47.57582 ], [ -88.14349, 47.57584 ], [ -88.13773, 47.57587 ], [ -88.13218, 47.5759 ], [ -88.1264, 47.57593 ], [ -88.12069, 47.57596 ], [ -88.11498, 47.57599 ], [ -88.10934, 47.576 ], [ -88.10354, 47.57601 ], [ -88.09864, 47.57605 ], [ -88.09291, 47.57609 ], [ -88.08721, 47.5761 ], [ -88.0814, 47.57612 ], [ -88.07583, 47.57612 ], [ -88.07012, 47.57613 ], [ -88.06434, 47.57617 ], [ -88.05872, 47.57621 ], [ -88.05293, 47.57617 ], [ -88.04724, 47.57617 ], [ -88.04164, 47.57619 ], [ -88.03588, 47.5762 ], [ -88.03018, 47.57622 ], [ -88.0245, 47.57622 ], [ -88.0189, 47.57622 ], [ -88.01311, 47.57621 ], [ -88.00736, 47.57622 ], [ -88.0018, 47.57624 ], [ -87.99622, 47.57625 ], [ -87.99129, 47.57624 ], [ -87.98556, 47.57623 ], [ -87.98, 47.57626 ], [ -87.9759, 47.57629 ], [ -87.97035, 47.57632 ], [ -87.96464, 47.57631 ], [ -87.95918, 47.57629 ], [ -87.95348, 47.57631 ], [ -87.94791, 47.57634 ], [ -87.94232, 47.57637 ], [ -87.93664, 47.57638 ], [ -87.93113, 47.57641 ], [ -87.92561, 47.57645 ], [ -87.92072, 47.57648 ], [ -87.91503, 47.57652 ], [ -87.9094, 47.57653 ], [ -87.90458, 47.57652 ], [ -87.89905, 47.57651 ], [ -87.89344, 47.57646 ], [ -87.88782, 47.57644 ], [ -87.88229, 47.57646 ], [ -87.87659, 47.57646 ], [ -87.87096, 47.57644 ], [ -87.86543, 47.57643 ], [ -87.85983, 47.57646 ], [ -87.85413, 47.57648 ], [ -87.84854, 47.57649 ], [ -87.84295, 47.5765 ], [ -87.83726, 47.57651 ], [ -87.83162, 47.57652 ], [ -87.8261, 47.57652 ], [ -87.82049, 47.57652 ], [ -87.8149, 47.57654 ], [ -87.81002, 47.57653 ], [ -87.80441, 47.57652 ], [ -87.79895, 47.57652 ], [ -87.79327, 47.57653 ], [ -87.78766, 47.57654 ], [ -87.78278, 47.57658 ], [ -87.77731, 47.57663 ], [ -87.77239, 47.57669 ], [ -87.76675, 47.57675 ], [ -87.76118, 47.57679 ], [ -87.75629, 47.57679 ], [ -87.75059, 47.57679 ], [ -87.74506, 47.57679 ], [ -87.73954, 47.57679 ], [ -87.73385, 47.57675 ], [ -87.72821, 47.5767 ], [ -87.72258, 47.5767 ], [ -87.717, 47.5767 ], [ -87.71117, 47.5767 ], [ -87.70479, 47.57671 ], [ -87.69919, 47.57672 ], [ -87.69346, 47.57671 ], [ -87.68781, 47.57672 ], [ -87.68619, 47.57673 ], [ -87.68046, 47.57675 ], [ -87.67497, 47.57675 ], [ -87.66926, 47.57677 ], [ -87.66363, 47.57681 ], [ -87.658, 47.57684 ], [ -87.65238, 47.57687 ], [ -87.64677, 47.57685 ], [ -87.64113, 47.57682 ], [ -87.63557, 47.57681 ], [ -87.62984, 47.5768 ], [ -87.62409, 47.57686 ], [ -87.61841, 47.57689 ], [ -87.61281, 47.57691 ], [ -87.6072, 47.5769 ], [ -87.60141, 47.5769 ], [ -87.59565, 47.57689 ], [ -87.59068, 47.57648 ], [ -87.58571, 47.57526 ], [ -87.58071, 47.57374 ], [ -87.57555, 47.57229 ], [ -87.57113, 47.57108 ], [ -87.56602, 47.56968 ], [ -87.56093, 47.56823 ], [ -87.55568, 47.56673 ], [ -87.5505, 47.56526 ], [ -87.54526, 47.56376 ], [ -87.54019, 47.56227 ], [ -87.53504, 47.56076 ], [ -87.52993, 47.55932 ], [ -87.52534, 47.55803 ], [ -87.52027, 47.55655 ], [ -87.5152, 47.55506 ], [ -87.51006, 47.55356 ], [ -87.50482, 47.55205 ], [ -87.49964, 47.55057 ], [ -87.49446, 47.54909 ], [ -87.48855, 47.54738 ], [ -87.48337, 47.54588 ], [ -87.47811, 47.54438 ], [ -87.47301, 47.5429 ], [ -87.46776, 47.54137 ], [ -87.46266, 47.53986 ], [ -87.45748, 47.53836 ], [ -87.45239, 47.53687 ], [ -87.44715, 47.53535 ], [ -87.4419, 47.53381 ], [ -87.43681, 47.53232 ], [ -87.4316, 47.53083 ], [ -87.42639, 47.52935 ], [ -87.42118, 47.52787 ], [ -87.4159, 47.52634 ], [ -87.41302, 47.5255 ], [ -87.40791, 47.52402 ], [ -87.40273, 47.52251 ], [ -87.39739, 47.52096 ], [ -87.39237, 47.51947 ], [ -87.38721, 47.51795 ], [ -87.38201, 47.51644 ], [ -87.37681, 47.51496 ], [ -87.37225, 47.51366 ], [ -87.36708, 47.51213 ], [ -87.36187, 47.51061 ], [ -87.35668, 47.50908 ], [ -87.35141, 47.50755 ], [ -87.34634, 47.5061 ], [ -87.34114, 47.50461 ], [ -87.33594, 47.5031 ], [ -87.3307, 47.50157 ], [ -87.3256, 47.50009 ], [ -87.32111, 47.49877 ], [ -87.31593, 47.49726 ], [ -87.31085, 47.49577 ], [ -87.30563, 47.49424 ], [ -87.30052, 47.49275 ], [ -87.29519, 47.49121 ], [ -87.29011, 47.48972 ], [ -87.28494, 47.48822 ], [ -87.27971, 47.48672 ], [ -87.27463, 47.48523 ], [ -87.26941, 47.48371 ], [ -87.26427, 47.48221 ], [ -87.25929, 47.48072 ], [ -87.25415, 47.4792 ], [ -87.24899, 47.47774 ], [ -87.24383, 47.47627 ], [ -87.23868, 47.47477 ], [ -87.23348, 47.47322 ], [ -87.22843, 47.47174 ], [ -87.22319, 47.47025 ], [ -87.21795, 47.46877 ], [ -87.2129, 47.4673 ], [ -87.20786, 47.46579 ], [ -87.20267, 47.46426 ], [ -87.19757, 47.46277 ], [ -87.19251, 47.4613 ], [ -87.18731, 47.45979 ], [ -87.18225, 47.45833 ], [ -87.17708, 47.4568 ], [ -87.17194, 47.4553 ], [ -87.16686, 47.45384 ], [ -87.1617, 47.45235 ], [ -87.15648, 47.45083 ], [ -87.15128, 47.44931 ], [ -87.14766, 47.44828 ], [ -87.14243, 47.44676 ], [ -87.13737, 47.44528 ], [ -87.13225, 47.44376 ], [ -87.12713, 47.44225 ], [ -87.12207, 47.44076 ], [ -87.11695, 47.43926 ], [ -87.11177, 47.43775 ], [ -87.10664, 47.43626 ], [ -87.10153, 47.43476 ], [ -87.09642, 47.43325 ], [ -87.09137, 47.43176 ], [ -87.08618, 47.43024 ], [ -87.08115, 47.42875 ], [ -87.076, 47.42726 ], [ -87.07086, 47.42579 ], [ -87.06565, 47.42425 ], [ -87.0604, 47.42271 ], [ -87.05539, 47.42126 ], [ -87.05021, 47.41976 ], [ -87.04565, 47.41842 ], [ -87.04054, 47.41693 ], [ -87.03529, 47.41541 ], [ -87.03025, 47.41394 ], [ -87.02576, 47.41262 ], [ -87.02059, 47.41112 ], [ -87.01543, 47.40961 ], [ -87.01028, 47.40807 ], [ -87.00512, 47.40654 ], [ -87.00003, 47.40505 ], [ -86.99477, 47.40352 ], [ -86.98968, 47.40203 ], [ -86.98452, 47.40052 ], [ -86.97925, 47.399 ], [ -86.97416, 47.39752 ], [ -86.96819, 47.39576 ], [ -86.96304, 47.39424 ], [ -86.9579, 47.39274 ], [ -86.95267, 47.39122 ], [ -86.9476, 47.38973 ], [ -86.94181, 47.38803 ], [ -86.93659, 47.38647 ], [ -86.93145, 47.38495 ], [ -86.9263, 47.38345 ], [ -86.92117, 47.38194 ], [ -86.91611, 47.38047 ], [ -86.91091, 47.37898 ], [ -86.9057, 47.37751 ], [ -86.90066, 47.37608 ], [ -86.89561, 47.37465 ], [ -86.89041, 47.37315 ], [ -86.88523, 47.37163 ], [ -86.88311, 47.37101 ], [ -86.87795, 47.3695 ], [ -86.87298, 47.36803 ], [ -86.86769, 47.3665 ], [ -86.86332, 47.36524 ], [ -86.85833, 47.36379 ], [ -86.8539, 47.36247 ], [ -86.84886, 47.36098 ], [ -86.84373, 47.35948 ], [ -86.83779, 47.35777 ], [ -86.83267, 47.35628 ], [ -86.8276, 47.35481 ], [ -86.82238, 47.35329 ], [ -86.81717, 47.35177 ], [ -86.8122, 47.35029 ], [ -86.80708, 47.34875 ], [ -86.80112, 47.34702 ], [ -86.79597, 47.34555 ], [ -86.79082, 47.34408 ], [ -86.78568, 47.34257 ], [ -86.78054, 47.34109 ], [ -86.77541, 47.33958 ], [ -86.77027, 47.33807 ], [ -86.76514, 47.33656 ], [ -86.76006, 47.33508 ], [ -86.75419, 47.33335 ], [ -86.74904, 47.33185 ], [ -86.74388, 47.33037 ], [ -86.73872, 47.32887 ], [ -86.73351, 47.32734 ], [ -86.72769, 47.32563 ], [ -86.72247, 47.32408 ], [ -86.71741, 47.32258 ], [ -86.7121, 47.32102 ], [ -86.707, 47.31956 ], [ -86.7019, 47.31808 ], [ -86.69742, 47.31677 ], [ -86.69232, 47.3153 ], [ -86.68707, 47.31377 ], [ -86.68191, 47.31224 ], [ -86.67675, 47.31073 ], [ -86.67158, 47.30922 ], [ -86.66642, 47.30771 ], [ -86.66133, 47.30623 ], [ -86.65619, 47.3047 ], [ -86.65103, 47.30321 ], [ -86.64574, 47.30165 ], [ -86.64069, 47.30017 ], [ -86.63562, 47.29868 ], [ -86.63047, 47.29721 ], [ -86.62528, 47.2957 ], [ -86.62023, 47.29423 ], [ -86.61862, 47.29376 ], [ -86.61357, 47.29227 ], [ -86.60856, 47.29078 ], [ -86.60411, 47.28949 ], [ -86.59902, 47.28802 ], [ -86.59396, 47.28652 ], [ -86.58893, 47.28499 ], [ -86.58387, 47.28351 ], [ -86.57873, 47.28202 ], [ -86.57375, 47.28057 ], [ -86.56869, 47.2791 ], [ -86.56356, 47.27761 ], [ -86.55855, 47.27618 ], [ -86.55349, 47.27472 ], [ -86.54846, 47.27324 ], [ -86.54343, 47.27175 ], [ -86.53838, 47.27028 ], [ -86.53329, 47.26879 ], [ -86.52897, 47.26755 ], [ -86.52393, 47.26611 ], [ -86.519, 47.26465 ], [ -86.514, 47.26317 ], [ -86.50905, 47.26173 ], [ -86.5039, 47.26022 ], [ -86.49889, 47.25877 ], [ -86.49393, 47.25735 ], [ -86.48885, 47.25587 ], [ -86.48399, 47.25444 ], [ -86.47963, 47.25316 ], [ -86.47464, 47.25168 ], [ -86.46972, 47.25022 ], [ -86.4646, 47.24871 ], [ -86.45975, 47.24728 ], [ -86.45467, 47.24581 ], [ -86.44967, 47.24435 ], [ -86.44471, 47.24291 ], [ -86.43963, 47.24143 ], [ -86.43461, 47.23993 ], [ -86.42963, 47.2385 ], [ -86.42454, 47.23703 ], [ -86.41959, 47.23556 ], [ -86.41459, 47.23409 ], [ -86.40951, 47.23261 ], [ -86.40457, 47.23116 ], [ -86.3995, 47.22968 ], [ -86.39451, 47.22821 ], [ -86.38958, 47.22675 ], [ -86.3845, 47.22529 ], [ -86.37956, 47.22387 ], [ -86.37375, 47.22221 ], [ -86.36875, 47.22074 ], [ -86.36376, 47.21927 ], [ -86.3602, 47.21823 ], [ -86.35513, 47.21677 ], [ -86.35032, 47.21533 ], [ -86.34534, 47.21386 ], [ -86.34029, 47.21238 ], [ -86.33525, 47.21091 ], [ -86.33028, 47.20946 ], [ -86.32538, 47.20802 ], [ -86.32052, 47.20654 ], [ -86.3155, 47.20504 ], [ -86.31053, 47.20361 ], [ -86.30557, 47.20214 ], [ -86.30062, 47.20067 ], [ -86.29565, 47.1992 ], [ -86.29068, 47.19775 ], [ -86.2857, 47.19631 ], [ -86.28083, 47.19489 ], [ -86.2758, 47.1934 ], [ -86.27078, 47.19193 ], [ -86.26592, 47.19051 ], [ -86.26099, 47.18907 ], [ -86.25606, 47.18764 ], [ -86.25113, 47.18617 ], [ -86.24625, 47.18474 ], [ -86.24116, 47.18327 ], [ -86.2362, 47.18182 ], [ -86.23139, 47.18041 ], [ -86.22701, 47.17911 ], [ -86.22204, 47.17764 ], [ -86.21706, 47.17619 ], [ -86.21216, 47.17477 ], [ -86.20727, 47.17335 ], [ -86.20222, 47.17189 ], [ -86.19719, 47.17041 ], [ -86.19228, 47.16896 ], [ -86.18724, 47.16748 ], [ -86.18234, 47.16605 ], [ -86.17744, 47.16461 ], [ -86.17239, 47.16313 ], [ -86.16742, 47.16165 ], [ -86.16248, 47.16023 ], [ -86.15748, 47.15877 ], [ -86.1523, 47.15728 ], [ -86.14725, 47.15584 ], [ -86.14226, 47.15443 ], [ -86.13724, 47.15296 ], [ -86.13227, 47.1515 ], [ -86.12722, 47.15002 ], [ -86.12207, 47.14851 ], [ -86.11709, 47.14705 ], [ -86.11201, 47.14555 ], [ -86.10685, 47.14405 ], [ -86.10401, 47.14322 ], [ -86.09877, 47.1417 ], [ -86.0944, 47.14042 ], [ -86.08938, 47.13894 ], [ -86.08504, 47.13766 ], [ -86.07991, 47.13614 ], [ -86.07475, 47.13462 ], [ -86.0698, 47.13316 ], [ -86.06455, 47.13163 ], [ -86.05956, 47.13015 ], [ -86.05436, 47.12863 ], [ -86.04931, 47.12716 ], [ -86.04417, 47.12566 ], [ -86.03904, 47.12415 ], [ -86.03377, 47.12261 ], [ -86.02878, 47.12115 ], [ -86.02367, 47.11966 ], [ -86.01847, 47.11813 ], [ -86.01336, 47.11664 ], [ -86.0083, 47.11515 ], [ -86.00318, 47.11366 ], [ -85.99806, 47.11218 ], [ -85.99287, 47.11065 ], [ -85.98782, 47.1092 ], [ -85.98336, 47.1079 ], [ -85.97824, 47.10638 ], [ -85.97322, 47.10489 ], [ -85.96802, 47.10335 ], [ -85.96287, 47.10187 ], [ -85.95766, 47.10036 ], [ -85.9526, 47.09887 ], [ -85.94746, 47.09738 ], [ -85.94231, 47.09588 ], [ -85.93724, 47.09441 ], [ -85.93204, 47.09289 ], [ -85.92626, 47.09117 ], [ -85.92179, 47.08984 ], [ -85.91666, 47.08832 ], [ -85.91156, 47.08677 ], [ -85.90642, 47.08526 ], [ -85.90127, 47.08375 ], [ -85.89611, 47.08225 ], [ -85.89095, 47.08075 ], [ -85.88587, 47.07926 ], [ -85.8806, 47.0777 ], [ -85.87554, 47.07621 ], [ -85.8705, 47.0747 ], [ -85.86531, 47.07316 ], [ -85.86019, 47.07164 ], [ -85.85508, 47.0701 ], [ -85.85003, 47.06862 ], [ -85.84484, 47.0671 ], [ -85.83973, 47.0656 ], [ -85.83465, 47.06405 ], [ -85.82952, 47.06258 ], [ -85.82442, 47.06107 ], [ -85.81941, 47.05958 ], [ -85.81429, 47.05807 ], [ -85.80918, 47.05656 ], [ -85.80406, 47.05508 ], [ -85.79894, 47.0536 ], [ -85.79382, 47.05211 ], [ -85.78864, 47.05061 ], [ -85.78354, 47.04912 ], [ -85.77845, 47.04762 ], [ -85.77339, 47.0461 ], [ -85.76832, 47.0446 ], [ -85.76329, 47.04315 ], [ -85.7582, 47.04168 ], [ -85.75301, 47.04015 ], [ -85.74806, 47.0387 ], [ -85.74293, 47.03717 ], [ -85.73791, 47.03572 ], [ -85.73281, 47.03426 ], [ -85.72831, 47.03293 ], [ -85.7233, 47.03146 ], [ -85.7182, 47.02997 ], [ -85.71313, 47.02848 ], [ -85.70812, 47.02701 ], [ -85.70298, 47.02547 ], [ -85.69792, 47.02399 ], [ -85.69293, 47.02251 ], [ -85.68779, 47.02101 ], [ -85.68277, 47.01954 ], [ -85.67756, 47.018 ], [ -85.67253, 47.01654 ], [ -85.66745, 47.01503 ], [ -85.66238, 47.01351 ], [ -85.65735, 47.01204 ], [ -85.65282, 47.01073 ], [ -85.64778, 47.00927 ], [ -85.64259, 47.00776 ], [ -85.63759, 47.00625 ], [ -85.63255, 47.00477 ], [ -85.62736, 47.00325 ], [ -85.62234, 47.00177 ], [ -85.61714, 47.00028 ], [ -85.61204, 46.9988 ], [ -85.60701, 46.99731 ], [ -85.60188, 46.99581 ], [ -85.59663, 46.99425 ], [ -85.5916, 46.99275 ], [ -85.58649, 46.99121 ], [ -85.58144, 46.98971 ], [ -85.57842, 46.98884 ], [ -85.57252, 46.98713 ], [ -85.56736, 46.98563 ], [ -85.56228, 46.98414 ], [ -85.55706, 46.98258 ], [ -85.55198, 46.98108 ], [ -85.54674, 46.97954 ], [ -85.54155, 46.97804 ], [ -85.53571, 46.9763 ], [ -85.53047, 46.97475 ], [ -85.52535, 46.97326 ], [ -85.52002, 46.97168 ], [ -85.51489, 46.97016 ], [ -85.50972, 46.96862 ], [ -85.50461, 46.96706 ], [ -85.49932, 46.9655 ], [ -85.49413, 46.96396 ], [ -85.489, 46.96243 ], [ -85.4837, 46.96086 ], [ -85.47847, 46.95934 ], [ -85.47324, 46.95783 ], [ -85.46867, 46.95652 ], [ -85.4635, 46.95502 ], [ -85.4582, 46.95347 ], [ -85.45238, 46.95174 ], [ -85.44719, 46.95019 ], [ -85.44184, 46.94863 ], [ -85.4368, 46.94717 ], [ -85.43146, 46.94563 ], [ -85.42644, 46.94416 ], [ -85.42122, 46.94259 ], [ -85.41615, 46.94106 ], [ -85.41099, 46.93955 ], [ -85.40565, 46.93799 ], [ -85.40047, 46.93649 ], [ -85.39536, 46.93499 ], [ -85.39018, 46.93344 ], [ -85.38493, 46.93188 ], [ -85.37987, 46.93041 ], [ -85.37457, 46.92887 ], [ -85.36935, 46.92735 ], [ -85.3642, 46.92584 ], [ -85.3589, 46.92425 ], [ -85.35366, 46.92273 ], [ -85.34847, 46.92122 ], [ -85.34323, 46.91966 ], [ -85.33793, 46.91809 ], [ -85.33268, 46.91654 ], [ -85.32743, 46.915 ], [ -85.32226, 46.91347 ], [ -85.31694, 46.91191 ], [ -85.31181, 46.91036 ], [ -85.31099, 46.91011 ], [ -85.30566, 46.90854 ], [ -85.30056, 46.90706 ], [ -85.29523, 46.90549 ], [ -85.29001, 46.90392 ], [ -85.28477, 46.90236 ], [ -85.27952, 46.90084 ], [ -85.27426, 46.89934 ], [ -85.26898, 46.89781 ], [ -85.26381, 46.89629 ], [ -85.25853, 46.8947 ], [ -85.2533, 46.89316 ], [ -85.24806, 46.89165 ], [ -85.24222, 46.88992 ], [ -85.23705, 46.88835 ], [ -85.23187, 46.88683 ], [ -85.22663, 46.88529 ], [ -85.22146, 46.88379 ], [ -85.2164, 46.88228 ], [ -85.21122, 46.88073 ], [ -85.20604, 46.87919 ], [ -85.20098, 46.87773 ], [ -85.1959, 46.87623 ], [ -85.19089, 46.87472 ], [ -85.18582, 46.87324 ], [ -85.18064, 46.87174 ], [ -85.17547, 46.8702 ], [ -85.17037, 46.86872 ], [ -85.16544, 46.86724 ], [ -85.16038, 46.86571 ], [ -85.15452, 46.86398 ], [ -85.14953, 46.8625 ], [ -85.14448, 46.86099 ], [ -85.13918, 46.85941 ], [ -85.13406, 46.85795 ], [ -85.12889, 46.85644 ], [ -85.12379, 46.85497 ], [ -85.11855, 46.85348 ], [ -85.11339, 46.852 ], [ -85.10818, 46.85044 ], [ -85.10309, 46.84894 ], [ -85.09796, 46.84741 ], [ -85.09289, 46.84588 ], [ -85.08767, 46.84434 ], [ -85.08252, 46.84284 ], [ -85.07804, 46.84153 ], [ -85.07292, 46.84 ], [ -85.06793, 46.83853 ], [ -85.06262, 46.83698 ], [ -85.05756, 46.83547 ], [ -85.05241, 46.83396 ], [ -85.04725, 46.83244 ], [ -85.04584, 46.83202 ], [ -85.04132, 46.83069 ], [ -85.03606, 46.82912 ], [ -85.03099, 46.8276 ], [ -85.02567, 46.82603 ], [ -85.02051, 46.82452 ], [ -85.0151, 46.82292 ], [ -85.00998, 46.8214 ], [ -85.00454, 46.81976 ], [ -84.99937, 46.81824 ], [ -84.99397, 46.81667 ], [ -84.9894, 46.81534 ], [ -84.98415, 46.81381 ], [ -84.97886, 46.8122 ], [ -84.97353, 46.81062 ], [ -84.9682, 46.80904 ], [ -84.9627, 46.8074 ], [ -84.95741, 46.80587 ], [ -84.95207, 46.80426 ], [ -84.94679, 46.80265 ], [ -84.9419, 46.80116 ], [ -84.93774, 46.79924 ], [ -84.93433, 46.79651 ], [ -84.93125, 46.79341 ], [ -84.92811, 46.79012 ], [ -84.92493, 46.78688 ], [ -84.92177, 46.78362 ], [ -84.91852, 46.78023 ], [ -84.91534, 46.7769 ], [ -84.91211, 46.77351 ], [ -84.90887, 46.77005 ], [ -84.90606, 46.76707 ], [ -84.90282, 46.7636 ], [ -84.89957, 46.7602 ], [ -84.89621, 46.75668 ], [ -84.89287, 46.75321 ], [ -84.88956, 46.74972 ], [ -84.88622, 46.74625 ], [ -84.88287, 46.74277 ], [ -84.87954, 46.73931 ], [ -84.87623, 46.73587 ], [ -84.87284, 46.73251 ], [ -84.86958, 46.72916 ], [ -84.86651, 46.72583 ], [ -84.86336, 46.72243 ], [ -84.86012, 46.71905 ], [ -84.85701, 46.71582 ], [ -84.85432, 46.71299 ], [ -84.85117, 46.70971 ], [ -84.84802, 46.70645 ], [ -84.84493, 46.70326 ], [ -84.84178, 46.69995 ], [ -84.83872, 46.69673 ], [ -84.83782, 46.69581 ], [ -84.83466, 46.69259 ], [ -84.83144, 46.68925 ], [ -84.82844, 46.68606 ], [ -84.82533, 46.6828 ], [ -84.8222, 46.67956 ], [ -84.81898, 46.67628 ], [ -84.81628, 46.67351 ], [ -84.81309, 46.67024 ], [ -84.80999, 46.66706 ], [ -84.8064, 46.66338 ], [ -84.80319, 46.66009 ], [ -84.80019, 46.65693 ], [ -84.79752, 46.65412 ], [ -84.79435, 46.65083 ], [ -84.7912, 46.64757 ], [ -84.78814, 46.64434 ], [ -84.78495, 46.64103 ], [ -84.78225, 46.63824 ], [ -84.77912, 46.63496 ], [ -84.776, 46.6317 ], [ -84.77329, 46.62891 ], [ -84.77001, 46.6258 ], [ -84.76633, 46.62277 ], [ -84.76317, 46.62026 ], [ -84.75956, 46.61733 ], [ -84.75585, 46.61431 ], [ -84.75218, 46.61133 ], [ -84.74904, 46.60877 ], [ -84.7454, 46.60583 ], [ -84.7422, 46.60328 ], [ -84.73846, 46.60031 ], [ -84.73532, 46.59774 ], [ -84.73161, 46.5947 ], [ -84.72795, 46.5917 ], [ -84.7248, 46.58915 ], [ -84.72103, 46.58615 ], [ -84.71731, 46.58317 ], [ -84.71367, 46.58024 ], [ -84.70996, 46.57727 ], [ -84.70626, 46.5743 ], [ -84.70255, 46.57133 ], [ -84.69892, 46.5684 ], [ -84.69578, 46.56586 ], [ -84.69208, 46.56283 ], [ -84.68896, 46.5603 ], [ -84.68531, 46.55733 ], [ -84.68166, 46.55438 ], [ -84.67806, 46.55147 ], [ -84.67427, 46.54844 ], [ -84.67108, 46.54597 ], [ -84.66736, 46.54317 ], [ -84.6641, 46.54073 ], [ -84.6603, 46.5379 ], [ -84.65976, 46.5375 ], [ -84.65599, 46.53472 ], [ -84.6521, 46.53189 ], [ -84.64829, 46.52915 ], [ -84.64436, 46.52634 ], [ -84.64049, 46.52359 ], [ -84.63669, 46.52087 ], [ -84.63336, 46.5185 ], [ -84.6296, 46.51564 ], [ -84.62653, 46.51322 ], [ -84.62291, 46.51042 ], [ -84.61928, 46.5078 ], [ -84.61549, 46.50522 ], [ -84.61178, 46.50269 ], [ -84.60817, 46.49996 ], [ -84.60516, 46.49764 ], [ -84.60164, 46.49485 ], [ -84.59867, 46.49253 ], [ -84.59527, 46.48989 ], [ -84.59186, 46.48725 ], [ -84.58827, 46.48447 ], [ -84.58464, 46.48167 ], [ -84.58152, 46.47925 ], [ -84.57791, 46.4764 ], [ -84.57426, 46.47353 ], [ -84.5708, 46.4708 ], [ -84.56721, 46.46799 ], [ -84.56384, 46.46538 ], [ -84.5603, 46.46271 ], [ -84.55727, 46.46034 ], [ -84.55418, 46.45793 ], [ -84.55067, 46.45519 ], [ -84.54707, 46.45242 ], [ -84.54344, 46.45051 ], [ -84.53946, 46.44933 ], [ -84.5351, 46.4491 ], [ -84.53088, 46.44963 ], [ -84.52616, 46.45047 ], [ -84.52128, 46.45139 ], [ -84.51633, 46.45232 ], [ -84.51157, 46.4532 ], [ -84.50671, 46.45407 ], [ -84.50252, 46.45482 ], [ -84.49787, 46.45567 ], [ -84.49319, 46.45652 ], [ -84.48932, 46.45722 ], [ -84.48498, 46.45805 ], [ -84.48053, 46.45893 ], [ -84.47661, 46.45979 ], [ -84.47334, 46.46121 ], [ -84.4709, 46.46297 ], [ -84.46859, 46.46505 ], [ -84.46643, 46.4671 ], [ -84.46465, 46.46885 ], [ -84.46317, 46.47031 ], [ -84.46139, 46.47203 ], [ -84.45949, 46.47377 ], [ -84.45701, 46.47536 ], [ -84.45418, 46.47685 ], [ -84.4514, 46.47826 ], [ -84.44853, 46.47969 ], [ -84.44567, 46.48107 ], [ -84.4428, 46.48243 ], [ -84.43997, 46.48383 ], [ -84.43713, 46.48527 ], [ -84.43428, 46.48673 ], [ -84.43197, 46.48792 ], [ -84.42937, 46.48923 ], [ -84.42688, 46.4905 ], [ -84.42439, 46.49175 ], [ -84.4222, 46.49267 ], [ -84.41952, 46.49346 ], [ -84.41709, 46.49406 ], [ -84.41466, 46.49465 ], [ -84.4124, 46.49519 ], [ -84.41015, 46.49569 ], [ -84.40829, 46.49612 ], [ -84.40617, 46.49656 ], [ -84.40441, 46.49695 ], [ -84.40238, 46.49737 ], [ -84.40065, 46.49766 ], [ -84.3987, 46.49802 ], [ -84.39677, 46.49837 ], [ -84.39514, 46.49868 ], [ -84.39323, 46.49906 ], [ -84.39142, 46.49943 ], [ -84.38959, 46.4998 ], [ -84.38772, 46.50017 ], [ -84.38613, 46.50049 ], [ -84.38428, 46.50075 ], [ -84.3827, 46.50095 ], [ -84.38094, 46.50113 ], [ -84.37915, 46.5013 ], [ -84.37763, 46.50141 ], [ -84.37591, 46.50154 ], [ -84.37425, 46.50169 ], [ -84.37263, 46.50182 ], [ -84.37099, 46.50193 ], [ -84.36964, 46.50202 ], [ -84.36804, 46.50214 ], [ -84.36671, 46.50224 ], [ -84.36524, 46.50231 ], [ -84.36381, 46.5024 ], [ -84.36264, 46.50247 ], [ -84.36133, 46.50256 ], [ -84.36011, 46.50263 ], [ -84.35885, 46.50271 ], [ -84.35776, 46.50278 ], [ -84.35727, 46.5028 ], [ -84.35632, 46.50285 ], [ -84.35539, 46.50289 ], [ -84.35465, 46.50293 ], [ -84.35398, 46.50296 ], [ -84.35339, 46.50296 ], [ -84.35281, 46.50301 ], [ -84.35221, 46.50303 ], [ -84.35171, 46.50306 ], [ -84.35138, 46.50308 ], [ -84.35116, 46.50309 ], [ -84.35112, 46.50309 ], [ -84.35112, 46.50308 ], [ -84.35113, 46.50308 ], [ -84.35113, 46.50308 ], [ -84.35112, 46.50308 ], [ -84.35112, 46.50308 ], [ -84.35113, 46.50308 ], [ -84.35113, 46.50308 ], [ -84.35111, 46.50309 ], [ -84.35113, 46.50309 ], [ -84.35115, 46.50308 ], [ -84.35114, 46.50308 ], [ -84.35115, 46.50308 ], [ -84.35115, 46.50308 ], [ -84.35116, 46.50308 ], [ -84.35116, 46.50308 ], [ -84.35113, 46.50308 ], [ -84.35114, 46.50309 ], [ -84.35114, 46.50308 ], [ -84.3511, 46.50308 ], [ -84.35097, 46.50309 ], [ -84.35076, 46.50309 ], [ -84.3504, 46.50308 ], [ -84.35003, 46.50309 ], [ -84.34951, 46.5031 ], [ -84.34885, 46.50312 ], [ -84.34825, 46.50314 ], [ -84.34757, 46.50312 ], [ -84.34695, 46.5031 ], [ -84.34625, 46.50312 ], [ -84.34561, 46.50312 ], [ -84.34491, 46.50308 ], [ -84.34404, 46.50301 ], [ -84.34311, 46.50293 ], [ -84.34227, 46.50287 ], [ -84.34125, 46.50279 ], [ -84.34023, 46.50264 ], [ -84.33932, 46.50247 ], [ -84.33827, 46.50221 ], [ -84.33734, 46.50196 ], [ -84.33624, 46.50167 ], [ -84.33526, 46.50141 ], [ -84.3341, 46.50111 ], [ -84.33306, 46.50081 ], [ -84.33306, 46.50081 ], [ -84.33189, 46.50049 ], [ -84.33063, 46.50015 ], [ -84.3294, 46.49983 ], [ -84.32828, 46.49955 ], [ -84.32689, 46.49918 ], [ -84.32531, 46.49876 ], [ -84.32361, 46.49829 ], [ -84.32159, 46.49774 ], [ -84.31938, 46.49712 ], [ -84.31696, 46.49645 ], [ -84.31446, 46.49575 ], [ -84.31182, 46.49503 ], [ -84.30949, 46.4943 ], [ -84.30692, 46.49319 ], [ -84.30487, 46.49186 ], [ -84.30332, 46.49028 ], [ -84.30205, 46.48861 ], [ -84.30082, 46.48698 ], [ -84.29935, 46.48495 ], [ -84.29794, 46.48296 ], [ -84.29639, 46.48083 ], [ -84.29505, 46.47902 ], [ -84.2935, 46.47691 ], [ -84.29185, 46.47469 ], [ -84.29029, 46.47257 ], [ -84.28868, 46.47035 ], [ -84.28703, 46.46808 ], [ -84.2854, 46.46588 ], [ -84.2838, 46.46373 ], [ -84.28236, 46.46183 ], [ -84.28066, 46.45959 ], [ -84.27923, 46.45768 ], [ -84.27754, 46.45544 ], [ -84.27566, 46.45327 ], [ -84.27377, 46.45113 ], [ -84.27212, 46.44931 ], [ -84.27018, 46.44716 ], [ -84.26812, 46.44523 ], [ -84.26596, 46.44321 ], [ -84.26387, 46.44128 ], [ -84.26176, 46.43931 ], [ -84.25966, 46.43734 ], [ -84.25759, 46.43538 ], [ -84.25588, 46.43353 ], [ -84.25454, 46.43132 ], [ -84.2535, 46.4294 ], [ -84.2523, 46.42715 ], [ -84.25107, 46.42491 ], [ -84.24992, 46.42265 ], [ -84.24877, 46.42036 ], [ -84.24768, 46.41812 ], [ -84.24653, 46.41586 ], [ -84.2454, 46.4136 ], [ -84.24425, 46.41138 ], [ -84.24306, 46.40915 ], [ -84.24188, 46.40688 ], [ -84.24069, 46.40462 ], [ -84.23956, 46.40244 ], [ -84.23841, 46.40028 ], [ -84.23724, 46.39807 ], [ -84.23607, 46.39589 ], [ -84.23505, 46.39404 ], [ -84.23385, 46.39184 ], [ -84.23268, 46.38971 ], [ -84.23152, 46.38761 ], [ -84.23033, 46.38546 ], [ -84.22933, 46.38361 ], [ -84.22817, 46.38137 ], [ -84.22705, 46.37929 ], [ -84.22592, 46.37715 ], [ -84.22476, 46.37501 ], [ -84.2236, 46.37288 ], [ -84.22266, 46.37107 ], [ -84.22158, 46.36902 ], [ -84.22044, 46.36694 ], [ -84.21935, 46.36487 ], [ -84.21822, 46.36275 ], [ -84.21712, 46.36068 ], [ -84.21618, 46.3589 ], [ -84.21531, 46.35677 ], [ -84.21443, 46.35466 ], [ -84.21358, 46.35254 ], [ -84.2132, 46.35057 ], [ -84.21324, 46.34851 ], [ -84.21327, 46.34635 ], [ -84.21328, 46.34419 ], [ -84.21334, 46.34212 ], [ -84.21343, 46.33992 ], [ -84.21352, 46.33775 ], [ -84.21362, 46.33566 ], [ -84.2137, 46.33379 ], [ -84.21378, 46.33194 ], [ -84.21388, 46.32979 ], [ -84.21398, 46.32764 ], [ -84.21408, 46.32552 ], [ -84.21419, 46.32337 ], [ -84.21429, 46.32118 ], [ -84.21438, 46.31906 ], [ -84.21444, 46.31692 ], [ -84.21449, 46.31507 ], [ -84.21457, 46.31294 ], [ -84.21465, 46.31081 ], [ -84.21472, 46.30873 ], [ -84.21481, 46.30672 ], [ -84.21491, 46.30477 ], [ -84.21496, 46.30362 ], [ -84.21507, 46.30171 ], [ -84.21516, 46.2998 ], [ -84.21522, 46.29818 ], [ -84.21528, 46.29624 ], [ -84.21535, 46.29436 ], [ -84.21541, 46.29254 ], [ -84.2153, 46.29066 ], [ -84.21485, 46.28906 ], [ -84.21399, 46.28765 ], [ -84.2127, 46.28621 ], [ -84.21116, 46.28471 ], [ -84.20958, 46.28321 ], [ -84.20821, 46.2819 ], [ -84.20661, 46.28039 ], [ -84.20499, 46.27888 ], [ -84.20357, 46.27756 ], [ -84.20182, 46.27592 ], [ -84.20012, 46.27432 ], [ -84.19863, 46.27294 ], [ -84.19689, 46.27131 ], [ -84.19516, 46.26967 ], [ -84.19361, 46.26822 ], [ -84.1918, 46.26655 ], [ -84.18998, 46.26485 ], [ -84.18814, 46.26313 ], [ -84.1865, 46.26136 ], [ -84.18487, 46.25947 ], [ -84.18331, 46.25762 ], [ -84.18223, 46.25556 ], [ -84.1814, 46.25342 ], [ -84.18067, 46.25129 ], [ -84.17999, 46.24914 ], [ -84.17935, 46.24693 ], [ -84.17869, 46.24475 ], [ -84.17804, 46.24253 ], [ -84.17748, 46.24061 ], [ -84.17682, 46.23842 ], [ -84.17619, 46.23627 ], [ -84.17549, 46.23408 ], [ -84.17481, 46.23192 ], [ -84.17413, 46.22979 ], [ -84.17343, 46.22761 ], [ -84.17275, 46.22549 ], [ -84.17187, 46.22365 ], [ -84.17057, 46.22209 ], [ -84.16845, 46.22053 ], [ -84.16643, 46.21928 ], [ -84.16433, 46.21802 ], [ -84.16183, 46.21659 ], [ -84.15958, 46.21535 ], [ -84.15689, 46.21385 ], [ -84.15448, 46.21252 ], [ -84.15169, 46.21097 ], [ -84.15049, 46.21032 ], [ -84.14798, 46.20895 ], [ -84.14499, 46.20732 ], [ -84.14228, 46.20585 ], [ -84.13902, 46.20408 ], [ -84.13614, 46.20252 ], [ -84.13264, 46.20059 ], [ -84.12907, 46.19865 ], [ -84.12544, 46.19665 ], [ -84.12174, 46.1946 ], [ -84.11777, 46.1924 ], [ -84.1144, 46.19054 ], [ -84.11046, 46.18833 ], [ -84.1064, 46.18608 ], [ -84.10232, 46.1838 ], [ -84.09825, 46.18153 ], [ -84.09466, 46.17952 ], [ -84.09039, 46.17714 ], [ -84.08621, 46.1748 ], [ -84.08206, 46.17247 ], [ -84.07794, 46.17018 ], [ -84.07387, 46.16791 ], [ -84.06975, 46.16562 ], [ -84.06614, 46.16363 ], [ -84.06202, 46.16137 ], [ -84.0579, 46.1591 ], [ -84.05369, 46.1568 ], [ -84.04966, 46.1546 ], [ -84.04547, 46.15229 ], [ -84.04134, 46.15002 ], [ -84.0373, 46.14779 ], [ -84.03322, 46.14552 ], [ -84.02912, 46.14322 ], [ -84.02509, 46.14097 ], [ -84.02109, 46.13871 ], [ -84.0179, 46.13637 ], [ -84.01573, 46.13347 ], [ -84.01464, 46.13031 ], [ -84.01437, 46.12709 ], [ -84.01422, 46.12344 ], [ -84.0141, 46.11989 ], [ -84.01398, 46.11626 ], [ -84.01418, 46.1127 ], [ -84.01468, 46.10907 ], [ -84.01509, 46.10601 ], [ -84.01561, 46.10236 ], [ -84.01608, 46.0988 ], [ -84.0165, 46.0957 ], [ -84.01703, 46.09202 ], [ -84.01754, 46.08851 ], [ -84.01796, 46.08534 ], [ -84.01844, 46.08164 ], [ -84.0188, 46.0784 ], [ -84.0184, 46.07512 ], [ -84.01776, 46.07338 ], [ -84.01599, 46.07037 ], [ -84.01302, 46.06828 ], [ -84.0091, 46.06676 ], [ -84.00477, 46.06527 ], [ -84.00013, 46.06371 ], [ -83.99605, 46.06234 ], [ -83.99137, 46.06077 ], [ -83.98657, 46.05918 ], [ -83.98183, 46.05759 ], [ -83.97691, 46.05597 ], [ -83.97205, 46.05438 ], [ -83.96712, 46.05277 ], [ -83.96234, 46.05121 ], [ -83.95741, 46.04961 ], [ -83.95235, 46.04796 ], [ -83.94736, 46.04633 ], [ -83.94236, 46.0447 ], [ -83.93738, 46.04306 ], [ -83.93331, 46.04113 ], [ -83.93002, 46.03852 ], [ -83.9268, 46.03568 ], [ -83.92355, 46.03279 ], [ -83.92031, 46.02992 ], [ -83.91677, 46.02673 ], [ -83.91353, 46.02382 ], [ -83.91035, 46.02097 ], [ -83.90714, 46.01808 ], [ -83.90408, 46.01535 ], [ -83.90094, 46.01252 ], [ -83.8977, 46.00963 ], [ -83.89465, 46.00688 ], [ -83.89239, 46.00398 ], [ -83.89115, 46.00078 ], [ -83.89065, 45.99741 ], [ -83.89021, 45.99377 ], [ -83.88981, 45.9901 ], [ -83.89001, 45.98647 ], [ -83.89047, 45.98279 ], [ -83.89094, 45.97908 ], [ -83.89138, 45.97535 ], [ -83.89185, 45.97157 ], [ -83.89231, 45.96783 ], [ -83.89278, 45.96414 ], [ -83.89323, 45.96041 ], [ -83.89369, 45.9566 ], [ -83.89414, 45.95289 ], [ -83.8946, 45.94904 ], [ -83.89501, 45.94581 ], [ -83.8962, 45.94263 ], [ -83.89869, 45.94004 ], [ -83.90219, 45.93825 ], [ -83.9063, 45.93712 ], [ -83.90889, 45.93653 ], [ -83.91369, 45.93545 ], [ -83.91848, 45.93438 ], [ -83.92346, 45.93339 ], [ -83.9286, 45.93246 ], [ -83.9338, 45.93149 ], [ -83.9388, 45.93051 ], [ -83.94398, 45.92948 ], [ -83.94925, 45.92842 ], [ -83.95448, 45.92738 ], [ -83.95966, 45.92638 ], [ -83.96501, 45.92534 ], [ -83.97027, 45.9243 ], [ -83.9748, 45.92341 ], [ -83.98, 45.9224 ], [ -83.98536, 45.92134 ], [ -83.99063, 45.9203 ], [ -83.99585, 45.91925 ], [ -84.00112, 45.9182 ], [ -84.0064, 45.91712 ], [ -84.011, 45.91621 ], [ -84.01632, 45.91517 ], [ -84.0216, 45.91414 ], [ -84.02684, 45.91309 ], [ -84.03213, 45.91203 ], [ -84.03682, 45.91107 ], [ -84.04205, 45.91003 ], [ -84.04727, 45.90897 ], [ -84.05263, 45.90786 ], [ -84.05792, 45.90676 ], [ -84.06315, 45.90571 ], [ -84.0686, 45.90462 ], [ -84.07383, 45.90357 ], [ -84.07911, 45.90249 ], [ -84.08431, 45.90144 ], [ -84.08961, 45.9004 ], [ -84.09497, 45.89936 ], [ -84.10018, 45.89833 ], [ -84.10478, 45.89742 ], [ -84.11079, 45.8962 ], [ -84.11605, 45.89515 ], [ -84.12131, 45.89409 ], [ -84.12655, 45.89303 ], [ -84.13179, 45.89195 ], [ -84.13711, 45.89115 ], [ -84.14249, 45.89065 ], [ -84.14776, 45.8902 ], [ -84.15323, 45.88974 ], [ -84.15785, 45.88932 ], [ -84.16316, 45.88884 ], [ -84.16858, 45.88832 ], [ -84.17387, 45.88779 ], [ -84.1793, 45.88726 ], [ -84.18458, 45.88678 ], [ -84.18993, 45.8863 ], [ -84.19467, 45.88588 ], [ -84.19987, 45.88544 ], [ -84.20531, 45.88495 ], [ -84.21059, 45.88446 ], [ -84.21604, 45.88397 ], [ -84.22131, 45.88349 ], [ -84.22673, 45.88301 ], [ -84.23208, 45.88251 ], [ -84.23744, 45.882 ], [ -84.24278, 45.88151 ], [ -84.24812, 45.88102 ], [ -84.2527, 45.8806 ], [ -84.25804, 45.88014 ], [ -84.2634, 45.87969 ], [ -84.26948, 45.87917 ], [ -84.27474, 45.87865 ], [ -84.28014, 45.87816 ], [ -84.28547, 45.8777 ], [ -84.29079, 45.8772 ], [ -84.29604, 45.8767 ], [ -84.30146, 45.87622 ], [ -84.30672, 45.87575 ], [ -84.31145, 45.8753 ], [ -84.31602, 45.87487 ], [ -84.3213, 45.87442 ], [ -84.32666, 45.87397 ], [ -84.33194, 45.87351 ], [ -84.33739, 45.87302 ], [ -84.34277, 45.87254 ], [ -84.34821, 45.87205 ], [ -84.35349, 45.87156 ], [ -84.35886, 45.87107 ], [ -84.36416, 45.8706 ], [ -84.36962, 45.87013 ], [ -84.37493, 45.86966 ], [ -84.38031, 45.86915 ], [ -84.38579, 45.86865 ], [ -84.39118, 45.8682 ], [ -84.39665, 45.86773 ], [ -84.40197, 45.86727 ], [ -84.40735, 45.86674 ], [ -84.41266, 45.86626 ], [ -84.4182, 45.86578 ], [ -84.42351, 45.8653 ], [ -84.42889, 45.86483 ], [ -84.43427, 45.86436 ], [ -84.43956, 45.86389 ], [ -84.445, 45.8634 ], [ -84.45037, 45.8629 ], [ -84.45575, 45.86242 ], [ -84.46099, 45.86194 ], [ -84.46648, 45.86141 ], [ -84.47175, 45.8609 ], [ -84.47701, 45.86039 ], [ -84.48175, 45.85998 ], [ -84.48711, 45.85952 ], [ -84.4923, 45.85908 ], [ -84.49774, 45.85858 ], [ -84.5031, 45.85807 ], [ -84.50847, 45.8576 ], [ -84.51373, 45.85713 ], [ -84.51918, 45.85661 ], [ -84.52455, 45.85609 ], [ -84.52996, 45.85559 ], [ -84.53533, 45.85509 ], [ -84.54067, 45.8546 ], [ -84.54617, 45.85408 ], [ -84.55163, 45.85352 ], [ -84.55623, 45.85298 ], [ -84.56165, 45.85238 ], [ -84.56691, 45.85183 ], [ -84.5724, 45.85126 ], [ -84.57693, 45.8505 ], [ -84.58202, 45.84928 ], [ -84.58692, 45.84806 ], [ -84.59179, 45.84683 ], [ -84.59935, 45.8449 ], [ -84.60398, 45.84368 ], [ -84.60868, 45.84246 ], [ -84.61308, 45.8413 ], [ -84.61746, 45.84012 ], [ -84.62185, 45.83897 ], [ -84.62629, 45.83784 ], [ -84.6309, 45.83669 ], [ -84.63543, 45.83557 ], [ -84.64012, 45.83436 ], [ -84.64475, 45.83315 ], [ -84.64961, 45.83182 ], [ -84.65452, 45.83046 ], [ -84.65929, 45.8291 ], [ -84.66416, 45.82773 ], [ -84.66899, 45.82636 ], [ -84.67406, 45.82494 ], [ -84.67895, 45.82358 ], [ -84.68379, 45.82224 ], [ -84.68882, 45.82086 ], [ -84.69371, 45.81953 ], [ -84.69872, 45.81813 ], [ -84.70364, 45.81674 ], [ -84.70828, 45.81597 ], [ -84.71303, 45.81571 ], [ -84.71442, 45.81565 ], [ -84.71955, 45.81549 ], [ -84.72465, 45.81533 ], [ -84.72934, 45.81533 ], [ -84.73402, 45.81581 ], [ -84.739, 45.81638 ], [ -84.74481, 45.81703 ], [ -84.74976, 45.81768 ], [ -84.75472, 45.81837 ], [ -84.7598, 45.81901 ], [ -84.76498, 45.81962 ], [ -84.77012, 45.82026 ], [ -84.77527, 45.82091 ], [ -84.77978, 45.82146 ], [ -84.78483, 45.82209 ], [ -84.79013, 45.82275 ], [ -84.79537, 45.82338 ], [ -84.80055, 45.82402 ], [ -84.80587, 45.82467 ], [ -84.81113, 45.82532 ], [ -84.81637, 45.82599 ], [ -84.82089, 45.82658 ], [ -84.82617, 45.82726 ], [ -84.83143, 45.82793 ], [ -84.83664, 45.82857 ], [ -84.84193, 45.82918 ], [ -84.84737, 45.82986 ], [ -84.85258, 45.83053 ], [ -84.85779, 45.8312 ], [ -84.86242, 45.83178 ], [ -84.86772, 45.83244 ], [ -84.87301, 45.83309 ], [ -84.87841, 45.83373 ], [ -84.8836, 45.83434 ], [ -84.889, 45.83497 ], [ -84.89431, 45.83561 ], [ -84.89963, 45.8363 ], [ -84.90494, 45.83694 ], [ -84.91016, 45.83759 ], [ -84.91547, 45.83826 ], [ -84.92086, 45.8389 ], [ -84.92624, 45.83954 ], [ -84.93137, 45.8402 ], [ -84.93673, 45.84088 ], [ -84.942, 45.84152 ], [ -84.9473, 45.84216 ], [ -84.95254, 45.84277 ], [ -84.95802, 45.84341 ], [ -84.96318, 45.84404 ], [ -84.96858, 45.84472 ], [ -84.9739, 45.8454 ], [ -84.97923, 45.84604 ], [ -84.98379, 45.84661 ], [ -84.98905, 45.84729 ], [ -84.99445, 45.84796 ], [ -84.99978, 45.84862 ], [ -85.00504, 45.84928 ], [ -85.01036, 45.84992 ], [ -85.01578, 45.85058 ], [ -85.02105, 45.85122 ], [ -85.02639, 45.85189 ], [ -85.03179, 45.85255 ], [ -85.03706, 45.85318 ], [ -85.04242, 45.85386 ], [ -85.04784, 45.85453 ], [ -85.05326, 45.85517 ], [ -85.05846, 45.8558 ], [ -85.06381, 45.85647 ], [ -85.06923, 45.85713 ], [ -85.0745, 45.85776 ], [ -85.08, 45.85842 ], [ -85.08527, 45.85908 ], [ -85.09055, 45.85971 ], [ -85.0959, 45.86036 ], [ -85.10056, 45.86097 ], [ -85.10591, 45.86161 ], [ -85.11127, 45.86225 ], [ -85.11654, 45.86282 ], [ -85.12198, 45.86332 ], [ -85.12669, 45.86375 ], [ -85.132, 45.86427 ], [ -85.13737, 45.8648 ], [ -85.14273, 45.86533 ], [ -85.14801, 45.86582 ], [ -85.15344, 45.86635 ], [ -85.15872, 45.86686 ], [ -85.16405, 45.86736 ], [ -85.16935, 45.86785 ], [ -85.17462, 45.86834 ], [ -85.17987, 45.86881 ], [ -85.18521, 45.86931 ], [ -85.19048, 45.86976 ], [ -85.19568, 45.87025 ], [ -85.20099, 45.87071 ], [ -85.2064, 45.87122 ], [ -85.21175, 45.87172 ], [ -85.21634, 45.87215 ], [ -85.22168, 45.87268 ], [ -85.22695, 45.8732 ], [ -85.2323, 45.8737 ], [ -85.23696, 45.87415 ], [ -85.24229, 45.87468 ], [ -85.24764, 45.87518 ], [ -85.25306, 45.87568 ], [ -85.25826, 45.87616 ], [ -85.2591, 45.87624 ], [ -85.26444, 45.87672 ], [ -85.2698, 45.87719 ], [ -85.27515, 45.8777 ], [ -85.28048, 45.87822 ], [ -85.28581, 45.87872 ], [ -85.29104, 45.87915 ], [ -85.29637, 45.87968 ], [ -85.30244, 45.88027 ], [ -85.30771, 45.88075 ], [ -85.31315, 45.88124 ], [ -85.31857, 45.88176 ], [ -85.32384, 45.88228 ], [ -85.32922, 45.88277 ], [ -85.33451, 45.88324 ], [ -85.33993, 45.88372 ], [ -85.34524, 45.8842 ], [ -85.35056, 45.88471 ], [ -85.35579, 45.88518 ], [ -85.3611, 45.88567 ], [ -85.36649, 45.88621 ], [ -85.37193, 45.88671 ], [ -85.37722, 45.8872 ], [ -85.38251, 45.88768 ], [ -85.38805, 45.88817 ], [ -85.39334, 45.88862 ], [ -85.39879, 45.88915 ], [ -85.40339, 45.88958 ], [ -85.40871, 45.89009 ], [ -85.41407, 45.89055 ], [ -85.41933, 45.89102 ], [ -85.42465, 45.89152 ], [ -85.43003, 45.89208 ], [ -85.43525, 45.89256 ], [ -85.44069, 45.89306 ], [ -85.44597, 45.89355 ], [ -85.45118, 45.89402 ], [ -85.4558, 45.89444 ], [ -85.46108, 45.89496 ], [ -85.46558, 45.89526 ], [ -85.47065, 45.89516 ], [ -85.47598, 45.89501 ], [ -85.48126, 45.89493 ], [ -85.4866, 45.89484 ], [ -85.49181, 45.89474 ], [ -85.49713, 45.89465 ], [ -85.50243, 45.89451 ], [ -85.50694, 45.8944 ], [ -85.51222, 45.89415 ], [ -85.51749, 45.89398 ], [ -85.52215, 45.89384 ], [ -85.5276, 45.89368 ], [ -85.53283, 45.89352 ], [ -85.5382, 45.89334 ], [ -85.54287, 45.89319 ], [ -85.54816, 45.89307 ], [ -85.55348, 45.89295 ], [ -85.55879, 45.89276 ], [ -85.56408, 45.89247 ], [ -85.56946, 45.89218 ], [ -85.57425, 45.89176 ], [ -85.57846, 45.89048 ], [ -85.58245, 45.88893 ], [ -85.58707, 45.88717 ], [ -85.59104, 45.88568 ], [ -85.59563, 45.88394 ], [ -85.60033, 45.88217 ], [ -85.605, 45.88041 ], [ -85.60921, 45.87884 ], [ -85.61387, 45.87704 ], [ -85.61857, 45.87517 ], [ -85.62323, 45.87333 ], [ -85.62802, 45.87147 ], [ -85.63274, 45.86959 ], [ -85.6374, 45.86776 ], [ -85.64213, 45.86592 ], [ -85.64696, 45.86404 ], [ -85.65171, 45.86219 ], [ -85.65645, 45.86033 ], [ -85.66117, 45.85848 ], [ -85.6659, 45.85661 ], [ -85.67063, 45.85474 ], [ -85.6754, 45.85289 ], [ -85.68015, 45.85105 ], [ -85.68489, 45.84919 ], [ -85.6897, 45.8473 ], [ -85.6944, 45.84548 ], [ -85.69916, 45.84363 ], [ -85.70391, 45.84177 ], [ -85.70866, 45.83987 ], [ -85.71336, 45.83802 ], [ -85.71823, 45.83613 ], [ -85.72292, 45.83428 ], [ -85.72776, 45.83236 ], [ -85.73249, 45.83049 ], [ -85.73725, 45.82866 ], [ -85.74187, 45.82685 ], [ -85.74734, 45.82465 ], [ -85.75195, 45.8228 ], [ -85.75661, 45.82098 ], [ -85.7614, 45.81909 ], [ -85.76608, 45.81724 ], [ -85.77091, 45.81532 ], [ -85.77564, 45.81347 ], [ -85.77974, 45.81185 ], [ -85.78459, 45.80993 ], [ -85.78936, 45.80802 ], [ -85.79423, 45.8061 ], [ -85.79894, 45.80424 ], [ -85.80374, 45.80235 ], [ -85.80846, 45.80048 ], [ -85.81338, 45.79854 ], [ -85.81818, 45.79666 ], [ -85.82228, 45.79504 ], [ -85.82694, 45.79317 ], [ -85.83168, 45.79128 ], [ -85.83652, 45.78937 ], [ -85.8412, 45.78753 ], [ -85.84588, 45.7857 ], [ -85.85011, 45.78404 ], [ -85.85473, 45.78221 ], [ -85.85954, 45.78028 ], [ -85.86421, 45.7784 ], [ -85.86903, 45.77648 ], [ -85.87371, 45.77464 ], [ -85.87861, 45.7727 ], [ -85.88325, 45.77088 ], [ -85.8881, 45.76899 ], [ -85.89288, 45.76713 ], [ -85.89765, 45.76525 ], [ -85.90235, 45.76341 ], [ -85.90718, 45.76152 ], [ -85.91127, 45.75991 ], [ -85.91607, 45.758 ], [ -85.92075, 45.75615 ], [ -85.92542, 45.75429 ], [ -85.93021, 45.7524 ], [ -85.93496, 45.75053 ], [ -85.93965, 45.74869 ], [ -85.94445, 45.74682 ], [ -85.94912, 45.74502 ], [ -85.95386, 45.74319 ], [ -85.95797, 45.74157 ], [ -85.96272, 45.73968 ], [ -85.96728, 45.73786 ], [ -85.97198, 45.73602 ], [ -85.9767, 45.73419 ], [ -85.98081, 45.73259 ], [ -85.98547, 45.73077 ], [ -85.98958, 45.72917 ], [ -85.99424, 45.72736 ], [ -85.99904, 45.7255 ], [ -86.00367, 45.72368 ], [ -86.00838, 45.72181 ], [ -86.01315, 45.71991 ], [ -86.01779, 45.71808 ], [ -86.02255, 45.71621 ], [ -86.0239, 45.71567 ], [ -86.02853, 45.71384 ], [ -86.03265, 45.71223 ], [ -86.03736, 45.71038 ], [ -86.04142, 45.70881 ], [ -86.04605, 45.70698 ], [ -86.05081, 45.70508 ], [ -86.05545, 45.70322 ], [ -86.06016, 45.70134 ], [ -86.06494, 45.69943 ], [ -86.06965, 45.69755 ], [ -86.07437, 45.69567 ], [ -86.07918, 45.69378 ], [ -86.08383, 45.69196 ], [ -86.08854, 45.69008 ], [ -86.09318, 45.68822 ], [ -86.09794, 45.68631 ], [ -86.10167, 45.68422 ], [ -86.10413, 45.6815 ], [ -86.10505, 45.67868 ], [ -86.10559, 45.67561 ], [ -86.10636, 45.67269 ], [ -86.10756, 45.66936 ], [ -86.10898, 45.66581 ], [ -86.11042, 45.66234 ], [ -86.11195, 45.65882 ], [ -86.1135, 45.65532 ], [ -86.11511, 45.65174 ], [ -86.11652, 45.64858 ], [ -86.1179, 45.6455 ], [ -86.11949, 45.64196 ], [ -86.1209, 45.6389 ], [ -86.12256, 45.6353 ], [ -86.12393, 45.63221 ], [ -86.12552, 45.62857 ], [ -86.12713, 45.62502 ], [ -86.12879, 45.62141 ], [ -86.13047, 45.6178 ], [ -86.13216, 45.61414 ], [ -86.1338, 45.61058 ], [ -86.13551, 45.60693 ], [ -86.13716, 45.6033 ], [ -86.13882, 45.59969 ], [ -86.14024, 45.59658 ], [ -86.14197, 45.59292 ], [ -86.14367, 45.58933 ], [ -86.14534, 45.58571 ], [ -86.14694, 45.58219 ], [ -86.14854, 45.57852 ], [ -86.15008, 45.57481 ], [ -86.15161, 45.57127 ], [ -86.15325, 45.56755 ], [ -86.15481, 45.56398 ], [ -86.15636, 45.5604 ], [ -86.15636, 45.5604 ], [ -86.15775, 45.55725 ], [ -86.15933, 45.55357 ], [ -86.16067, 45.55046 ], [ -86.16218, 45.54688 ], [ -86.16373, 45.54321 ], [ -86.16524, 45.5397 ], [ -86.16678, 45.53603 ], [ -86.16828, 45.53242 ], [ -86.16975, 45.52879 ], [ -86.17122, 45.52517 ], [ -86.17272, 45.52156 ], [ -86.17424, 45.51795 ], [ -86.17576, 45.51436 ], [ -86.17728, 45.5108 ], [ -86.17878, 45.50714 ], [ -86.18022, 45.50357 ], [ -86.18172, 45.49984 ], [ -86.18319, 45.49629 ], [ -86.18468, 45.49263 ], [ -86.18612, 45.48905 ], [ -86.18756, 45.48549 ], [ -86.18909, 45.48179 ], [ -86.19054, 45.47826 ], [ -86.192, 45.47467 ], [ -86.19343, 45.47108 ], [ -86.19487, 45.46755 ], [ -86.19638, 45.46394 ], [ -86.19783, 45.46037 ], [ -86.19926, 45.45684 ], [ -86.20055, 45.45374 ], [ -86.20201, 45.45022 ], [ -86.20346, 45.44664 ], [ -86.20494, 45.44302 ], [ -86.2064, 45.43944 ], [ -86.20767, 45.43638 ], [ -86.20914, 45.43281 ], [ -86.21053, 45.42924 ], [ -86.21192, 45.42565 ], [ -86.21336, 45.42201 ], [ -86.21478, 45.41846 ], [ -86.21627, 45.41483 ], [ -86.21773, 45.4113 ], [ -86.21921, 45.4077 ], [ -86.22065, 45.40416 ], [ -86.22214, 45.40049 ], [ -86.22361, 45.39688 ], [ -86.22509, 45.39326 ], [ -86.22664, 45.3896 ], [ -86.22813, 45.38603 ], [ -86.22941, 45.38292 ], [ -86.23091, 45.37925 ], [ -86.23237, 45.37562 ], [ -86.23256, 45.37515 ], [ -86.23396, 45.37156 ], [ -86.23545, 45.36782 ], [ -86.23688, 45.36428 ], [ -86.2384, 45.36066 ], [ -86.23991, 45.35698 ], [ -86.24136, 45.35339 ], [ -86.24285, 45.34969 ], [ -86.24427, 45.34605 ], [ -86.24574, 45.34247 ], [ -86.24725, 45.33881 ], [ -86.24871, 45.33518 ], [ -86.25014, 45.33156 ], [ -86.25156, 45.328 ], [ -86.25308, 45.32435 ], [ -86.25457, 45.32077 ], [ -86.25604, 45.31724 ], [ -86.25748, 45.31363 ], [ -86.25891, 45.31004 ], [ -86.26043, 45.30642 ], [ -86.26195, 45.30285 ], [ -86.26343, 45.29928 ], [ -86.26469, 45.29621 ], [ -86.26615, 45.29264 ], [ -86.26758, 45.28907 ], [ -86.26899, 45.28549 ], [ -86.27039, 45.28191 ], [ -86.27179, 45.27832 ], [ -86.27324, 45.27479 ], [ -86.27473, 45.27123 ], [ -86.27599, 45.26811 ], [ -86.27737, 45.26456 ], [ -86.27882, 45.26092 ], [ -86.28032, 45.25736 ], [ -86.28176, 45.25378 ], [ -86.28322, 45.25021 ], [ -86.28466, 45.24662 ], [ -86.28612, 45.24305 ], [ -86.28736, 45.23997 ], [ -86.28886, 45.23635 ], [ -86.29012, 45.23327 ], [ -86.29157, 45.22973 ], [ -86.29303, 45.22613 ], [ -86.29445, 45.22254 ], [ -86.29592, 45.21889 ], [ -86.29734, 45.21539 ], [ -86.2988, 45.2118 ], [ -86.30027, 45.2081 ], [ -86.3017, 45.20461 ], [ -86.30318, 45.20103 ], [ -86.30464, 45.19739 ], [ -86.30605, 45.19385 ], [ -86.30757, 45.19016 ], [ -86.30906, 45.18659 ], [ -86.31046, 45.18311 ], [ -86.31192, 45.17949 ], [ -86.31337, 45.17592 ], [ -86.31483, 45.17241 ], [ -86.31631, 45.16885 ], [ -86.31781, 45.16517 ], [ -86.31923, 45.16167 ], [ -86.32066, 45.1581 ], [ -86.32215, 45.15449 ], [ -86.32342, 45.15144 ], [ -86.32486, 45.14794 ], [ -86.32608, 45.14489 ], [ -86.32753, 45.14127 ], [ -86.32895, 45.13777 ], [ -86.3304, 45.13426 ], [ -86.33188, 45.13059 ], [ -86.33329, 45.12703 ], [ -86.33452, 45.12397 ], [ -86.33591, 45.12051 ], [ -86.33734, 45.11697 ], [ -86.33881, 45.11334 ], [ -86.34023, 45.10978 ], [ -86.34169, 45.10618 ], [ -86.34314, 45.10263 ], [ -86.34459, 45.0992 ], [ -86.34604, 45.0956 ], [ -86.34746, 45.09205 ], [ -86.34892, 45.08851 ], [ -86.35033, 45.085 ], [ -86.35179, 45.08133 ], [ -86.35319, 45.07786 ], [ -86.35468, 45.0742 ], [ -86.3561, 45.07068 ], [ -86.35754, 45.0671 ], [ -86.35891, 45.06352 ], [ -86.36032, 45.05995 ], [ -86.36173, 45.05642 ], [ -86.36322, 45.05278 ], [ -86.36489, 45.04871 ], [ -86.36635, 45.04511 ], [ -86.36783, 45.04151 ], [ -86.36923, 45.03804 ], [ -86.37071, 45.03441 ], [ -86.37214, 45.03088 ], [ -86.3736, 45.02726 ], [ -86.37503, 45.02369 ], [ -86.37648, 45.02004 ], [ -86.37789, 45.01651 ], [ -86.3793, 45.01295 ], [ -86.38057, 45.00976 ], [ -86.38181, 45.00668 ], [ -86.38323, 45.00313 ], [ -86.38469, 44.99952 ], [ -86.38617, 44.99586 ], [ -86.38758, 44.99233 ], [ -86.38922, 44.98818 ], [ -86.3907, 44.98456 ], [ -86.39221, 44.98082 ], [ -86.39365, 44.97724 ], [ -86.39509, 44.97366 ], [ -86.39659, 44.96992 ], [ -86.39801, 44.96639 ], [ -86.39949, 44.9627 ], [ -86.40096, 44.95901 ], [ -86.40242, 44.95542 ], [ -86.4039, 44.95178 ], [ -86.40534, 44.94819 ], [ -86.40681, 44.9445 ], [ -86.40824, 44.94084 ], [ -86.40971, 44.93721 ], [ -86.41116, 44.93363 ], [ -86.41266, 44.92988 ], [ -86.41408, 44.92629 ], [ -86.41553, 44.92271 ], [ -86.41701, 44.91908 ], [ -86.41831, 44.91593 ], [ -86.4198, 44.91231 ], [ -86.4211, 44.90917 ], [ -86.42251, 44.90566 ], [ -86.42375, 44.90245 ], [ -86.42514, 44.89893 ], [ -86.42663, 44.89529 ], [ -86.42813, 44.89171 ], [ -86.4296, 44.88818 ], [ -86.43109, 44.88454 ], [ -86.43254, 44.88089 ], [ -86.43392, 44.87741 ], [ -86.4354, 44.87378 ], [ -86.43686, 44.87015 ], [ -86.43824, 44.86666 ], [ -86.43975, 44.86299 ], [ -86.44097, 44.85992 ], [ -86.44242, 44.85635 ], [ -86.44365, 44.85328 ], [ -86.44506, 44.84981 ], [ -86.44656, 44.84619 ], [ -86.44801, 44.84255 ], [ -86.44939, 44.83905 ], [ -86.45084, 44.83541 ], [ -86.45226, 44.83186 ], [ -86.45373, 44.82821 ], [ -86.45515, 44.82466 ], [ -86.45663, 44.82101 ], [ -86.45807, 44.81745 ], [ -86.45953, 44.81383 ], [ -86.46099, 44.81021 ], [ -86.46245, 44.80651 ], [ -86.46387, 44.80288 ], [ -86.46533, 44.79917 ], [ -86.46675, 44.79557 ], [ -86.46818, 44.79198 ], [ -86.46967, 44.78826 ], [ -86.47111, 44.78466 ], [ -86.47263, 44.7809 ], [ -86.47407, 44.77737 ], [ -86.47559, 44.77366 ], [ -86.47707, 44.77006 ], [ -86.47853, 44.76639 ], [ -86.47999, 44.76267 ], [ -86.48145, 44.75905 ], [ -86.48294, 44.75538 ], [ -86.48447, 44.75174 ], [ -86.48597, 44.74803 ], [ -86.48745, 44.74438 ], [ -86.48887, 44.74077 ], [ -86.49035, 44.73705 ], [ -86.4918, 44.73339 ], [ -86.49328, 44.72979 ], [ -86.49463, 44.72655 ], [ -86.49609, 44.72299 ], [ -86.49761, 44.71928 ], [ -86.49906, 44.71558 ], [ -86.50052, 44.71186 ], [ -86.50196, 44.70829 ], [ -86.50324, 44.70508 ], [ -86.50472, 44.70135 ], [ -86.50618, 44.6978 ], [ -86.50765, 44.69406 ], [ -86.50913, 44.69038 ], [ -86.51059, 44.6867 ], [ -86.51207, 44.68302 ], [ -86.51354, 44.67933 ], [ -86.51502, 44.67572 ], [ -86.5165, 44.67203 ], [ -86.51797, 44.66823 ], [ -86.51937, 44.6646 ], [ -86.52082, 44.66091 ], [ -86.52229, 44.65726 ], [ -86.52382, 44.65353 ], [ -86.52529, 44.64984 ], [ -86.52682, 44.64609 ], [ -86.52827, 44.64244 ], [ -86.52979, 44.63873 ], [ -86.53133, 44.63498 ], [ -86.53239, 44.63238 ], [ -86.53393, 44.62862 ], [ -86.53538, 44.625 ], [ -86.53687, 44.62127 ], [ -86.53838, 44.61749 ], [ -86.53993, 44.61379 ], [ -86.54143, 44.61005 ], [ -86.54293, 44.60637 ], [ -86.54444, 44.60259 ], [ -86.54593, 44.59881 ], [ -86.54736, 44.59517 ], [ -86.54906, 44.59089 ], [ -86.55056, 44.58716 ], [ -86.55208, 44.58338 ], [ -86.55362, 44.57959 ], [ -86.55512, 44.57598 ], [ -86.55666, 44.57219 ], [ -86.55823, 44.56847 ], [ -86.55981, 44.56473 ], [ -86.56127, 44.56104 ], [ -86.56276, 44.55722 ], [ -86.56422, 44.55352 ], [ -86.56574, 44.5497 ], [ -86.5672, 44.54599 ], [ -86.56869, 44.54216 ], [ -86.57016, 44.5384 ], [ -86.57161, 44.53467 ], [ -86.57315, 44.53085 ], [ -86.57469, 44.52715 ], [ -86.57622, 44.52325 ], [ -86.57769, 44.51958 ], [ -86.57921, 44.51577 ], [ -86.58052, 44.51247 ], [ -86.58202, 44.5087 ], [ -86.58356, 44.50493 ], [ -86.58503, 44.50122 ], [ -86.58649, 44.49749 ], [ -86.58803, 44.4936 ], [ -86.58958, 44.48986 ], [ -86.5911, 44.48614 ], [ -86.5926, 44.48237 ], [ -86.5941, 44.47861 ], [ -86.59539, 44.47538 ], [ -86.5969, 44.47169 ], [ -86.59841, 44.46788 ], [ -86.59991, 44.46407 ], [ -86.60135, 44.46044 ], [ -86.60286, 44.4567 ], [ -86.60439, 44.45297 ], [ -86.6059, 44.44924 ], [ -86.60743, 44.44543 ], [ -86.60887, 44.44173 ], [ -86.60969, 44.43967 ], [ -86.61123, 44.43591 ], [ -86.6127, 44.43221 ], [ -86.61414, 44.42849 ], [ -86.61558, 44.42484 ], [ -86.61706, 44.42118 ], [ -86.61853, 44.41747 ], [ -86.62002, 44.41369 ], [ -86.62153, 44.41001 ], [ -86.62308, 44.40624 ], [ -86.62454, 44.40257 ], [ -86.62597, 44.39891 ], [ -86.62746, 44.39519 ], [ -86.62895, 44.39148 ], [ -86.6304, 44.38776 ], [ -86.63185, 44.38399 ], [ -86.63331, 44.3803 ], [ -86.63483, 44.37658 ], [ -86.63636, 44.37287 ], [ -86.63787, 44.36915 ], [ -86.63939, 44.36537 ], [ -86.64088, 44.3616 ], [ -86.64229, 44.35798 ], [ -86.64377, 44.35425 ], [ -86.64531, 44.35048 ], [ -86.64677, 44.34681 ], [ -86.6483, 44.34296 ], [ -86.64977, 44.33931 ], [ -86.65131, 44.33559 ], [ -86.65281, 44.33188 ], [ -86.65427, 44.32813 ], [ -86.65573, 44.32442 ], [ -86.65728, 44.32068 ], [ -86.65879, 44.3169 ], [ -86.66026, 44.3132 ], [ -86.66169, 44.30948 ], [ -86.66299, 44.30622 ], [ -86.66442, 44.30261 ], [ -86.66596, 44.29888 ], [ -86.6673, 44.29556 ], [ -86.66859, 44.29238 ], [ -86.67005, 44.28869 ], [ -86.67151, 44.28494 ], [ -86.67303, 44.28115 ], [ -86.67448, 44.27751 ], [ -86.67596, 44.27374 ], [ -86.67743, 44.26987 ], [ -86.6787, 44.26662 ], [ -86.68021, 44.26292 ], [ -86.68173, 44.25921 ], [ -86.68325, 44.2554 ], [ -86.68477, 44.25161 ], [ -86.68626, 44.24784 ], [ -86.68773, 44.24413 ], [ -86.68927, 44.24031 ], [ -86.69078, 44.23656 ], [ -86.6923, 44.23281 ], [ -86.69375, 44.2291 ], [ -86.69527, 44.22528 ], [ -86.69675, 44.22153 ], [ -86.69828, 44.21772 ], [ -86.69977, 44.21402 ], [ -86.70126, 44.21032 ], [ -86.70279, 44.2065 ], [ -86.70426, 44.20279 ], [ -86.70578, 44.19896 ], [ -86.70727, 44.19525 ], [ -86.70883, 44.19137 ], [ -86.71035, 44.1876 ], [ -86.71184, 44.18389 ], [ -86.71335, 44.18013 ], [ -86.71479, 44.17642 ], [ -86.7163, 44.17261 ], [ -86.71778, 44.16891 ], [ -86.71933, 44.1651 ], [ -86.72086, 44.16129 ], [ -86.72229, 44.15763 ], [ -86.72378, 44.15381 ], [ -86.72529, 44.14999 ], [ -86.72679, 44.14636 ], [ -86.72832, 44.14254 ], [ -86.72977, 44.13878 ], [ -86.73127, 44.13497 ], [ -86.73272, 44.13127 ], [ -86.73421, 44.12757 ], [ -86.73571, 44.12377 ], [ -86.7372, 44.12003 ], [ -86.73872, 44.1163 ], [ -86.74023, 44.11262 ], [ -86.74179, 44.10883 ], [ -86.74332, 44.10504 ], [ -86.74482, 44.10131 ], [ -86.74629, 44.09761 ], [ -86.74778, 44.09386 ], [ -86.74927, 44.09012 ], [ -86.75073, 44.08643 ], [ -86.75226, 44.08263 ], [ -86.75354, 44.07941 ], [ -86.75505, 44.07561 ], [ -86.75654, 44.07191 ], [ -86.75782, 44.06869 ], [ -86.75931, 44.06499 ], [ -86.76082, 44.06117 ], [ -86.76229, 44.0574 ], [ -86.76336, 44.05471 ], [ -86.76485, 44.05094 ], [ -86.76635, 44.04717 ], [ -86.76784, 44.04341 ], [ -86.76934, 44.03964 ], [ -86.77085, 44.03586 ], [ -86.77237, 44.03208 ], [ -86.7739, 44.02831 ], [ -86.7754, 44.02447 ], [ -86.77685, 44.02078 ], [ -86.77838, 44.01693 ], [ -86.77989, 44.01314 ], [ -86.78141, 44.00934 ], [ -86.78294, 44.00554 ], [ -86.78447, 44.00169 ], [ -86.78595, 43.99796 ], [ -86.78747, 43.99417 ], [ -86.78894, 43.99043 ], [ -86.79042, 43.98657 ], [ -86.79188, 43.98282 ], [ -86.7934, 43.97891 ], [ -86.79485, 43.97522 ], [ -86.79642, 43.97138 ], [ -86.79796, 43.96751 ], [ -86.79943, 43.96376 ], [ -86.8009, 43.95999 ], [ -86.80238, 43.95612 ], [ -86.8039, 43.95231 ], [ -86.80541, 43.94857 ], [ -86.80695, 43.94471 ], [ -86.80846, 43.94093 ], [ -86.80979, 43.93763 ], [ -86.8113, 43.9339 ], [ -86.81258, 43.93066 ], [ -86.81407, 43.92688 ], [ -86.81553, 43.92311 ], [ -86.817, 43.91933 ], [ -86.81848, 43.9156 ], [ -86.82001, 43.91177 ], [ -86.82156, 43.90802 ], [ -86.8231, 43.90431 ], [ -86.82465, 43.90047 ], [ -86.82613, 43.89666 ], [ -86.82757, 43.89292 ], [ -86.82906, 43.88907 ], [ -86.83054, 43.88525 ], [ -86.83202, 43.88144 ], [ -86.83353, 43.87757 ], [ -86.83503, 43.87381 ], [ -86.83655, 43.87001 ], [ -86.83806, 43.86621 ], [ -86.83958, 43.8624 ], [ -86.84065, 43.85968 ], [ -86.84214, 43.85589 ], [ -86.84367, 43.85208 ], [ -86.84493, 43.84882 ], [ -86.84644, 43.84506 ], [ -86.84797, 43.84119 ], [ -86.84946, 43.83737 ], [ -86.85096, 43.83361 ], [ -86.85249, 43.82974 ], [ -86.85398, 43.82597 ], [ -86.85547, 43.82215 ], [ -86.85695, 43.81827 ], [ -86.85819, 43.81499 ], [ -86.85972, 43.81117 ], [ -86.86124, 43.80741 ], [ -86.86258, 43.80409 ], [ -86.8641, 43.80028 ], [ -86.86558, 43.79653 ], [ -86.86708, 43.79266 ], [ -86.86856, 43.78892 ], [ -86.87009, 43.78507 ], [ -86.87161, 43.78129 ], [ -86.87312, 43.7775 ], [ -86.87459, 43.77377 ], [ -86.87607, 43.76997 ], [ -86.87763, 43.7661 ], [ -86.87909, 43.76241 ], [ -86.8806, 43.75856 ], [ -86.88206, 43.75482 ], [ -86.88361, 43.75092 ], [ -86.8851, 43.74718 ], [ -86.88661, 43.74332 ], [ -86.88802, 43.73962 ], [ -86.88954, 43.73576 ], [ -86.89105, 43.73197 ], [ -86.89256, 43.72823 ], [ -86.89409, 43.72438 ], [ -86.89555, 43.72058 ], [ -86.89709, 43.71675 ], [ -86.8986, 43.71309 ], [ -86.90013, 43.7092 ], [ -86.90161, 43.70548 ], [ -86.90312, 43.7017 ], [ -86.90458, 43.69791 ], [ -86.90603, 43.69418 ], [ -86.90753, 43.69035 ], [ -86.90899, 43.68664 ], [ -86.91033, 43.68332 ], [ -86.91159, 43.68011 ], [ -86.91303, 43.67641 ], [ -86.91446, 43.67263 ], [ -86.91593, 43.66886 ], [ -86.9174, 43.66515 ], [ -86.91763, 43.66456 ], [ -86.91911, 43.66078 ], [ -86.92062, 43.65702 ], [ -86.92215, 43.65325 ], [ -86.92365, 43.64947 ], [ -86.92515, 43.64569 ], [ -86.92659, 43.64196 ], [ -86.9281, 43.63813 ], [ -86.92955, 43.63441 ], [ -86.93106, 43.63064 ], [ -86.93241, 43.62732 ], [ -86.9337, 43.62409 ], [ -86.93513, 43.62043 ], [ -86.93666, 43.61655 ], [ -86.93815, 43.61277 ], [ -86.93943, 43.60955 ], [ -86.94094, 43.60586 ], [ -86.94243, 43.60209 ], [ -86.94369, 43.59886 ], [ -86.94538, 43.59454 ], [ -86.94684, 43.59077 ], [ -86.94828, 43.58698 ], [ -86.94974, 43.58321 ], [ -86.95109, 43.57993 ], [ -86.95264, 43.57618 ], [ -86.95407, 43.57255 ], [ -86.95556, 43.56866 ], [ -86.95705, 43.56495 ], [ -86.95835, 43.56168 ], [ -86.95982, 43.55798 ], [ -86.96129, 43.5542 ], [ -86.96273, 43.55043 ], [ -86.96417, 43.54667 ], [ -86.96561, 43.54296 ], [ -86.96712, 43.5392 ], [ -86.96864, 43.53546 ], [ -86.97017, 43.53165 ], [ -86.97168, 43.52795 ], [ -86.97316, 43.52414 ], [ -86.97464, 43.52036 ], [ -86.97612, 43.51659 ], [ -86.97758, 43.51286 ], [ -86.97906, 43.50908 ], [ -86.98054, 43.50529 ], [ -86.98205, 43.50144 ], [ -86.98356, 43.49761 ], [ -86.98504, 43.49386 ], [ -86.9865, 43.49011 ], [ -86.988, 43.48626 ], [ -86.9895, 43.48252 ], [ -86.99103, 43.47866 ], [ -86.99254, 43.47487 ], [ -86.99403, 43.47107 ], [ -86.99422, 43.47058 ], [ -86.99571, 43.46672 ], [ -86.99699, 43.46346 ], [ -86.99849, 43.45974 ], [ -87.00004, 43.45591 ], [ -87.00154, 43.45211 ], [ -87.00302, 43.44831 ], [ -87.00448, 43.44458 ], [ -87.00596, 43.44072 ], [ -87.00721, 43.43747 ], [ -87.0087, 43.43361 ], [ -87.01017, 43.42992 ], [ -87.01168, 43.42607 ], [ -87.01316, 43.4222 ], [ -87.01466, 43.41848 ], [ -87.01615, 43.41475 ], [ -87.01743, 43.41144 ], [ -87.0189, 43.40765 ], [ -87.02035, 43.40394 ], [ -87.02207, 43.39962 ], [ -87.02355, 43.39585 ], [ -87.02505, 43.39202 ], [ -87.02653, 43.38825 ], [ -87.028, 43.38454 ], [ -87.02953, 43.38072 ], [ -87.03103, 43.37696 ], [ -87.03251, 43.37318 ], [ -87.03399, 43.36942 ], [ -87.03544, 43.3657 ], [ -87.03687, 43.36189 ], [ -87.03837, 43.35801 ], [ -87.0399, 43.35428 ], [ -87.0414, 43.35052 ], [ -87.04286, 43.34674 ], [ -87.04432, 43.343 ], [ -87.04583, 43.33911 ], [ -87.04722, 43.33542 ], [ -87.04875, 43.33165 ], [ -87.05026, 43.32787 ], [ -87.05174, 43.3241 ], [ -87.05324, 43.32026 ], [ -87.05468, 43.31645 ], [ -87.05595, 43.31313 ], [ -87.05745, 43.30939 ], [ -87.05896, 43.30564 ], [ -87.0605, 43.30186 ], [ -87.06199, 43.29806 ], [ -87.06327, 43.29474 ], [ -87.06476, 43.29088 ], [ -87.06624, 43.28713 ], [ -87.06776, 43.28332 ], [ -87.06923, 43.27957 ], [ -87.07076, 43.27564 ], [ -87.07221, 43.27187 ], [ -87.07366, 43.26808 ], [ -87.07521, 43.26415 ], [ -87.07671, 43.26038 ], [ -87.07824, 43.25655 ], [ -87.07971, 43.25278 ], [ -87.08129, 43.2489 ], [ -87.08282, 43.24514 ], [ -87.08414, 43.24181 ], [ -87.08565, 43.23793 ], [ -87.08711, 43.23415 ], [ -87.08858, 43.23032 ], [ -87.08986, 43.22704 ], [ -87.09131, 43.22326 ], [ -87.09281, 43.21939 ], [ -87.09428, 43.21556 ], [ -87.09575, 43.21173 ], [ -87.09721, 43.20795 ], [ -87.09877, 43.20404 ], [ -87.1003, 43.20023 ], [ -87.10176, 43.19652 ], [ -87.10325, 43.19264 ], [ -87.10475, 43.18876 ], [ -87.10625, 43.18494 ], [ -87.10774, 43.1812 ], [ -87.10927, 43.17739 ], [ -87.11053, 43.17412 ], [ -87.112, 43.17037 ], [ -87.11331, 43.16706 ], [ -87.11482, 43.16327 ], [ -87.11633, 43.15941 ], [ -87.11777, 43.15567 ], [ -87.11926, 43.15182 ], [ -87.12072, 43.14815 ], [ -87.12221, 43.14431 ], [ -87.12367, 43.14052 ], [ -87.12512, 43.1368 ], [ -87.12664, 43.13298 ], [ -87.12812, 43.12921 ], [ -87.12957, 43.12545 ], [ -87.13104, 43.12169 ], [ -87.13253, 43.11801 ], [ -87.13405, 43.1142 ], [ -87.13552, 43.11045 ], [ -87.13698, 43.10676 ], [ -87.13846, 43.10303 ], [ -87.13993, 43.09923 ], [ -87.14134, 43.09553 ], [ -87.14283, 43.09174 ], [ -87.14428, 43.08801 ], [ -87.14571, 43.0842 ], [ -87.14695, 43.08099 ], [ -87.14712, 43.08056 ], [ -87.1486, 43.07676 ], [ -87.15005, 43.07308 ], [ -87.15176, 43.06875 ], [ -87.15321, 43.06507 ], [ -87.15469, 43.06132 ], [ -87.15595, 43.05805 ], [ -87.1574, 43.05429 ], [ -87.1589, 43.05054 ], [ -87.16036, 43.04679 ], [ -87.16184, 43.04304 ], [ -87.16331, 43.03929 ], [ -87.16474, 43.03551 ], [ -87.16615, 43.03179 ], [ -87.16743, 43.02851 ], [ -87.16894, 43.02469 ], [ -87.17041, 43.02098 ], [ -87.17187, 43.01728 ], [ -87.17335, 43.01338 ], [ -87.17479, 43.00971 ], [ -87.17608, 43.00642 ], [ -87.17755, 43.00265 ], [ -87.17895, 42.99891 ], [ -87.18042, 42.99505 ], [ -87.18191, 42.99133 ], [ -87.18343, 42.9875 ], [ -87.18493, 42.98379 ], [ -87.18645, 42.98003 ], [ -87.18795, 42.9762 ], [ -87.1894, 42.97241 ], [ -87.19088, 42.9686 ], [ -87.19233, 42.96496 ], [ -87.19382, 42.96113 ], [ -87.19525, 42.95736 ], [ -87.19674, 42.95367 ], [ -87.19805, 42.95039 ], [ -87.19947, 42.94667 ], [ -87.2009, 42.9429 ], [ -87.2024, 42.93906 ], [ -87.20387, 42.93536 ], [ -87.20537, 42.93154 ], [ -87.2068, 42.92775 ], [ -87.20826, 42.92403 ], [ -87.2098, 42.92021 ], [ -87.21127, 42.9165 ], [ -87.21275, 42.91267 ], [ -87.2142, 42.90888 ], [ -87.21569, 42.90511 ], [ -87.21716, 42.90138 ], [ -87.21864, 42.89753 ], [ -87.2201, 42.89375 ], [ -87.22157, 42.88997 ], [ -87.22281, 42.88672 ], [ -87.22431, 42.88295 ], [ -87.22584, 42.87913 ], [ -87.2273, 42.87546 ], [ -87.22878, 42.87168 ], [ -87.23028, 42.86785 ], [ -87.23174, 42.86406 ], [ -87.23319, 42.86028 ], [ -87.23449, 42.85703 ], [ -87.23595, 42.85329 ], [ -87.23742, 42.84943 ], [ -87.23887, 42.84568 ], [ -87.24032, 42.84188 ], [ -87.24179, 42.83801 ], [ -87.24328, 42.83415 ], [ -87.24456, 42.83091 ], [ -87.24605, 42.82723 ], [ -87.24756, 42.82338 ], [ -87.24905, 42.81957 ], [ -87.2505, 42.81582 ], [ -87.25199, 42.81195 ], [ -87.25348, 42.80814 ], [ -87.25499, 42.80428 ], [ -87.25625, 42.80103 ], [ -87.25772, 42.79729 ], [ -87.25901, 42.79397 ], [ -87.26045, 42.79019 ], [ -87.26192, 42.78642 ], [ -87.2635, 42.78256 ], [ -87.26519, 42.77819 ], [ -87.26578, 42.7748 ], [ -87.26596, 42.7709 ], [ -87.2662, 42.76646 ], [ -87.26642, 42.7625 ], [ -87.2666, 42.75855 ], [ -87.26675, 42.75508 ], [ -87.26689, 42.75121 ], [ -87.267, 42.74716 ], [ -87.26708, 42.74312 ], [ -87.26722, 42.73918 ], [ -87.26734, 42.73519 ], [ -87.26748, 42.73118 ], [ -87.26765, 42.7272 ], [ -87.26776, 42.72321 ], [ -87.26785, 42.71922 ], [ -87.268, 42.71466 ], [ -87.26816, 42.71074 ], [ -87.2683, 42.70664 ], [ -87.26841, 42.70271 ], [ -87.26856, 42.69877 ], [ -87.26869, 42.69467 ], [ -87.26878, 42.69068 ], [ -87.26886, 42.68726 ], [ -87.26895, 42.68333 ], [ -87.26909, 42.67935 ], [ -87.26924, 42.67536 ], [ -87.26939, 42.67144 ], [ -87.26952, 42.66739 ], [ -87.26964, 42.66333 ], [ -87.26976, 42.6599 ], [ -87.26988, 42.65595 ], [ -87.26998, 42.65195 ], [ -87.27008, 42.64796 ], [ -87.2702, 42.64397 ], [ -87.27029, 42.64053 ], [ -87.27042, 42.63653 ], [ -87.27057, 42.63259 ], [ -87.27072, 42.62852 ], [ -87.27084, 42.62456 ], [ -87.27097, 42.62049 ], [ -87.27107, 42.61646 ], [ -87.27114, 42.61243 ], [ -87.27122, 42.60846 ], [ -87.27134, 42.60438 ], [ -87.27148, 42.60035 ], [ -87.27163, 42.59633 ], [ -87.27175, 42.59236 ], [ -87.27185, 42.5888 ], [ -87.27193, 42.58483 ], [ -87.27203, 42.58079 ], [ -87.2722, 42.57675 ], [ -87.27233, 42.57278 ], [ -87.27244, 42.56869 ], [ -87.27253, 42.56466 ], [ -87.27263, 42.56056 ], [ -87.27276, 42.55657 ], [ -87.2729, 42.55246 ], [ -87.27303, 42.5484 ], [ -87.27307, 42.54441 ], [ -87.27319, 42.54041 ], [ -87.27334, 42.5363 ], [ -87.27352, 42.53225 ], [ -87.27371, 42.52815 ], [ -87.27381, 42.5242 ], [ -87.27392, 42.5201 ], [ -87.27404, 42.51604 ], [ -87.27414, 42.51194 ], [ -87.27422, 42.50795 ], [ -87.2743, 42.50388 ], [ -87.27438, 42.49978 ], [ -87.27446, 42.49631 ], [ -87.2746, 42.49236 ], [ -87.27476, 42.48766 ], [ -87.27488, 42.48362 ], [ -87.275, 42.47957 ], [ -87.27516, 42.47553 ], [ -87.27529, 42.47155 ], [ -87.2754, 42.4675 ], [ -87.27549, 42.46347 ], [ -87.27566, 42.45938 ], [ -87.27579, 42.45535 ], [ -87.27594, 42.45081 ], [ -87.27609, 42.44615 ], [ -87.27621, 42.44219 ], [ -87.27634, 42.43813 ], [ -87.27643, 42.43411 ], [ -87.27655, 42.43012 ], [ -87.27668, 42.42609 ], [ -87.27681, 42.42215 ], [ -87.27694, 42.4175 ], [ -87.27709, 42.41237 ], [ -87.2772, 42.40834 ], [ -87.2773, 42.40427 ], [ -87.27738, 42.40084 ], [ -87.2775, 42.39683 ], [ -87.27764, 42.39281 ], [ -87.27776, 42.38891 ], [ -87.27787, 42.38491 ], [ -87.27797, 42.38087 ], [ -87.27813, 42.37686 ], [ -87.27827, 42.3728 ], [ -87.27837, 42.36877 ], [ -87.27848, 42.36481 ], [ -87.27858, 42.36074 ], [ -87.27869, 42.35672 ], [ -87.2788, 42.35265 ], [ -87.2789, 42.34921 ], [ -87.27902, 42.34472 ], [ -87.27911, 42.3413 ], [ -87.27922, 42.33725 ], [ -87.27935, 42.33332 ], [ -87.27945, 42.32942 ], [ -87.27954, 42.32589 ], [ -87.27968, 42.32202 ], [ -87.27985, 42.31799 ], [ -87.27996, 42.31395 ], [ -87.28005, 42.31003 ], [ -87.28016, 42.30605 ], [ -87.28031, 42.30212 ], [ -87.28045, 42.29813 ], [ -87.2806, 42.2941 ], [ -87.28073, 42.29012 ], [ -87.28085, 42.28615 ], [ -87.28096, 42.28216 ], [ -87.28105, 42.27812 ], [ -87.28112, 42.2747 ], [ -87.28113, 42.27418 ], [ -87.28123, 42.2702 ], [ -87.28135, 42.26678 ], [ -87.28153, 42.26285 ], [ -87.28166, 42.25944 ], [ -87.28174, 42.25653 ], [ -87.28183, 42.25206 ], [ -87.28196, 42.248 ], [ -87.28209, 42.2446 ], [ -87.28219, 42.24063 ], [ -87.2823, 42.23671 ], [ -87.28237, 42.2333 ], [ -87.28245, 42.22928 ], [ -87.28256, 42.2259 ], [ -87.28268, 42.22189 ], [ -87.28278, 42.21849 ], [ -87.28288, 42.21454 ], [ -87.28298, 42.21066 ], [ -87.28306, 42.20673 ], [ -87.28321, 42.20279 ], [ -87.28339, 42.19884 ], [ -87.28355, 42.1949 ], [ -87.28364, 42.19089 ], [ -87.28373, 42.1869 ], [ -87.28383, 42.18351 ], [ -87.28394, 42.17963 ], [ -87.28408, 42.17569 ], [ -87.28418, 42.17231 ], [ -87.28429, 42.16838 ], [ -87.28441, 42.165 ], [ -87.28456, 42.16113 ], [ -87.28468, 42.1572 ], [ -87.28475, 42.15381 ], [ -87.28482, 42.14989 ], [ -87.28492, 42.14596 ], [ -87.28506, 42.14197 ], [ -87.28517, 42.13861 ], [ -87.28527, 42.13469 ], [ -87.28538, 42.13075 ], [ -87.2855, 42.12689 ], [ -87.28566, 42.12352 ], [ -87.28583, 42.11955 ], [ -87.28595, 42.11556 ], [ -87.28608, 42.11169 ], [ -87.28617, 42.10837 ], [ -87.28629, 42.10433 ], [ -87.28642, 42.10052 ], [ -87.28654, 42.09655 ], [ -87.28659, 42.09318 ], [ -87.28666, 42.08926 ], [ -87.28673, 42.0859 ], [ -87.28684, 42.08197 ], [ -87.28697, 42.07854 ], [ -87.28709, 42.07519 ], [ -87.28719, 42.07132 ], [ -87.28728, 42.06795 ], [ -87.28738, 42.06408 ], [ -87.28748, 42.0607 ], [ -87.28756, 42.05733 ], [ -87.28764, 42.05335 ], [ -87.28773, 42.04943 ], [ -87.28784, 42.04608 ], [ -87.28794, 42.0427 ], [ -87.28799, 42.03933 ], [ -87.28803, 42.03477 ], [ -87.28811, 42.03142 ], [ -87.28821, 42.0281 ], [ -87.28835, 42.02473 ], [ -87.28847, 42.0208 ], [ -87.28853, 42.01745 ], [ -87.28864, 42.01344 ], [ -87.28873, 42.01008 ], [ -87.28882, 42.00671 ], [ -87.28891, 42.00288 ], [ -87.28904, 41.99889 ], [ -87.28916, 41.99497 ], [ -87.28926, 41.99159 ], [ -87.28937, 41.98761 ], [ -87.28948, 41.98424 ], [ -87.2896, 41.98036 ], [ -87.28968, 41.97648 ], [ -87.28978, 41.97257 ], [ -87.28989, 41.96914 ], [ -87.28998, 41.96522 ], [ -87.29009, 41.96185 ], [ -87.29019, 41.95793 ], [ -87.29031, 41.95457 ], [ -87.29042, 41.95069 ], [ -87.29052, 41.94666 ], [ -87.29057, 41.94286 ], [ -87.29063, 41.93948 ], [ -87.29074, 41.9355 ], [ -87.29082, 41.93215 ], [ -87.29095, 41.92818 ], [ -87.29106, 41.92482 ], [ -87.29119, 41.92145 ], [ -87.29128, 41.91765 ], [ -87.29136, 41.91368 ], [ -87.29145, 41.91033 ], [ -87.2916, 41.90692 ], [ -87.29175, 41.9031 ], [ -87.29186, 41.89974 ], [ -87.29196, 41.89582 ], [ -87.29203, 41.89245 ], [ -87.29213, 41.88846 ], [ -87.29222, 41.88508 ], [ -87.29233, 41.88121 ], [ -87.29242, 41.87722 ], [ -87.29252, 41.87384 ], [ -87.29267, 41.8699 ], [ -87.29269, 41.86934 ], [ -87.29284, 41.86545 ], [ -87.29295, 41.86208 ], [ -87.29314, 41.85802 ], [ -87.29324, 41.85464 ], [ -87.29336, 41.85081 ], [ -87.29348, 41.84682 ], [ -87.29357, 41.84344 ], [ -87.29365, 41.83956 ], [ -87.29372, 41.83613 ], [ -87.29381, 41.83225 ], [ -87.29391, 41.82826 ], [ -87.29401, 41.82487 ], [ -87.29415, 41.82093 ], [ -87.2943, 41.817 ], [ -87.29439, 41.81312 ], [ -87.29448, 41.80914 ], [ -87.2946, 41.80577 ], [ -87.29473, 41.80193 ], [ -87.29484, 41.79797 ], [ -87.29493, 41.79406 ], [ -87.29502, 41.79023 ], [ -87.29513, 41.78689 ], [ -87.29523, 41.783 ], [ -87.29531, 41.77967 ], [ -87.29546, 41.77573 ], [ -87.29555, 41.77184 ], [ -87.29566, 41.7685 ], [ -87.29584, 41.76468 ], [ -87.29596, 41.76135 ], [ -87.29608, 41.7574 ], [ -87.29617, 41.75358 ], [ -87.29624, 41.7497 ], [ -87.29633, 41.74636 ], [ -87.29644, 41.74249 ], [ -87.29656, 41.73904 ], [ -87.29668, 41.73574 ], [ -87.29677, 41.73198 ], [ -87.29687, 41.72802 ], [ -87.29693, 41.72472 ], [ -87.29695, 41.72093 ], [ -87.29706, 41.7171 ], [ -87.2977, 41.71387 ], [ -87.299, 41.71081 ], [ -87.30113, 41.70744 ], [ -87.30318, 41.70464 ], [ -87.30561, 41.70143 ], [ -87.3082, 41.69809 ], [ -87.31034, 41.6953 ], [ -87.31278, 41.69214 ], [ -87.31498, 41.6893 ], [ -87.31711, 41.68653 ], [ -87.31959, 41.68334 ], [ -87.32191, 41.68031 ], [ -87.32309, 41.67749 ], [ -87.32322, 41.67605 ], [ -87.32313, 41.67291 ], [ -87.32298, 41.67033 ], [ -87.3228, 41.66746 ], [ -87.32266, 41.66504 ], [ -87.32249, 41.66233 ], [ -87.32237, 41.66009 ], [ -87.32225, 41.65791 ], [ -87.32215, 41.6559 ], [ -87.32203, 41.65367 ], [ -87.32192, 41.65186 ], [ -87.32184, 41.6499 ], [ -87.32173, 41.64804 ], [ -87.32166, 41.6465 ], [ -87.32158, 41.64479 ], [ -87.3215, 41.64335 ], [ -87.32141, 41.64176 ], [ -87.32133, 41.64043 ], [ -87.32124, 41.63895 ], [ -87.32116, 41.63753 ], [ -87.32107, 41.63632 ], [ -87.32086, 41.63513 ], [ -87.32031, 41.63411 ], [ -87.31956, 41.63332 ], [ -87.31878, 41.6328 ], [ -87.3181, 41.63254 ], [ -87.31752, 41.63246 ], [ -87.31712, 41.63254 ], [ -87.31696, 41.63276 ], [ -87.31701, 41.63296 ], [ -87.31721, 41.63304 ], [ -87.31747, 41.63302 ], [ -87.31771, 41.63289 ], [ -87.318, 41.63262 ], [ -87.31829, 41.63226 ], [ -87.31859, 41.63184 ], [ -87.31881, 41.63144 ], [ -87.31907, 41.63091 ], [ -87.3194, 41.63047 ], [ -87.31993, 41.62998 ], [ -87.32046, 41.62956 ], [ -87.32109, 41.62909 ], [ -87.32184, 41.62862 ], [ -87.32252, 41.62812 ], [ -87.32308, 41.62767 ], [ -87.32366, 41.62709 ], [ -87.32406, 41.62654 ], [ -87.32442, 41.62589 ], [ -87.32459, 41.6253 ], [ -87.3247, 41.62463 ], [ -87.32479, 41.62409 ], [ -87.32488, 41.62345 ], [ -87.32491, 41.62282 ], [ -87.32489, 41.62222 ], [ -87.32485, 41.62171 ], [ -87.32479, 41.62121 ], [ -87.32479, 41.62098 ], [ -87.32475, 41.62055 ], [ -87.32468, 41.62005 ], [ -87.32463, 41.61969 ] ] } }
]
}
