MMSI,BaseDateTime,LAT,LON,SOG,COG,Heading,VesselName,IMO,CallSign,VesselType,Status,Length,Width,Draft,Cargo,TransceiverClass
366972020,2021-07-23T00:00:02,46.72428,-92.15782,0.0,335.4,315.0,ARTHUR M ANDERSON,IMO5025691,WDH7563,70,0,233,21,8.0,70,A
366972020,2021-07-23T00:01:11,46.72428,-92.15781,0.0,259.2,315.0,ARTHUR M ANDERSON,IMO5025691,WDH7563,70,0,233,21,8.0,70,A
366972020,2021-07-23T00:02:20,46.72428,-92.15782,0.0,167.0,315.0,ARTHUR M ANDERSON,IMO5025691,WDH7563,70,0,233,21,8.0,70,A
366972020,2021-07-23T00:03:31,46.72428,-92.1578,0.0,300.6,315.0,ARTHUR M ANDERSON,IMO5025691,WDH7563,70,0,233,21,8.0,70,A
366972020,2021-07-23T00:04:41,46.72428,-92.1578,0.0,316.4,315.0,ARTHUR M ANDERSON,IMO5025691,WDH7563,70,0,233,21,8.0,70,A
366972020,2021-07-23T00:07:02,46.72428,-92.15782,0.0,196.7,315.0,ARTHUR M ANDERSON,IMO5025691,WDH7563,70,0,233,21,8.0,70,A
366972020,2021-07-23T00:08:11,46.72427,-92.15782,0.0,318.7,315.0,ARTHUR M ANDERSON,IMO5025691,WDH7563,70,0,233,21,8.0,70,A
366972020,2021-07-23T00:09:22,46.72427,-92.15783,0.0,57.8,315.0,ARTHUR M ANDERSON,IMO5025691,WDH7563,70,0,233,21,8.0,70,A
366972020,2021-07-23T00:10:31,46.72429,-92.15782,0.0,54.4,315.0,ARTHUR M ANDERSON,IMO5025691,WDH7563,70,0,233,21,8.0,70,A
366972020,2021-07-23T00:11:41,46.72429,-92.15783,0.0,186.9,315.0,ARTHUR M ANDERSON,IMO5025691,WDH7563,70,0,233,21,8.0,70,A
366972020,2021-07-23T00:12:51,46.72429,-92.15782,0.0,65.6,315.0,ARTHUR M ANDERSON,IMO5025691,WDH7563,70,0,233,21,8.0,70,A
366972020,2021-07-23T00:05:51,46.72429,-92.15782,0.0,296.7,315.0,ARTHUR M ANDERSON,IMO5025691,WDH7563,70,0,233,21,8.0,70,A
366972020,2021-07-23T00:13:52,46.72429,-92.15781,0.0,106.9,315.0,ARTHUR M ANDERSON,IMO5025691,WDH7563,70,0,233,21,8.0,70,A
366972020,2021-07-23T00:15:01,46.72428,-92.15782,0.0,58.9,315.0,ARTHUR M ANDERSON,IMO5025691,WDH7563,70,0,233,21,8.0,70,A
366972020,2021-07-23T00:18:32,46.72428,-92.15782,0.0,279.1,315.0,ARTHUR M ANDERSON,IMO5025691,WDH7563,70,0,233,21,8.0,70,A
366972020,2021-07-23T00:17:21,46.72429,-92.15782,0.0,223.4,315.0,ARTHUR M ANDERSON,IMO5025691,WDH7563,70,0,233,21,8.0,70,A
366972020,2021-07-23T00:19:41,46.72428,-92.15783,0.0,208.8,315.0,ARTHUR M ANDERSON,IMO5025691,WDH7563,70,0,233,21,8.0,70,A
366972020,2021-07-23T00:20:52,46.72427,-92.15783,0.0,274.1,315.0,ARTHUR M ANDERSON,IMO5025691,WDH7563,70,0,233,21,8.0,70,A
366972020,2021-07-23T00:22:01,46.72428,-92.15784,0.0,68.8,315.0,ARTHUR M ANDERSON,IMO5025691,WDH7563,70,0,233,21,8.0,70,A
366972020,2021-07-23T00:23:11,46.72428,-92.15783,0.0,351.7,315.0,ARTHUR M ANDERSON,IMO5025691,WDH7563,70,0,233,21,8.0,70,A
366972020,2021-07-23T00:24:22,46.72426,-92.15782,0.0,223.1,315.0,ARTHUR M ANDERSON,IMO5025691,WDH7563,70,0,233,21,8.0,70,A
366972020,2021-07-23T00:26:42,46.72428,-92.15782,0.0,65.0,315.0,ARTHUR M ANDERSON,IMO5025691,WDH7563,70,0,233,21,8.0,70,A
366972020,2021-07-23T00:27:51,46.7243,-92.15782,0.0,14.4,315.0,ARTHUR M ANDERSON,IMO5025691,WDH7563,70,0,233,21,8.0,70,A
366972020,2021-07-23T00:29:00,46.72429,-92.15781,0.0,135.8,315.0,ARTHUR M ANDERSON,IMO5025691,WDH7563,70,0,233,21,8.0,70,A
366972020,2021-07-23T00:31:21,46.72429,-92.15783,0.0,317.3,315.0,ARTHUR M ANDERSON,IMO5025691,WDH7563,70,0,233,21,8.0,70,A
366972020,2021-07-23T00:32:32,46.72429,-92.15784,0.0,308.0,315.0,ARTHUR M ANDERSON,IMO5025691,WDH7563,70,0,233,21,8.0,70,A
366972020,2021-07-23T00:30:12,46.72429,-92.15782,0.0,6.4,315.0,ARTHUR M ANDERSON,IMO5025691,WDH7563,70,0,233,21,8.0,70,A
366972020,2021-07-23T00:34:51,46.72428,-92.15784,0.0,23.8,315.0,ARTHUR M ANDERSON,IMO5025691,WDH7563,70,0,233,21,8.0,70,A
366972020,2021-07-23T00:33:40,46.72428,-92.15785,0.0,138.7,315.0,ARTHUR M ANDERSON,IMO5025691,WDH7563,70,0,233,21,8.0,70,A
366972020,2021-07-23T00:36:01,46.72429,-92.15782,0.0,209.4,315.0,ARTHUR M ANDERSON,IMO5025691,WDH7563,70,0,233,21,8.0,70,A
366972020,2021-07-23T00:41:52,46.7243,-92.15782,0.0,36.8,315.0,ARTHUR M ANDERSON,IMO5025691,WDH7563,70,0,233,21,8.0,70,A
366972020,2021-07-23T00:39:32,46.72428,-92.15783,0.0,321.9,315.0,ARTHUR M ANDERSON,IMO5025691,WDH7563,70,0,233,21,8.0,70,A
366972020,2021-07-23T00:45:21,46.7243,-92.15782,0.0,354.3,315.0,ARTHUR M ANDERSON,IMO5025691,WDH7563,70,0,233,21,8.0,70,A
366972020,2021-07-23T00:44:12,46.72429,-92.15781,0.0,305.1,315.0,ARTHUR M ANDERSON,IMO5025691,WDH7563,70,0,233,21,8.0,70,A
366972020,2021-07-23T00:46:32,46.7243,-92.15781,0.0,59.8,314.0,ARTHUR M ANDERSON,IMO5025691,WDH7563,70,0,233,21,8.0,70,A
366972020,2021-07-23T00:16:11,46.72429,-92.15782,0.0,53.0,315.0,ARTHUR M ANDERSON,IMO5025691,WDH7563,70,0,233,21,8.0,70,A
366972020,2021-07-23T00:48:51,46.72431,-92.15781,0.0,141.0,314.0,ARTHUR M ANDERSON,IMO5025691,WDH7563,70,0,233,21,8.0,70,A
366972020,2021-07-23T00:43:01,46.72429,-92.15781,0.0,29.3,315.0,ARTHUR M ANDERSON,IMO5025691,WDH7563,70,0,233,21,8.0,70,A
366972020,2021-07-23T00:54:41,46.72429,-92.15782,0.0,116.2,314.0,ARTHUR M ANDERSON,IMO5025691,WDH7563,70,0,233,21,8.0,70,A
366972020,2021-07-23T00:55:51,46.7243,-92.15782,0.0,340.5,315.0,ARTHUR M ANDERSON,IMO5025691,WDH7563,70,0,233,21,8.0,70,A
366972020,2021-07-23T00:47:42,46.72429,-92.15781,0.0,121.5,314.0,ARTHUR M ANDERSON,IMO5025691,WDH7563,70,0,233,21,8.0,70,A
366972020,2021-07-23T00:52:21,46.72428,-92.15782,0.0,31.5,314.0,ARTHUR M ANDERSON,IMO5025691,WDH7563,70,0,233,21,8.0,70,A
366972020,2021-07-23T00:53:31,46.72429,-92.15781,0.0,28.2,314.0,ARTHUR M ANDERSON,IMO5025691,WDH7563,70,0,233,21,8.0,70,A
366972020,2021-07-23T00:59:22,46.72431,-92.15784,0.0,117.8,315.0,ARTHUR M ANDERSON,IMO5025691,WDH7563,70,0,233,21,8.0,70,A
366972020,2021-07-23T01:00:00,46.72431,-92.15783,0.0,118.5,315.0,ARTHUR M ANDERSON,IMO5025691,WDH7563,70,0,233,21,8.0,70,A
366972020,2021-07-23T01:02:32,46.72431,-92.15783,0.0,232.3,314.0,ARTHUR M ANDERSON,IMO5025691,WDH7563,70,0,233,21,8.0,70,A
366972020,2021-07-23T00:57:00,46.72429,-92.15782,0.0,320.0,315.0,ARTHUR M ANDERSON,IMO5025691,WDH7563,70,0,233,21,8.0,70,A
366972020,2021-07-23T00:58:11,46.7243,-92.15784,0.0,28.8,315.0,ARTHUR M ANDERSON,IMO5025691,WDH7563,70,0,233,21,8.0,70,A
366972020,2021-07-23T01:01:11,46.72431,-92.15783,0.0,96.1,314.0,ARTHUR M ANDERSON,IMO5025691,WDH7563,70,0,233,21,8.0,70,A
366972020,2021-07-23T01:07:10,46.72431,-92.15785,0.0,151.9,315.0,ARTHUR M ANDERSON,IMO5025691,WDH7563,70,0,233,21,8.0,70,A
366972020,2021-07-23T01:08:22,46.72431,-92.15783,0.0,138.4,315.0,ARTHUR M ANDERSON,IMO5025691,WDH7563,70,0,233,21,8.0,70,A
366972020,2021-07-23T01:04:50,46.7243,-92.15783,0.0,305.5,316.0,ARTHUR M ANDERSON,IMO5025691,WDH7563,70,0,233,21,8.0,70,A
366972020,2021-07-23T01:06:01,46.7243,-92.15784,0.0,141.3,315.0,ARTHUR M ANDERSON,IMO5025691,WDH7563,70,0,233,21,8.0,70,A
366972020,2021-07-23T01:15:21,46.7243,-92.15783,0.0,13.9,314.0,ARTHUR M ANDERSON,IMO5025691,WDH7563,70,0,233,21,8.0,70,A
366972020,2021-07-23T01:03:41,46.7243,-92.15783,0.0,292.9,315.0,ARTHUR M ANDERSON,IMO5025691,WDH7563,70,0,233,21,8.0,70,A
366972020,2021-07-23T00:25:31,46.72428,-92.15783,0.0,183.3,315.0,ARTHUR M ANDERSON,IMO5025691,WDH7563,70,0,233,21,8.0,70,A
366972020,2021-07-23T01:20:01,46.72429,-92.15784,0.0,218.5,315.0,ARTHUR M ANDERSON,IMO5025691,WDH7563,70,0,233,21,8.0,70,A
366972020,2021-07-23T01:09:30,46.7243,-92.15785,0.0,101.2,314.0,ARTHUR M ANDERSON,IMO5025691,WDH7563,70,0,233,21,8.0,70,A
366972020,2021-07-23T01:21:02,46.72429,-92.15783,0.0,203.7,315.0,ARTHUR M ANDERSON,IMO5025691,WDH7563,70,0,233,21,8.0,70,A
366972020,2021-07-23T01:17:41,46.72428,-92.15784,0.0,204.2,315.0,ARTHUR M ANDERSON,IMO5025691,WDH7563,70,0,233,21,8.0,70,A
366972020,2021-07-23T01:23:32,46.7243,-92.15782,0.0,231.9,315.0,ARTHUR M ANDERSON,IMO5025691,WDH7563,70,0,233,21,8.0,70,A
366972020,2021-07-23T01:13:02,46.72431,-92.15783,0.0,142.3,315.0,ARTHUR M ANDERSON,IMO5025691,WDH7563,70,0,233,21,8.0,70,A
366972020,2021-07-23T01:14:10,46.7243,-92.15783,0.0,132.4,314.0,ARTHUR M ANDERSON,IMO5025691,WDH7563,70,0,233,21,8.0,70,A
366972020,2021-07-23T01:11:52,46.7243,-92.15782,0.0,146.7,315.0,ARTHUR M ANDERSON,IMO5025691,WDH7563,70,0,233,21,8.0,70,A
366972020,2021-07-23T01:25:50,46.7243,-92.15783,0.0,289.5,314.0,ARTHUR M ANDERSON,IMO5025691,WDH7563,70,0,233,21,8.0,70,A
366972020,2021-07-23T01:30:32,46.72429,-92.15784,0.0,84.9,315.0,ARTHUR M ANDERSON,IMO5025691,WDH7563,70,0,233,21,8.0,70,A
366972020,2021-07-23T01:22:11,46.7243,-92.15783,0.0,226.2,315.0,ARTHUR M ANDERSON,IMO5025691,WDH7563,70,0,233,21,8.0,70,A
366972020,2021-07-23T01:24:41,46.7243,-92.15783,0.0,137.6,314.0,ARTHUR M ANDERSON,IMO5025691,WDH7563,70,0,233,21,8.0,70,A
366972020,2021-07-23T01:27:01,46.72431,-92.15783,0.0,303.0,314.0,ARTHUR M ANDERSON,IMO5025691,WDH7563,70,0,233,21,8.0,70,A
366972020,2021-07-23T01:28:12,46.7243,-92.15785,0.0,300.2,315.0,ARTHUR M ANDERSON,IMO5025691,WDH7563,70,0,233,21,8.0,70,A
366972020,2021-07-23T01:38:41,46.72429,-92.15782,0.0,55.2,315.0,ARTHUR M ANDERSON,IMO5025691,WDH7563,70,0,233,21,8.0,70,A
366972020,2021-07-23T01:31:41,46.7243,-92.15784,0.0,117.0,315.0,ARTHUR M ANDERSON,IMO5025691,WDH7563,70,0,233,21,8.0,70,A
366972020,2021-07-23T01:35:12,46.72429,-92.15784,0.0,226.9,315.0,ARTHUR M ANDERSON,IMO5025691,WDH7563,70,0,233,21,8.0,70,A
366972020,2021-07-23T01:42:11,46.7243,-92.15784,0.0,330.8,315.0,ARTHUR M ANDERSON,IMO5025691,WDH7563,70,0,233,21,8.0,70,A
366972020,2021-07-23T01:36:22,46.72429,-92.15785,0.0,189.7,315.0,ARTHUR M ANDERSON,IMO5025691,WDH7563,70,0,233,21,8.0,70,A
366972020,2021-07-23T01:32:51,46.72429,-92.15784,0.0,12.7,315.0,ARTHUR M ANDERSON,IMO5025691,WDH7563,70,0,233,21,8.0,70,A
366972020,2021-07-23T01:41:01,46.7243,-92.15784,0.0,46.7,315.0,ARTHUR M ANDERSON,IMO5025691,WDH7563,70,0,233,21,8.0,70,A
366972020,2021-07-23T01:34:02,46.7243,-92.15785,0.0,244.9,315.0,ARTHUR M ANDERSON,IMO5025691,WDH7563,70,0,233,21,8.0,70,A
366972020,2021-07-23T01:39:51,46.72429,-92.15784,0.0,245.3,315.0,ARTHUR M ANDERSON,IMO5025691,WDH7563,70,0,233,21,8.0,70,A
366972020,2021-07-23T01:51:20,46.7243,-92.15784,0.0,104.8,315.0,ARTHUR M ANDERSON,IMO5025691,WDH7563,70,0,233,21,8.0,70,A
366972020,2021-07-23T01:29:22,46.7243,-92.15786,0.0,251.2,315.0,ARTHUR M ANDERSON,IMO5025691,WDH7563,70,0,233,21,8.0,70,A
366972020,2021-07-23T01:43:12,46.72427,-92.15784,0.0,231.9,315.0,ARTHUR M ANDERSON,IMO5025691,WDH7563,70,0,233,21,8.0,70,A
366972020,2021-07-23T01:45:32,46.72428,-92.15782,0.0,69.2,315.0,ARTHUR M ANDERSON,IMO5025691,WDH7563,70,0,233,21,8.0,70,A
366972020,2021-07-23T01:50:12,46.7243,-92.15783,0.0,29.9,315.0,ARTHUR M ANDERSON,IMO5025691,WDH7563,70,0,233,21,8.0,70,A
366972020,2021-07-23T00:37:12,46.72428,-92.15783,0.0,34.0,315.0,ARTHUR M ANDERSON,IMO5025691,WDH7563,70,0,233,21,8.0,70,A
366972020,2021-07-23T00:38:21,46.72429,-92.15783,0.0,190.8,315.0,ARTHUR M ANDERSON,IMO5025691,WDH7563,70,0,233,21,8.0,70,A
366972020,2021-07-23T01:55:52,46.72429,-92.15784,0.0,205.2,315.0,ARTHUR M ANDERSON,IMO5025691,WDH7563,70,0,233,21,8.0,70,A
366972020,2021-07-23T01:52:32,46.7243,-92.15783,0.0,230.6,315.0,ARTHUR M ANDERSON,IMO5025691,WDH7563,70,0,233,21,8.0,70,A
366972020,2021-07-23T01:37:31,46.72429,-92.15783,0.0,230.3,315.0,ARTHUR M ANDERSON,IMO5025691,WDH7563,70,0,233,21,8.0,70,A
366972020,2021-07-23T00:40:40,46.7243,-92.15783,0.0,219.3,315.0,ARTHUR M ANDERSON,IMO5025691,WDH7563,70,0,233,21,8.0,70,A
366972020,2021-07-23T01:54:51,46.7243,-92.15784,0.0,66.9,315.0,ARTHUR M ANDERSON,IMO5025691,WDH7563,70,0,233,21,8.0,70,A
366972020,2021-07-23T01:46:40,46.7243,-92.15782,0.0,295.8,315.0,ARTHUR M ANDERSON,IMO5025691,WDH7563,70,0,233,21,8.0,70,A
366972020,2021-07-23T01:47:51,46.7243,-92.15783,0.0,216.7,315.0,ARTHUR M ANDERSON,IMO5025691,WDH7563,70,0,233,21,8.0,70,A
366972020,2021-07-23T01:49:02,46.7243,-92.15784,0.0,236.1,315.0,ARTHUR M ANDERSON,IMO5025691,WDH7563,70,0,233,21,8.0,70,A
366972020,2021-07-23T00:50:01,46.72429,-92.15781,0.0,353.1,314.0,ARTHUR M ANDERSON,IMO5025691,WDH7563,70,0,233,21,8.0,70,A
366972020,2021-07-23T02:01:11,46.7243,-92.15783,0.0,318.4,315.0,ARTHUR M ANDERSON,IMO5025691,WDH7563,70,0,233,21,8.0,70,A
366972020,2021-07-23T00:51:11,46.72429,-92.15782,0.0,37.0,314.0,ARTHUR M ANDERSON,IMO5025691,WDH7563,70,0,233,21,8.0,70,A
366972020,2021-07-23T02:02:20,46.72431,-92.15783,0.0,255.1,315.0,ARTHUR M ANDERSON,IMO5025691,WDH7563,70,0,233,21,8.0,70,A
366972020,2021-07-23T02:04:42,46.7243,-92.15782,0.0,228.2,315.0,ARTHUR M ANDERSON,IMO5025691,WDH7563,70,0,233,21,8.0,70,A
366972020,2021-07-23T01:53:41,46.72429,-92.15783,0.0,199.1,315.0,ARTHUR M ANDERSON,IMO5025691,WDH7563,70,0,233,21,8.0,70,A
366972020,2021-07-23T02:09:12,46.7243,-92.15784,0.0,337.8,315.0,ARTHUR M ANDERSON,IMO5025691,WDH7563,70,0,233,21,8.0,70,A
366972020,2021-07-23T02:17:22,46.7243,-92.15783,0.0,292.5,314.0,ARTHUR M ANDERSON,IMO5025691,WDH7563,70,0,233,21,8.0,70,A
366972020,2021-07-23T02:12:51,46.72431,-92.15783,0.0,343.9,314.0,ARTHUR M ANDERSON,IMO5025691,WDH7563,70,0,233,21,8.0,70,A
366972020,2021-07-23T02:07:01,46.72429,-92.15784,0.0,243.5,314.0,ARTHUR M ANDERSON,IMO5025691,WDH7563,70,0,233,21,8.0,70,A
366972020,2021-07-23T01:58:11,46.72429,-92.15782,0.0,30.2,314.0,ARTHUR M ANDERSON,IMO5025691,WDH7563,70,0,233,21,8.0,70,A
366972020,2021-07-23T02:18:32,46.7243,-92.15784,0.0,324.8,314.0,ARTHUR M ANDERSON,IMO5025691,WDH7563,70,0,233,21,8.0,70,A
366972020,2021-07-23T02:03:31,46.7243,-92.15782,0.0,39.7,315.0,ARTHUR M ANDERSON,IMO5025691,WDH7563,70,0,233,21,8.0,70,A
366972020,2021-07-23T02:05:51,46.72429,-92.15783,0.0,165.9,315.0,ARTHUR M ANDERSON,IMO5025691,WDH7563,70,0,233,21,8.0,70,A
366972020,2021-07-23T02:30:11,46.72423,-92.15782,0.2,141.0,315.0,ARTHUR M ANDERSON,IMO5025691,WDH7563,70,0,233,21,8.0,70,A
366972020,2021-07-23T02:33:41,46.72364,-92.15717,1.2,143.3,318.0,ARTHUR M ANDERSON,IMO5025691,WDH7563,70,0,233,21,8.0,70,A
366972020,2021-07-23T02:08:11,46.7243,-92.15783,0.0,24.4,314.0,ARTHUR M ANDERSON,IMO5025691,WDH7563,70,0,233,21,8.0,70,A
366972020,2021-07-23T02:25:32,46.72429,-92.15784,0.0,9.1,314.0,ARTHUR M ANDERSON,IMO5025691,WDH7563,70,0,233,21,8.0,70,A
366972020,2021-07-23T02:26:41,46.72429,-92.15783,0.0,163.1,315.0,ARTHUR M ANDERSON,IMO5025691,WDH7563,70,0,233,21,8.0,70,A
366972020,2021-07-23T02:24:21,46.7243,-92.15784,0.0,113.4,315.0,ARTHUR M ANDERSON,IMO5025691,WDH7563,70,0,233,21,8.0,70,A
366972020,2021-07-23T02:10:22,46.7243,-92.15784,0.0,46.0,315.0,ARTHUR M ANDERSON,IMO5025691,WDH7563,70,0,233,21,8.0,70,A
366972020,2021-07-23T02:23:12,46.72431,-92.15785,0.0,330.0,316.0,ARTHUR M ANDERSON,IMO5025691,WDH7563,70,0,233,21,8.0,70,A
366972020,2021-07-23T02:27:51,46.72427,-92.15785,0.1,221.0,314.0,ARTHUR M ANDERSON,IMO5025691,WDH7563,70,0,233,21,8.0,70,A
366972020,2021-07-23T02:29:01,46.72426,-92.15786,0.0,79.3,314.0,ARTHUR M ANDERSON,IMO5025691,WDH7563,70,0,233,21,8.0,70,A
366972020,2021-07-23T02:15:02,46.7243,-92.15784,0.0,10.4,314.0,ARTHUR M ANDERSON,IMO5025691,WDH7563,70,0,233,21,8.0,70,A
366972020,2021-07-23T02:38:11,46.72268,-92.15583,0.9,132.4,323.0,ARTHUR M ANDERSON,IMO5025691,WDH7563,70,0,233,21,8.0,70,A
366972020,2021-07-23T02:20:50,46.7243,-92.15783,0.0,265.4,315.0,ARTHUR M ANDERSON,IMO5025691,WDH7563,70,0,233,21,8.0,70,A
366972020,2021-07-23T02:22:01,46.72429,-92.15784,0.0,307.3,315.0,ARTHUR M ANDERSON,IMO5025691,WDH7563,70,0,233,21,8.0,70,A
366972020,2021-07-23T02:39:21,46.72246,-92.15549,1.0,135.0,325.0,ARTHUR M ANDERSON,IMO5025691,WDH7563,70,0,233,21,8.0,70,A
366972020,2021-07-23T02:31:20,46.72412,-92.1577,0.5,148.3,316.0,ARTHUR M ANDERSON,IMO5025691,WDH7563,70,0,233,21,8.0,70,A
366972020,2021-07-23T02:46:21,46.72109,-92.15371,0.7,146.0,358.0,ARTHUR M ANDERSON,IMO5025691,WDH7563,70,0,233,21,8.0,70,A
366972020,2021-07-23T02:44:00,46.72145,-92.15414,0.8,143.2,344.0,ARTHUR M ANDERSON,IMO5025691,WDH7563,70,0,233,21,8.0,70,A
366972020,2021-07-23T02:48:32,46.72061,-92.15335,0.9,164.0,16.0,ARTHUR M ANDERSON,IMO5025691,WDH7563,70,0,233,21,8.0,70,A
366972020,2021-07-23T02:47:23,46.72089,-92.15352,0.9,144.2,8.0,ARTHUR M ANDERSON,IMO5025691,WDH7563,70,0,233,21,8.0,70,A
366972020,2021-07-23T02:51:01,46.71992,-92.15315,1.1,165.8,31.0,ARTHUR M ANDERSON,IMO5025691,WDH7563,70,0,233,21,8.0,70,A
366972020,2021-07-23T02:53:07,46.71925,-92.15284,1.0,154.2,55.0,ARTHUR M ANDERSON,IMO5025691,WDH7563,70,0,233,21,8.0,70,A
366972020,2021-07-23T02:34:51,46.72333,-92.15684,1.0,137.0,318.0,ARTHUR M ANDERSON,IMO5025691,WDH7563,70,0,233,21,8.0,70,A
366972020,2021-07-23T02:36:01,46.72311,-92.15647,1.0,132.6,320.0,ARTHUR M ANDERSON,IMO5025691,WDH7563,70,0,233,21,8.0,70,A
366972020,2021-07-23T02:54:11,46.71904,-92.15257,0.9,126.2,66.0,ARTHUR M ANDERSON,IMO5025691,WDH7563,70,0,233,21,8.0,70,A
366972020,2021-07-23T03:04:21,46.72151,-92.14449,2.5,31.8,34.0,ARTHUR M ANDERSON,IMO5025691,WDH7563,70,0,233,21,8.0,70,A
366972020,2021-07-23T02:40:31,46.72221,-92.15515,1.0,136.8,328.0,ARTHUR M ANDERSON,IMO5025691,WDH7563,70,0,233,21,8.0,70,A
366972020,2021-07-23T02:45:11,46.72127,-92.15393,0.6,138.4,350.0,ARTHUR M ANDERSON,IMO5025691,WDH7563,70,0,233,21,8.0,70,A
366972020,2021-07-23T02:57:42,46.71905,-92.15028,2.4,81.8,76.0,ARTHUR M ANDERSON,IMO5025691,WDH7563,70,0,233,21,8.0,70,A
366972020,2021-07-23T03:03:11,46.72085,-92.14517,2.5,39.1,41.0,ARTHUR M ANDERSON,IMO5025691,WDH7563,70,0,233,21,8.0,70,A
366972020,2021-07-23T03:05:32,46.72225,-92.14392,2.5,25.0,28.0,ARTHUR M ANDERSON,IMO5025691,WDH7563,70,0,233,21,8.0,70,A
366972020,2021-07-23T02:49:42,46.72031,-92.15327,0.9,169.7,23.0,ARTHUR M ANDERSON,IMO5025691,WDH7563,70,0,233,21,8.0,70,A
366972020,2021-07-23T02:41:42,46.72196,-92.15479,1.0,136.9,332.0,ARTHUR M ANDERSON,IMO5025691,WDH7563,70,0,233,21,8.0,70,A
366972020,2021-07-23T02:52:04,46.71956,-92.15301,1.2,164.2,42.0,ARTHUR M ANDERSON,IMO5025691,WDH7563,70,0,233,21,8.0,70,A
366972020,2021-07-23T03:09:01,46.72469,-92.14328,2.5,3.6,4.0,ARTHUR M ANDERSON,IMO5025691,WDH7563,70,0,233,21,8.0,70,A
366972020,2021-07-23T03:06:42,46.72304,-92.1435,2.5,15.6,21.0,ARTHUR M ANDERSON,IMO5025691,WDH7563,70,0,233,21,8.0,70,A
366972020,2021-07-23T02:55:22,46.71894,-92.15206,1.3,97.2,75.0,ARTHUR M ANDERSON,IMO5025691,WDH7563,70,0,233,21,8.0,70,A
366972020,2021-07-23T03:19:31,46.73255,-92.14346,2.7,359.9,2.0,ARTHUR M ANDERSON,IMO5025691,WDH7563,70,0,233,21,8.0,70,A
366972020,2021-07-23T01:10:42,46.72429,-92.15783,0.0,217.2,314.0,ARTHUR M ANDERSON,IMO5025691,WDH7563,70,0,233,21,8.0,70,A
366972020,2021-07-23T03:00:01,46.71945,-92.1478,2.7,69.0,71.0,ARTHUR M ANDERSON,IMO5025691,WDH7563,70,0,233,21,8.0,70,A
366972020,2021-07-23T03:22:51,46.73489,-92.14275,2.4,26.4,24.0,ARTHUR M ANDERSON,IMO5025691,WDH7563,70,0,233,21,8.0,70,A
366972020,2021-07-23T03:24:01,46.73555,-92.14214,2.4,37.5,33.0,ARTHUR M ANDERSON,IMO5025691,WDH7563,70,0,233,21,8.0,70,A
366972020,2021-07-23T03:20:41,46.73343,-92.14343,2.7,4.4,5.0,ARTHUR M ANDERSON,IMO5025691,WDH7563,70,0,233,21,8.0,70,A
366972020,2021-07-23T02:56:32,46.71896,-92.15129,1.8,82.8,76.0,ARTHUR M ANDERSON,IMO5025691,WDH7563,70,0,233,21,8.0,70,A
366972020,2021-07-23T01:16:30,46.7243,-92.15784,0.0,260.4,315.0,ARTHUR M ANDERSON,IMO5025691,WDH7563,70,0,233,21,8.0,70,A
366972020,2021-07-23T03:28:41,46.73691,-92.13851,2.4,68.5,66.0,ARTHUR M ANDERSON,IMO5025691,WDH7563,70,0,233,21,8.0,70,A
366972020,2021-07-23T02:58:51,46.7192,-92.14905,2.7,79.0,76.0,ARTHUR M ANDERSON,IMO5025691,WDH7563,70,0,233,21,8.0,70,A
366972020,2021-07-23T03:29:52,46.73724,-92.13729,2.9,68.4,66.0,ARTHUR M ANDERSON,IMO5025691,WDH7563,70,0,233,21,8.0,70,A
366972020,2021-07-23T03:26:08,46.73638,-92.14062,2.1,64.6,54.0,ARTHUR M ANDERSON,IMO5025691,WDH7563,70,0,233,21,8.0,70,A
366972020,2021-07-23T03:31:02,46.73762,-92.1359,3.3,67.9,66.0,ARTHUR M ANDERSON,IMO5025691,WDH7563,70,0,233,21,8.0,70,A
366972020,2021-07-23T03:07:52,46.72387,-92.14332,2.5,4.8,11.0,ARTHUR M ANDERSON,IMO5025691,WDH7563,70,0,233,21,8.0,70,A
366972020,2021-07-23T03:32:12,46.73805,-92.13438,3.6,67.7,65.0,ARTHUR M ANDERSON,IMO5025691,WDH7563,70,0,233,21,8.0,70,A
366972020,2021-07-23T03:12:31,46.72724,-92.14319,2.7,0.6,3.0,ARTHUR M ANDERSON,IMO5025691,WDH7563,70,0,233,21,8.0,70,A
366972020,2021-07-23T03:37:52,46.74037,-92.12675,3.4,66.1,64.0,ARTHUR M ANDERSON,IMO5025691,WDH7563,70,0,233,21,8.0,70,A
366972020,2021-07-23T03:35:41,46.73951,-92.12957,3.5,65.4,65.0,ARTHUR M ANDERSON,IMO5025691,WDH7563,70,0,233,21,8.0,70,A
366972020,2021-07-23T03:36:51,46.73997,-92.12805,3.4,66.8,65.0,ARTHUR M ANDERSON,IMO5025691,WDH7563,70,0,233,21,8.0,70,A
366972020,2021-07-23T03:25:05,46.73605,-92.14142,2.2,50.6,43.0,ARTHUR M ANDERSON,IMO5025691,WDH7563,70,0,233,21,8.0,70,A
366972020,2021-07-23T03:10:10,46.7255,-92.14323,2.5,359.5,3.0,ARTHUR M ANDERSON,IMO5025691,WDH7563,70,0,233,21,8.0,70,A
366972020,2021-07-23T03:11:22,46.72637,-92.14321,2.6,0.8,2.0,ARTHUR M ANDERSON,IMO5025691,WDH7563,70,0,233,21,8.0,70,A
366972020,2021-07-23T03:46:45,46.74331,-92.11786,1.1,102.3,80.0,ARTHUR M ANDERSON,IMO5025691,WDH7563,70,0,233,21,8.0,70,A
366972020,2021-07-23T03:13:42,46.72814,-92.14316,2.7,2.1,4.0,ARTHUR M ANDERSON,IMO5025691,WDH7563,70,0,233,21,8.0,70,A
366972020,2021-07-23T03:14:52,46.72903,-92.14314,2.7,356.9,2.0,ARTHUR M ANDERSON,IMO5025691,WDH7563,70,0,233,21,8.0,70,A
366972020,2021-07-23T03:16:01,46.7299,-92.14326,2.7,354.5,357.0,ARTHUR M ANDERSON,IMO5025691,WDH7563,70,0,233,21,8.0,70,A
366972020,2021-07-23T03:52:32,46.74317,-92.11866,1.2,287.3,102.0,ARTHUR M ANDERSON,IMO5025691,WDH7563,70,0,233,21,8.0,70,A
366972020,2021-07-23T03:57:12,46.74357,-92.12196,2.1,279.7,105.0,ARTHUR M ANDERSON,IMO5025691,WDH7563,70,0,233,21,8.0,70,A
366972020,2021-07-23T03:21:45,46.73419,-92.14319,2.5,17.9,14.0,ARTHUR M ANDERSON,IMO5025691,WDH7563,70,0,233,21,8.0,70,A
366972020,2021-07-23T03:51:21,46.7431,-92.11814,0.9,279.2,102.0,ARTHUR M ANDERSON,IMO5025691,WDH7563,70,0,233,21,8.0,70,A
366972020,2021-07-23T04:00:02,46.74381,-92.1243,2.0,274.8,106.0,ARTHUR M ANDERSON,IMO5025691,WDH7563,70,0,233,21,8.0,70,A
366972020,2021-07-23T03:34:31,46.73901,-92.13114,3.6,65.1,64.0,ARTHUR M ANDERSON,IMO5025691,WDH7563,70,0,233,21,8.0,70,A
366972020,2021-07-23T03:59:31,46.74377,-92.12387,2.0,278.5,106.0,ARTHUR M ANDERSON,IMO5025691,WDH7563,70,0,233,21,8.0,70,A
366972020,2021-07-23T03:56:02,46.74345,-92.12101,2.0,278.1,104.0,ARTHUR M ANDERSON,IMO5025691,WDH7563,70,0,233,21,8.0,70,A
366972020,2021-07-23T03:41:12,46.74176,-92.12285,3.1,60.7,58.0,ARTHUR M ANDERSON,IMO5025691,WDH7563,70,0,233,21,8.0,70,A
366972020,2021-07-23T03:39:01,46.74081,-92.12531,3.3,63.5,63.0,ARTHUR M ANDERSON,IMO5025691,WDH7563,70,0,233,21,8.0,70,A
366972020,2021-07-23T01:18:51,46.72429,-92.15784,0.0,247.3,315.0,ARTHUR M ANDERSON,IMO5025691,WDH7563,70,0,233,21,8.0,70,A
366972020,2021-07-23T03:27:32,46.73665,-92.13948,2.0,70.8,66.0,ARTHUR M ANDERSON,IMO5025691,WDH7563,70,0,233,21,8.0,70,A
366972020,2021-07-23T04:07:02,46.74428,-92.12968,1.6,295.7,132.0,ARTHUR M ANDERSON,IMO5025691,WDH7563,70,0,233,21,8.0,70,A
366972020,2021-07-23T03:44:41,46.74316,-92.11927,2.3,63.3,59.0,ARTHUR M ANDERSON,IMO5025691,WDH7563,70,0,233,21,8.0,70,A
366972020,2021-07-23T03:42:21,46.74226,-92.12158,3.1,60.2,58.0,ARTHUR M ANDERSON,IMO5025691,WDH7563,70,0,233,21,8.0,70,A
366972020,2021-07-23T04:03:32,46.7439,-92.12716,1.9,275.3,118.0,ARTHUR M ANDERSON,IMO5025691,WDH7563,70,0,233,21,8.0,70,A
366972020,2021-07-23T04:09:21,46.74479,-92.13096,1.5,304.1,138.0,ARTHUR M ANDERSON,IMO5025691,WDH7563,70,0,233,21,8.0,70,A
366972020,2021-07-23T04:11:42,46.74541,-92.13195,1.1,313.5,139.0,ARTHUR M ANDERSON,IMO5025691,WDH7563,70,0,233,21,8.0,70,A
366972020,2021-07-23T03:49:01,46.74307,-92.11756,0.2,221.4,99.0,ARTHUR M ANDERSON,IMO5025691,WDH7563,70,0,233,21,8.0,70,A
366972020,2021-07-23T03:50:12,46.74308,-92.11775,0.5,276.8,101.0,ARTHUR M ANDERSON,IMO5025691,WDH7563,70,0,233,21,8.0,70,A
366972020,2021-07-23T03:47:51,46.74319,-92.11757,0.6,138.8,91.0,ARTHUR M ANDERSON,IMO5025691,WDH7563,70,0,233,21,8.0,70,A
366972020,2021-07-23T04:14:02,46.7457,-92.13237,0.1,288.3,136.0,ARTHUR M ANDERSON,IMO5025691,WDH7563,70,0,233,21,8.0,70,A
366972020,2021-07-23T04:15:12,46.74568,-92.13236,0.0,151.4,136.0,ARTHUR M ANDERSON,IMO5025691,WDH7563,70,0,233,21,8.0,70,A
366972020,2021-07-23T04:16:21,46.74566,-92.13235,0.0,226.8,137.0,ARTHUR M ANDERSON,IMO5025691,WDH7563,70,0,233,21,8.0,70,A
366972020,2021-07-23T04:19:50,46.74566,-92.13235,0.0,190.1,136.0,ARTHUR M ANDERSON,IMO5025691,WDH7563,70,0,233,21,8.0,70,A
366972020,2021-07-23T04:20:52,46.74567,-92.13234,0.0,207.4,136.0,ARTHUR M ANDERSON,IMO5025691,WDH7563,70,0,233,21,8.0,70,A
366972020,2021-07-23T04:17:32,46.74567,-92.13234,0.0,95.7,137.0,ARTHUR M ANDERSON,IMO5025691,WDH7563,70,0,233,21,8.0,70,A
366972020,2021-07-23T03:58:22,46.74368,-92.12291,2.0,278.6,105.0,ARTHUR M ANDERSON,IMO5025691,WDH7563,70,0,233,21,8.0,70,A
366972020,2021-07-23T04:23:11,46.7457,-92.1324,0.1,313.8,137.0,ARTHUR M ANDERSON,IMO5025691,WDH7563,70,0,233,21,8.0,70,A
366972020,2021-07-23T04:24:22,46.74576,-92.13248,0.1,314.7,137.0,ARTHUR M ANDERSON,IMO5025691,WDH7563,70,0,233,21,8.0,70,A
366972020,2021-07-23T04:26:41,46.74576,-92.13248,0.0,50.7,136.0,ARTHUR M ANDERSON,IMO5025691,WDH7563,70,0,233,21,8.0,70,A
366972020,2021-07-23T04:01:12,46.74385,-92.12526,2.0,274.3,109.0,ARTHUR M ANDERSON,IMO5025691,WDH7563,70,0,233,21,8.0,70,A
366972020,2021-07-23T04:02:22,46.74386,-92.12623,2.0,269.3,114.0,ARTHUR M ANDERSON,IMO5025691,WDH7563,70,0,233,21,8.0,70,A
366972020,2021-07-23T04:30:11,46.74581,-92.13254,0.2,317.4,136.0,ARTHUR M ANDERSON,IMO5025691,WDH7563,70,0,233,21,8.0,70,A
366972020,2021-07-23T04:31:12,46.74585,-92.13262,0.2,316.6,136.0,ARTHUR M ANDERSON,IMO5025691,WDH7563,70,0,233,21,8.0,70,A
366972020,2021-07-23T03:45:44,46.74333,-92.11844,1.8,84.0,69.0,ARTHUR M ANDERSON,IMO5025691,WDH7563,70,0,233,21,8.0,70,A
366972020,2021-07-23T04:04:40,46.74397,-92.12806,1.9,277.4,123.0,ARTHUR M ANDERSON,IMO5025691,WDH7563,70,0,233,21,8.0,70,A
366972020,2021-07-23T04:34:42,46.74596,-92.13276,0.0,214.4,136.0,ARTHUR M ANDERSON,IMO5025691,WDH7563,70,0,233,21,8.0,70,A
366972020,2021-07-23T04:35:51,46.74596,-92.13276,0.0,97.3,136.0,ARTHUR M ANDERSON,IMO5025691,WDH7563,70,0,233,21,8.0,70,A
366972020,2021-07-23T04:10:32,46.74511,-92.13151,1.5,312.4,139.0,ARTHUR M ANDERSON,IMO5025691,WDH7563,70,0,233,21,8.0,70,A
366972020,2021-07-23T03:53:40,46.74326,-92.1193,1.5,281.3,102.0,ARTHUR M ANDERSON,IMO5025691,WDH7563,70,0,233,21,8.0,70,A
366972020,2021-07-23T04:40:32,46.74595,-92.13276,0.0,66.5,136.0,ARTHUR M ANDERSON,IMO5025691,WDH7563,70,0,233,21,8.0,70,A
366972020,2021-07-23T04:39:21,46.74595,-92.13276,0.0,64.2,136.0,ARTHUR M ANDERSON,IMO5025691,WDH7563,70,0,233,21,8.0,70,A
366972020,2021-07-23T04:37:02,46.74596,-92.13277,0.0,61.7,136.0,ARTHUR M ANDERSON,IMO5025691,WDH7563,70,0,233,21,8.0,70,A
366972020,2021-07-23T03:54:52,46.74335,-92.12011,1.8,278.4,104.0,ARTHUR M ANDERSON,IMO5025691,WDH7563,70,0,233,21,8.0,70,A
366972020,2021-07-23T04:12:51,46.74564,-92.13227,0.6,315.5,138.0,ARTHUR M ANDERSON,IMO5025691,WDH7563,70,0,233,21,8.0,70,A
366972020,2021-07-23T04:22:02,46.74567,-92.13236,0.1,314.7,136.0,ARTHUR M ANDERSON,IMO5025691,WDH7563,70,0,233,21,8.0,70,A
366972020,2021-07-23T04:52:11,46.74596,-92.13276,0.0,184.1,136.0,ARTHUR M ANDERSON,IMO5025691,WDH7563,70,0,233,21,8.0,70,A
366972020,2021-07-23T04:25:32,46.74576,-92.1325,0.0,88.6,136.0,ARTHUR M ANDERSON,IMO5025691,WDH7563,70,0,233,21,8.0,70,A
366972020,2021-07-23T04:45:11,46.74596,-92.13275,0.0,166.5,136.0,ARTHUR M ANDERSON,IMO5025691,WDH7563,70,0,233,21,8.0,70,A
366972020,2021-07-23T04:53:22,46.74596,-92.13276,0.0,160.7,136.0,ARTHUR M ANDERSON,IMO5025691,WDH7563,70,0,233,21,8.0,70,A
366972020,2021-07-23T04:59:12,46.74597,-92.13277,0.0,180.1,136.0,ARTHUR M ANDERSON,IMO5025691,WDH7563,70,0,233,21,8.0,70,A
366972020,2021-07-23T04:54:31,46.74597,-92.13276,0.0,172.5,136.0,ARTHUR M ANDERSON,IMO5025691,WDH7563,70,0,233,21,8.0,70,A
366972020,2021-07-23T04:55:41,46.74597,-92.13275,0.0,173.2,136.0,ARTHUR M ANDERSON,IMO5025691,WDH7563,70,0,233,21,8.0,70,A
366972020,2021-07-23T04:27:52,46.74575,-92.13249,0.0,65.0,136.0,ARTHUR M ANDERSON,IMO5025691,WDH7563,70,0,233,21,8.0,70,A
366972020,2021-07-23T04:29:01,46.74576,-92.1325,0.0,317.4,136.0,ARTHUR M ANDERSON,IMO5025691,WDH7563,70,0,233,21,8.0,70,A
366972020,2021-07-23T04:33:31,46.74596,-92.13274,0.1,322.6,136.0,ARTHUR M ANDERSON,IMO5025691,WDH7563,70,0,233,21,8.0,70,A
366972020,2021-07-23T05:03:31,46.74598,-92.13276,0.0,355.1,136.0,ARTHUR M ANDERSON,IMO5025691,WDH7563,70,0,233,21,8.0,70,A
366972020,2021-07-23T05:06:02,46.74596,-92.13276,0.0,319.6,136.0,ARTHUR M ANDERSON,IMO5025691,WDH7563,70,0,233,21,8.0,70,A
366972020,2021-07-23T05:07:11,46.74597,-92.13275,0.0,275.2,136.0,ARTHUR M ANDERSON,IMO5025691,WDH7563,70,0,233,21,8.0,70,A
366972020,2021-07-23T01:44:21,46.7243,-92.15783,0.0,305.1,315.0,ARTHUR M ANDERSON,IMO5025691,WDH7563,70,0,233,21,8.0,70,A
366972020,2021-07-23T04:41:42,46.74596,-92.13276,0.0,176.8,136.0,ARTHUR M ANDERSON,IMO5025691,WDH7563,70,0,233,21,8.0,70,A
366972020,2021-07-23T04:42:51,46.74595,-92.13274,0.0,66.2,136.0,ARTHUR M ANDERSON,IMO5025691,WDH7563,70,0,233,21,8.0,70,A
366972020,2021-07-23T04:44:01,46.74596,-92.13276,0.0,60.7,136.0,ARTHUR M ANDERSON,IMO5025691,WDH7563,70,0,233,21,8.0,70,A
366972020,2021-07-23T05:16:42,46.74599,-92.13275,0.0,316.5,136.0,ARTHUR M ANDERSON,IMO5025691,WDH7563,70,0,233,21,8.0,70,A
366972020,2021-07-23T04:46:20,46.74598,-92.13276,0.0,160.9,136.0,ARTHUR M ANDERSON,IMO5025691,WDH7563,70,0,233,21,8.0,70,A
366972020,2021-07-23T04:49:52,46.74596,-92.13277,0.0,199.7,136.0,ARTHUR M ANDERSON,IMO5025691,WDH7563,70,0,233,21,8.0,70,A
366972020,2021-07-23T05:22:41,46.74596,-92.13275,0.0,313.4,136.0,ARTHUR M ANDERSON,IMO5025691,WDH7563,70,0,233,21,8.0,70,A
366972020,2021-07-23T05:17:52,46.74598,-92.13276,0.0,330.6,136.0,ARTHUR M ANDERSON,IMO5025691,WDH7563,70,0,233,21,8.0,70,A
366972020,2021-07-23T05:13:00,46.74598,-92.13275,0.0,304.6,136.0,ARTHUR M ANDERSON,IMO5025691,WDH7563,70,0,233,21,8.0,70,A
366972020,2021-07-23T05:21:31,46.74597,-92.13275,0.0,316.0,136.0,ARTHUR M ANDERSON,IMO5025691,WDH7563,70,0,233,21,8.0,70,A
366972020,2021-07-23T04:56:51,46.74596,-92.13275,0.0,174.8,136.0,ARTHUR M ANDERSON,IMO5025691,WDH7563,70,0,233,21,8.0,70,A
366972020,2021-07-23T05:28:32,46.74597,-92.13273,0.0,185.4,137.0,ARTHUR M ANDERSON,IMO5025691,WDH7563,70,0,233,21,8.0,70,A
366972020,2021-07-23T04:58:02,46.74596,-92.13276,0.0,174.2,136.0,ARTHUR M ANDERSON,IMO5025691,WDH7563,70,0,233,21,8.0,70,A
366972020,2021-07-23T05:01:12,46.74596,-92.13276,0.0,274.4,136.0,ARTHUR M ANDERSON,IMO5025691,WDH7563,70,0,233,21,8.0,70,A
366972020,2021-07-23T05:34:21,46.74597,-92.13275,0.0,255.6,137.0,ARTHUR M ANDERSON,IMO5025691,WDH7563,70,0,233,21,8.0,70,A
366972020,2021-07-23T05:04:42,46.74598,-92.13278,0.0,332.0,136.0,ARTHUR M ANDERSON,IMO5025691,WDH7563,70,0,233,21,8.0,70,A
366972020,2021-07-23T05:30:52,46.74597,-92.13274,0.0,291.1,137.0,ARTHUR M ANDERSON,IMO5025691,WDH7563,70,0,233,21,8.0,70,A
366972020,2021-07-23T05:41:12,46.74597,-92.13272,0.0,291.1,137.0,ARTHUR M ANDERSON,IMO5025691,WDH7563,70,0,233,21,8.0,70,A
366972020,2021-07-23T05:32:01,46.74598,-92.13275,0.0,354.3,137.0,ARTHUR M ANDERSON,IMO5025691,WDH7563,70,0,233,21,8.0,70,A
366972020,2021-07-23T05:08:22,46.74597,-92.13275,0.0,295.1,136.0,ARTHUR M ANDERSON,IMO5025691,WDH7563,70,0,233,21,8.0,70,A
366972020,2021-07-23T05:09:30,46.74596,-92.13275,0.0,306.8,136.0,ARTHUR M ANDERSON,IMO5025691,WDH7563,70,0,233,21,8.0,70,A
366972020,2021-07-23T05:33:11,46.74598,-92.13274,0.0,269.2,137.0,ARTHUR M ANDERSON,IMO5025691,WDH7563,70,0,233,21,8.0,70,A
366972020,2021-07-23T05:36:40,46.74596,-92.13273,0.0,282.9,137.0,ARTHUR M ANDERSON,IMO5025691,WDH7563,70,0,233,21,8.0,70,A
366972020,2021-07-23T04:51:01,46.74596,-92.13275,0.0,184.0,136.0,ARTHUR M ANDERSON,IMO5025691,WDH7563,70,0,233,21,8.0,70,A
366972020,2021-07-23T05:44:52,46.74597,-92.13275,0.0,306.0,137.0,ARTHUR M ANDERSON,IMO5025691,WDH7563,70,0,233,21,8.0,70,A
366972020,2021-07-23T05:40:02,46.74597,-92.13274,0.0,274.1,137.0,ARTHUR M ANDERSON,IMO5025691,WDH7563,70,0,233,21,8.0,70,A
366972020,2021-07-23T05:37:52,46.74597,-92.13273,0.0,275.5,137.0,ARTHUR M ANDERSON,IMO5025691,WDH7563,70,0,233,21,8.0,70,A
366972020,2021-07-23T05:49:30,46.74598,-92.13274,0.0,281.8,137.0,ARTHUR M ANDERSON,IMO5025691,WDH7563,70,0,233,21,8.0,70,A
366972020,2021-07-23T05:39:01,46.74596,-92.13274,0.0,301.1,137.0,ARTHUR M ANDERSON,IMO5025691,WDH7563,70,0,233,21,8.0,70,A
366972020,2021-07-23T05:19:10,46.74596,-92.13276,0.0,323.2,136.0,ARTHUR M ANDERSON,IMO5025691,WDH7563,70,0,233,21,8.0,70,A
366972020,2021-07-23T05:00:02,46.74598,-92.13277,0.0,189.6,136.0,ARTHUR M ANDERSON,IMO5025691,WDH7563,70,0,233,21,8.0,70,A
366972020,2021-07-23T05:43:32,46.74596,-92.13275,0.0,323.4,137.0,ARTHUR M ANDERSON,IMO5025691,WDH7563,70,0,233,21,8.0,70,A
366972020,2021-07-23T05:02:21,46.74597,-92.13277,0.0,346.0,136.0,ARTHUR M ANDERSON,IMO5025691,WDH7563,70,0,233,21,8.0,70,A
366972020,2021-07-23T05:47:11,46.74596,-92.13274,0.0,294.0,137.0,ARTHUR M ANDERSON,IMO5025691,WDH7563,70,0,233,21,8.0,70,A
366972020,2021-07-23T05:54:12,46.74595,-92.13274,0.0,320.6,137.0,ARTHUR M ANDERSON,IMO5025691,WDH7563,70,0,233,21,8.0,70,A
366972020,2021-07-23T05:23:52,46.74596,-92.13275,0.0,268.7,136.0,ARTHUR M ANDERSON,IMO5025691,WDH7563,70,0,233,21,8.0,70,A
366972020,2021-07-23T05:56:31,46.74597,-92.13273,0.0,329.6,137.0,ARTHUR M ANDERSON,IMO5025691,WDH7563,70,0,233,21,8.0,70,A
366972020,2021-07-23T05:48:21,46.74598,-92.13273,0.0,311.6,137.0,ARTHUR M ANDERSON,IMO5025691,WDH7563,70,0,233,21,8.0,70,A
366972020,2021-07-23T05:57:41,46.74596,-92.13273,0.0,329.6,137.0,ARTHUR M ANDERSON,IMO5025691,WDH7563,70,0,233,21,8.0,70,A
366972020,2021-07-23T01:57:01,46.7243,-92.15783,0.0,61.8,314.0,ARTHUR M ANDERSON,IMO5025691,WDH7563,70,0,233,21,8.0,70,A
366972020,2021-07-23T05:27:22,46.74597,-92.13274,0.0,319.9,136.0,ARTHUR M ANDERSON,IMO5025691,WDH7563,70,0,233,21,8.0,70,A
366972020,2021-07-23T05:29:42,46.74598,-92.13275,0.0,113.6,137.0,ARTHUR M ANDERSON,IMO5025691,WDH7563,70,0,233,21,8.0,70,A
366972020,2021-07-23T01:59:22,46.7243,-92.15784,0.0,19.6,314.0,ARTHUR M ANDERSON,IMO5025691,WDH7563,70,0,233,21,8.0,70,A
366972020,2021-07-23T06:02:21,46.74596,-92.13272,0.0,182.1,137.0,ARTHUR M ANDERSON,IMO5025691,WDH7563,70,0,233,21,8.0,70,A
366972020,2021-07-23T02:00:00,46.7243,-92.15783,0.0,227.6,315.0,ARTHUR M ANDERSON,IMO5025691,WDH7563,70,0,233,21,8.0,70,A
366972020,2021-07-23T05:10:42,46.74595,-92.13275,0.0,300.5,136.0,ARTHUR M ANDERSON,IMO5025691,WDH7563,70,0,233,21,8.0,70,A
366972020,2021-07-23T06:08:12,46.74597,-92.13271,0.0,283.0,137.0,ARTHUR M ANDERSON,IMO5025691,WDH7563,70,0,233,21,8.0,70,A
366972020,2021-07-23T06:10:32,46.74596,-92.13272,0.0,294.3,137.0,ARTHUR M ANDERSON,IMO5025691,WDH7563,70,0,233,21,8.0,70,A
366972020,2021-07-23T05:11:50,46.74597,-92.13277,0.0,309.3,136.0,ARTHUR M ANDERSON,IMO5025691,WDH7563,70,0,233,21,8.0,70,A
366972020,2021-07-23T06:09:21,46.74597,-92.13272,0.0,287.2,137.0,ARTHUR M ANDERSON,IMO5025691,WDH7563,70,0,233,21,8.0,70,A
366972020,2021-07-23T05:42:20,46.74597,-92.13275,0.0,288.0,137.0,ARTHUR M ANDERSON,IMO5025691,WDH7563,70,0,233,21,8.0,70,A
366972020,2021-07-23T05:14:10,46.74598,-92.13275,0.0,313.5,136.0,ARTHUR M ANDERSON,IMO5025691,WDH7563,70,0,233,21,8.0,70,A
366972020,2021-07-23T05:46:01,46.74596,-92.13275,0.0,303.3,137.0,ARTHUR M ANDERSON,IMO5025691,WDH7563,70,0,233,21,8.0,70,A
366972020,2021-07-23T06:14:12,46.74598,-92.13273,0.0,290.1,137.0,ARTHUR M ANDERSON,IMO5025691,WDH7563,70,0,233,21,8.0,70,A
366972020,2021-07-23T05:50:41,46.74596,-92.13274,0.0,296.5,137.0,ARTHUR M ANDERSON,IMO5025691,WDH7563,70,0,233,21,8.0,70,A
366972020,2021-07-23T06:16:31,46.74598,-92.13275,0.0,284.9,137.0,ARTHUR M ANDERSON,IMO5025691,WDH7563,70,0,233,21,8.0,70,A
366972020,2021-07-23T06:11:42,46.74596,-92.13272,0.0,326.1,137.0,ARTHUR M ANDERSON,IMO5025691,WDH7563,70,0,233,21,8.0,70,A
366972020,2021-07-23T05:20:21,46.74596,-92.13275,0.0,305.0,136.0,ARTHUR M ANDERSON,IMO5025691,WDH7563,70,0,233,21,8.0,70,A
366972020,2021-07-23T06:22:32,46.74597,-92.13272,0.0,229.7,137.0,ARTHUR M ANDERSON,IMO5025691,WDH7563,70,0,233,21,8.0,70,A
366972020,2021-07-23T05:53:01,46.74595,-92.13274,0.0,286.1,137.0,ARTHUR M ANDERSON,IMO5025691,WDH7563,70,0,233,21,8.0,70,A
366972020,2021-07-23T06:23:41,46.74596,-92.13269,0.0,259.2,137.0,ARTHUR M ANDERSON,IMO5025691,WDH7563,70,0,233,21,8.0,70,A
366972020,2021-07-23T02:11:31,46.7243,-92.15783,0.0,8.9,315.0,ARTHUR M ANDERSON,IMO5025691,WDH7563,70,0,233,21,8.0,70,A
366972020,2021-07-23T05:55:22,46.74597,-92.13274,0.0,305.0,137.0,ARTHUR M ANDERSON,IMO5025691,WDH7563,70,0,233,21,8.0,70,A
366972020,2021-07-23T05:58:50,46.74597,-92.13273,0.0,338.7,137.0,ARTHUR M ANDERSON,IMO5025691,WDH7563,70,0,233,21,8.0,70,A
366972020,2021-07-23T05:26:12,46.74598,-92.13275,0.0,228.9,136.0,ARTHUR M ANDERSON,IMO5025691,WDH7563,70,0,233,21,8.0,70,A
366972020,2021-07-23T06:27:11,46.74598,-92.1327,0.0,221.1,137.0,ARTHUR M ANDERSON,IMO5025691,WDH7563,70,0,233,21,8.0,70,A
366972020,2021-07-23T06:24:51,46.74597,-92.13269,0.0,318.7,137.0,ARTHUR M ANDERSON,IMO5025691,WDH7563,70,0,233,21,8.0,70,A
366972020,2021-07-23T06:03:31,46.74597,-92.13272,0.0,192.8,137.0,ARTHUR M ANDERSON,IMO5025691,WDH7563,70,0,233,21,8.0,70,A
366972020,2021-07-23T06:26:01,46.74597,-92.13269,0.0,315.3,137.0,ARTHUR M ANDERSON,IMO5025691,WDH7563,70,0,233,21,8.0,70,A
366972020,2021-07-23T02:14:01,46.7243,-92.15784,0.0,307.1,314.0,ARTHUR M ANDERSON,IMO5025691,WDH7563,70,0,233,21,8.0,70,A
366972020,2021-07-23T06:28:30,46.74597,-92.13269,0.0,264.7,137.0,ARTHUR M ANDERSON,IMO5025691,WDH7563,70,0,233,21,8.0,70,A
366972020,2021-07-23T02:16:12,46.7243,-92.15783,0.0,259.0,314.0,ARTHUR M ANDERSON,IMO5025691,WDH7563,70,0,233,21,8.0,70,A
366972020,2021-07-23T06:35:31,46.74587,-92.13258,0.1,132.0,137.0,ARTHUR M ANDERSON,IMO5025691,WDH7563,70,0,233,21,8.0,70,A
366972020,2021-07-23T06:07:02,46.74597,-92.13273,0.0,328.3,137.0,ARTHUR M ANDERSON,IMO5025691,WDH7563,70,0,233,21,8.0,70,A
366972020,2021-07-23T06:34:21,46.74592,-92.13261,0.1,140.3,136.0,ARTHUR M ANDERSON,IMO5025691,WDH7563,70,0,233,21,8.0,70,A
366972020,2021-07-23T02:19:42,46.7243,-92.15784,0.0,298.6,314.0,ARTHUR M ANDERSON,IMO5025691,WDH7563,70,0,233,21,8.0,70,A
366972020,2021-07-23T06:37:52,46.74581,-92.13247,0.1,146.0,136.0,ARTHUR M ANDERSON,IMO5025691,WDH7563,70,0,233,21,8.0,70,A
366972020,2021-07-23T06:39:01,46.74576,-92.13241,0.1,134.7,136.0,ARTHUR M ANDERSON,IMO5025691,WDH7563,70,0,233,21,8.0,70,A
366972020,2021-07-23T06:40:12,46.74573,-92.13237,0.1,133.9,136.0,ARTHUR M ANDERSON,IMO5025691,WDH7563,70,0,233,21,8.0,70,A
366972020,2021-07-23T06:18:50,46.74598,-92.13274,0.0,276.6,137.0,ARTHUR M ANDERSON,IMO5025691,WDH7563,70,0,233,21,8.0,70,A
366972020,2021-07-23T06:41:21,46.74569,-92.13232,0.1,131.3,136.0,ARTHUR M ANDERSON,IMO5025691,WDH7563,70,0,233,21,8.0,70,A
366972020,2021-07-23T06:13:01,46.74597,-92.13272,0.0,296.7,137.0,ARTHUR M ANDERSON,IMO5025691,WDH7563,70,0,233,21,8.0,70,A
366972020,2021-07-23T06:19:51,46.74599,-92.13273,0.0,218.5,137.0,ARTHUR M ANDERSON,IMO5025691,WDH7563,70,0,233,21,8.0,70,A
366972020,2021-07-23T06:42:32,46.74566,-92.13229,0.0,135.0,136.0,ARTHUR M ANDERSON,IMO5025691,WDH7563,70,0,233,21,8.0,70,A
366972020,2021-07-23T06:46:01,46.7456,-92.13219,0.1,139.1,136.0,ARTHUR M ANDERSON,IMO5025691,WDH7563,70,0,233,21,8.0,70,A
366972020,2021-07-23T06:48:12,46.74557,-92.13214,0.0,140.6,136.0,ARTHUR M ANDERSON,IMO5025691,WDH7563,70,0,233,21,8.0,70,A
366972020,2021-07-23T06:53:52,46.74551,-92.13206,0.0,28.9,136.0,ARTHUR M ANDERSON,IMO5025691,WDH7563,70,0,233,21,8.0,70,A
366972020,2021-07-23T06:49:20,46.74555,-92.13213,0.0,135.0,136.0,ARTHUR M ANDERSON,IMO5025691,WDH7563,70,0,233,21,8.0,70,A
366972020,2021-07-23T06:51:31,46.74551,-92.13206,0.1,138.2,136.0,ARTHUR M ANDERSON,IMO5025691,WDH7563,70,0,233,21,8.0,70,A
366972020,2021-07-23T06:58:21,46.74552,-92.13208,0.0,240.3,136.0,ARTHUR M ANDERSON,IMO5025691,WDH7563,70,0,233,21,8.0,70,A
366972020,2021-07-23T06:32:01,46.74598,-92.13273,0.0,267.5,137.0,ARTHUR M ANDERSON,IMO5025691,WDH7563,70,0,233,21,8.0,70,A
366972020,2021-07-23T06:59:30,46.74551,-92.13206,0.0,280.4,136.0,ARTHUR M ANDERSON,IMO5025691,WDH7563,70,0,233,21,8.0,70,A
366972020,2021-07-23T06:33:11,46.74596,-92.13269,0.1,128.6,136.0,ARTHUR M ANDERSON,IMO5025691,WDH7563,70,0,233,21,8.0,70,A
366972020,2021-07-23T07:02:21,46.7455,-92.13205,0.0,201.5,136.0,ARTHUR M ANDERSON,IMO5025691,WDH7563,70,0,233,21,8.0,70,A
366972020,2021-07-23T07:03:31,46.74551,-92.13205,0.0,209.1,136.0,ARTHUR M ANDERSON,IMO5025691,WDH7563,70,0,233,21,8.0,70,A
366972020,2021-07-23T07:05:51,46.74549,-92.13204,0.0,218.8,136.0,ARTHUR M ANDERSON,IMO5025691,WDH7563,70,0,233,21,8.0,70,A
366972020,2021-07-23T07:08:12,46.7455,-92.13205,0.0,196.8,136.0,ARTHUR M ANDERSON,IMO5025691,WDH7563,70,0,233,21,8.0,70,A
366972020,2021-07-23T07:07:01,46.7455,-92.13204,0.0,204.3,136.0,ARTHUR M ANDERSON,IMO5025691,WDH7563,70,0,233,21,8.0,70,A
366972020,2021-07-23T07:11:40,46.74551,-92.13205,0.0,180.8,136.0,ARTHUR M ANDERSON,IMO5025691,WDH7563,70,0,233,21,8.0,70,A
366972020,2021-07-23T02:32:31,46.72391,-92.15749,0.9,137.1,317.0,ARTHUR M ANDERSON,IMO5025691,WDH7563,70,0,233,21,8.0,70,A
366972020,2021-07-23T06:44:50,46.74562,-92.13224,0.1,137.6,136.0,ARTHUR M ANDERSON,IMO5025691,WDH7563,70,0,233,21,8.0,70,A
366972020,2021-07-23T06:52:42,46.74552,-92.13206,0.0,319.4,136.0,ARTHUR M ANDERSON,IMO5025691,WDH7563,70,0,233,21,8.0,70,A
366972020,2021-07-23T07:10:31,46.74551,-92.13205,0.0,128.9,136.0,ARTHUR M ANDERSON,IMO5025691,WDH7563,70,0,233,21,8.0,70,A
366972020,2021-07-23T06:47:11,46.74558,-92.13216,0.0,138.9,136.0,ARTHUR M ANDERSON,IMO5025691,WDH7563,70,0,233,21,8.0,70,A
366972020,2021-07-23T07:17:21,46.74552,-92.13206,0.0,329.7,136.0,ARTHUR M ANDERSON,IMO5025691,WDH7563,70,0,233,21,8.0,70,A
366972020,2021-07-23T07:12:52,46.74551,-92.13205,0.0,232.4,136.0,ARTHUR M ANDERSON,IMO5025691,WDH7563,70,0,233,21,8.0,70,A
366972020,2021-07-23T07:18:31,46.74551,-92.13205,0.0,10.5,136.0,ARTHUR M ANDERSON,IMO5025691,WDH7563,70,0,233,21,8.0,70,A
366972020,2021-07-23T07:16:12,46.74551,-92.13207,0.0,309.1,136.0,ARTHUR M ANDERSON,IMO5025691,WDH7563,70,0,233,21,8.0,70,A
366972020,2021-07-23T02:37:02,46.7229,-92.15618,0.9,137.3,321.0,ARTHUR M ANDERSON,IMO5025691,WDH7563,70,0,233,21,8.0,70,A
366972020,2021-07-23T07:14:01,46.7455,-92.13206,0.0,219.2,136.0,ARTHUR M ANDERSON,IMO5025691,WDH7563,70,0,233,21,8.0,70,A
366972020,2021-07-23T07:20:50,46.74552,-92.13207,0.0,328.6,136.0,ARTHUR M ANDERSON,IMO5025691,WDH7563,70,0,233,21,8.0,70,A
366972020,2021-07-23T07:22:52,46.74552,-92.13205,0.0,319.0,136.0,ARTHUR M ANDERSON,IMO5025691,WDH7563,70,0,233,21,8.0,70,A
366972020,2021-07-23T07:26:22,46.7455,-92.13205,0.0,313.1,136.0,ARTHUR M ANDERSON,IMO5025691,WDH7563,70,0,233,21,8.0,70,A
366972020,2021-07-23T07:00:02,46.74551,-92.13206,0.0,342.5,136.0,ARTHUR M ANDERSON,IMO5025691,WDH7563,70,0,233,21,8.0,70,A
366972020,2021-07-23T07:30:52,46.7455,-92.13206,0.0,285.0,136.0,ARTHUR M ANDERSON,IMO5025691,WDH7563,70,0,233,21,8.0,70,A
366972020,2021-07-23T07:04:41,46.74551,-92.13204,0.0,233.4,136.0,ARTHUR M ANDERSON,IMO5025691,WDH7563,70,0,233,21,8.0,70,A
366972020,2021-07-23T02:42:51,46.72168,-92.15444,1.1,138.1,337.0,ARTHUR M ANDERSON,IMO5025691,WDH7563,70,0,233,21,8.0,70,A
366972020,2021-07-23T07:09:22,46.74551,-92.13205,0.0,202.5,136.0,ARTHUR M ANDERSON,IMO5025691,WDH7563,70,0,233,21,8.0,70,A
366972020,2021-07-23T06:21:10,46.74596,-92.13273,0.0,270.9,137.0,ARTHUR M ANDERSON,IMO5025691,WDH7563,70,0,233,21,8.0,70,A
366972020,2021-07-23T07:37:52,46.7455,-92.13206,0.0,251.2,136.0,ARTHUR M ANDERSON,IMO5025691,WDH7563,70,0,233,21,8.0,70,A
366972020,2021-07-23T07:15:02,46.74551,-92.13207,0.0,231.5,136.0,ARTHUR M ANDERSON,IMO5025691,WDH7563,70,0,233,21,8.0,70,A
366972020,2021-07-23T07:40:11,46.74551,-92.13207,0.0,344.6,136.0,ARTHUR M ANDERSON,IMO5025691,WDH7563,70,0,233,21,8.0,70,A
366972020,2021-07-23T07:41:21,46.74551,-92.13207,0.0,313.6,136.0,ARTHUR M ANDERSON,IMO5025691,WDH7563,70,0,233,21,8.0,70,A
366972020,2021-07-23T07:43:41,46.74551,-92.13208,0.0,304.6,136.0,ARTHUR M ANDERSON,IMO5025691,WDH7563,70,0,233,21,8.0,70,A
366972020,2021-07-23T07:21:51,46.74551,-92.13205,0.0,310.1,136.0,ARTHUR M ANDERSON,IMO5025691,WDH7563,70,0,233,21,8.0,70,A
366972020,2021-07-23T07:46:00,46.74551,-92.13208,0.0,252.1,136.0,ARTHUR M ANDERSON,IMO5025691,WDH7563,70,0,233,21,8.0,70,A
366972020,2021-07-23T07:25:12,46.74551,-92.13206,0.0,340.1,136.0,ARTHUR M ANDERSON,IMO5025691,WDH7563,70,0,233,21,8.0,70,A
366972020,2021-07-23T07:49:32,46.7455,-92.13206,0.0,280.5,136.0,ARTHUR M ANDERSON,IMO5025691,WDH7563,70,0,233,21,8.0,70,A
366972020,2021-07-23T07:50:42,46.7455,-92.13206,0.0,270.4,136.0,ARTHUR M ANDERSON,IMO5025691,WDH7563,70,0,233,21,8.0,70,A
366972020,2021-07-23T07:51:51,46.7455,-92.13208,0.0,308.8,136.0,ARTHUR M ANDERSON,IMO5025691,WDH7563,70,0,233,21,8.0,70,A
366972020,2021-07-23T07:27:31,46.7455,-92.13206,0.0,264.0,136.0,ARTHUR M ANDERSON,IMO5025691,WDH7563,70,0,233,21,8.0,70,A
366972020,2021-07-23T07:24:01,46.74551,-92.13206,0.0,292.2,136.0,ARTHUR M ANDERSON,IMO5025691,WDH7563,70,0,233,21,8.0,70,A
366972020,2021-07-23T07:53:01,46.7455,-92.13208,0.0,268.3,136.0,ARTHUR M ANDERSON,IMO5025691,WDH7563,70,0,233,21,8.0,70,A
366972020,2021-07-23T07:57:41,46.74548,-92.13205,0.0,58.3,136.0,ARTHUR M ANDERSON,IMO5025691,WDH7563,70,0,233,21,8.0,70,A
366972020,2021-07-23T07:32:02,46.74552,-92.13208,0.0,294.9,136.0,ARTHUR M ANDERSON,IMO5025691,WDH7563,70,0,233,21,8.0,70,A
366972020,2021-07-23T06:36:42,46.74585,-92.13252,0.1,138.4,136.0,ARTHUR M ANDERSON,IMO5025691,WDH7563,70,0,233,21,8.0,70,A
366972020,2021-07-23T07:58:52,46.74549,-92.13206,0.0,277.5,136.0,ARTHUR M ANDERSON,IMO5025691,WDH7563,70,0,233,21,8.0,70,A
366972020,2021-07-23T07:29:51,46.7455,-92.13206,0.0,331.9,136.0,ARTHUR M ANDERSON,IMO5025691,WDH7563,70,0,233,21,8.0,70,A
366972020,2021-07-23T07:34:21,46.74551,-92.13208,0.0,333.8,136.0,ARTHUR M ANDERSON,IMO5025691,WDH7563,70,0,233,21,8.0,70,A
366972020,2021-07-23T07:36:41,46.7455,-92.13206,0.0,358.0,136.0,ARTHUR M ANDERSON,IMO5025691,WDH7563,70,0,233,21,8.0,70,A
366972020,2021-07-23T06:43:41,46.74565,-92.13228,0.0,136.4,136.0,ARTHUR M ANDERSON,IMO5025691,WDH7563,70,0,233,21,8.0,70,A
366972020,2021-07-23T07:39:02,46.74551,-92.13207,0.0,14.4,136.0,ARTHUR M ANDERSON,IMO5025691,WDH7563,70,0,233,21,8.0,70,A
366972020,2021-07-23T08:06:51,46.7455,-92.13208,0.0,251.3,136.0,ARTHUR M ANDERSON,IMO5025691,WDH7563,70,0,233,21,8.0,70,A
366972020,2021-07-23T07:42:30,46.74551,-92.13208,0.0,275.4,136.0,ARTHUR M ANDERSON,IMO5025691,WDH7563,70,0,233,21,8.0,70,A
366972020,2021-07-23T08:08:01,46.74549,-92.13208,0.0,317.4,136.0,ARTHUR M ANDERSON,IMO5025691,WDH7563,70,0,233,21,8.0,70,A
366972020,2021-07-23T07:44:50,46.74551,-92.13207,0.0,322.6,136.0,ARTHUR M ANDERSON,IMO5025691,WDH7563,70,0,233,21,8.0,70,A
366972020,2021-07-23T06:50:30,46.74552,-92.13208,0.1,136.5,136.0,ARTHUR M ANDERSON,IMO5025691,WDH7563,70,0,233,21,8.0,70,A
366972020,2021-07-23T07:48:21,46.7455,-92.13207,0.0,328.3,136.0,ARTHUR M ANDERSON,IMO5025691,WDH7563,70,0,233,21,8.0,70,A
366972020,2021-07-23T08:12:41,46.74549,-92.13205,0.0,297.9,136.0,ARTHUR M ANDERSON,IMO5025691,WDH7563,70,0,233,21,8.0,70,A
366972020,2021-07-23T08:11:32,46.74549,-92.13208,0.0,331.7,136.0,ARTHUR M ANDERSON,IMO5025691,WDH7563,70,0,233,21,8.0,70,A
366972020,2021-07-23T08:13:52,46.7455,-92.13208,0.0,315.1,136.0,ARTHUR M ANDERSON,IMO5025691,WDH7563,70,0,233,21,8.0,70,A
366972020,2021-07-23T08:15:01,46.7455,-92.13207,0.0,322.1,136.0,ARTHUR M ANDERSON,IMO5025691,WDH7563,70,0,233,21,8.0,70,A
366972020,2021-07-23T08:16:02,46.74549,-92.13208,0.0,319.4,136.0,ARTHUR M ANDERSON,IMO5025691,WDH7563,70,0,233,21,8.0,70,A
366972020,2021-07-23T08:17:12,46.7455,-92.13209,0.0,324.1,136.0,ARTHUR M ANDERSON,IMO5025691,WDH7563,70,0,233,21,8.0,70,A
366972020,2021-07-23T07:56:32,46.74549,-92.13207,0.0,349.5,136.0,ARTHUR M ANDERSON,IMO5025691,WDH7563,70,0,233,21,8.0,70,A
366972020,2021-07-23T03:01:02,46.7198,-92.14682,2.6,58.4,62.0,ARTHUR M ANDERSON,IMO5025691,WDH7563,70,0,233,21,8.0,70,A
366972020,2021-07-23T08:18:22,46.7455,-92.13208,0.0,35.0,137.0,ARTHUR M ANDERSON,IMO5025691,WDH7563,70,0,233,21,8.0,70,A
366972020,2021-07-23T06:56:02,46.74551,-92.13207,0.0,205.1,136.0,ARTHUR M ANDERSON,IMO5025691,WDH7563,70,0,233,21,8.0,70,A
366972020,2021-07-23T03:02:04,46.72025,-92.14594,2.5,48.0,52.0,ARTHUR M ANDERSON,IMO5025691,WDH7563,70,0,233,21,8.0,70,A
366972020,2021-07-23T08:00:00,46.7455,-92.13207,0.0,65.1,136.0,ARTHUR M ANDERSON,IMO5025691,WDH7563,70,0,233,21,8.0,70,A
366972020,2021-07-23T08:19:32,46.74551,-92.13209,0.0,318.0,137.0,ARTHUR M ANDERSON,IMO5025691,WDH7563,70,0,233,21,8.0,70,A
366972020,2021-07-23T08:20:41,46.74549,-92.13209,0.0,304.8,137.0,ARTHUR M ANDERSON,IMO5025691,WDH7563,70,0,233,21,8.0,70,A
366972020,2021-07-23T08:02:11,46.74551,-92.13207,0.0,280.8,136.0,ARTHUR M ANDERSON,IMO5025691,WDH7563,70,0,233,21,8.0,70,A
366972020,2021-07-23T08:03:20,46.74549,-92.13208,0.0,333.9,136.0,ARTHUR M ANDERSON,IMO5025691,WDH7563,70,0,233,21,8.0,70,A
366972020,2021-07-23T08:22:52,46.74549,-92.13207,0.0,322.4,137.0,ARTHUR M ANDERSON,IMO5025691,WDH7563,70,0,233,21,8.0,70,A
366972020,2021-07-23T08:05:41,46.7455,-92.13209,0.0,300.9,136.0,ARTHUR M ANDERSON,IMO5025691,WDH7563,70,0,233,21,8.0,70,A
366972020,2021-07-23T07:01:11,46.74551,-92.13205,0.0,143.8,136.0,ARTHUR M ANDERSON,IMO5025691,WDH7563,70,0,233,21,8.0,70,A
366972020,2021-07-23T08:30:52,46.74549,-92.13208,0.0,337.7,137.0,ARTHUR M ANDERSON,IMO5025691,WDH7563,70,0,233,21,8.0,70,A
366972020,2021-07-23T08:32:01,46.7455,-92.13208,0.0,239.7,137.0,ARTHUR M ANDERSON,IMO5025691,WDH7563,70,0,233,21,8.0,70,A
366972020,2021-07-23T08:33:11,46.7455,-92.13209,0.0,310.9,137.0,ARTHUR M ANDERSON,IMO5025691,WDH7563,70,0,233,21,8.0,70,A
366972020,2021-07-23T08:35:32,46.74549,-92.13209,0.0,233.1,137.0,ARTHUR M ANDERSON,IMO5025691,WDH7563,70,0,233,21,8.0,70,A
366972020,2021-07-23T08:34:20,46.7455,-92.13209,0.0,235.0,137.0,ARTHUR M ANDERSON,IMO5025691,WDH7563,70,0,233,21,8.0,70,A
366972020,2021-07-23T08:37:50,46.74548,-92.13207,0.0,164.4,137.0,ARTHUR M ANDERSON,IMO5025691,WDH7563,70,0,233,21,8.0,70,A
366972020,2021-07-23T03:17:11,46.73078,-92.14337,2.7,353.3,356.0,ARTHUR M ANDERSON,IMO5025691,WDH7563,70,0,233,21,8.0,70,A
366972020,2021-07-23T08:40:11,46.74548,-92.13207,0.0,133.5,137.0,ARTHUR M ANDERSON,IMO5025691,WDH7563,70,0,233,21,8.0,70,A
366972020,2021-07-23T08:41:22,46.74549,-92.13208,0.0,192.2,137.0,ARTHUR M ANDERSON,IMO5025691,WDH7563,70,0,233,21,8.0,70,A
366972020,2021-07-23T03:18:21,46.73166,-92.14345,2.7,0.5,358.0,ARTHUR M ANDERSON,IMO5025691,WDH7563,70,0,233,21,8.0,70,A
366972020,2021-07-23T08:43:42,46.74549,-92.13207,0.0,158.2,137.0,ARTHUR M ANDERSON,IMO5025691,WDH7563,70,0,233,21,8.0,70,A
366972020,2021-07-23T08:21:51,46.7455,-92.13206,0.0,307.6,137.0,ARTHUR M ANDERSON,IMO5025691,WDH7563,70,0,233,21,8.0,70,A
366972020,2021-07-23T08:24:02,46.74548,-92.13207,0.0,322.0,137.0,ARTHUR M ANDERSON,IMO5025691,WDH7563,70,0,233,21,8.0,70,A
366972020,2021-07-23T08:44:50,46.74548,-92.13208,0.0,158.3,137.0,ARTHUR M ANDERSON,IMO5025691,WDH7563,70,0,233,21,8.0,70,A
366972020,2021-07-23T08:47:12,46.74549,-92.13208,0.0,113.9,137.0,ARTHUR M ANDERSON,IMO5025691,WDH7563,70,0,233,21,8.0,70,A
366972020,2021-07-23T08:48:21,46.74549,-92.13207,0.0,355.7,136.0,ARTHUR M ANDERSON,IMO5025691,WDH7563,70,0,233,21,8.0,70,A
366972020,2021-07-23T08:28:41,46.74549,-92.13208,0.0,275.4,137.0,ARTHUR M ANDERSON,IMO5025691,WDH7563,70,0,233,21,8.0,70,A
366972020,2021-07-23T08:49:32,46.74548,-92.13206,0.0,324.4,136.0,ARTHUR M ANDERSON,IMO5025691,WDH7563,70,0,233,21,8.0,70,A
366972020,2021-07-23T08:50:41,46.74549,-92.13208,0.0,21.7,136.0,ARTHUR M ANDERSON,IMO5025691,WDH7563,70,0,233,21,8.0,70,A
366972020,2021-07-23T08:51:51,46.74549,-92.13208,0.0,351.6,136.0,ARTHUR M ANDERSON,IMO5025691,WDH7563,70,0,233,21,8.0,70,A
366972020,2021-07-23T08:26:21,46.74548,-92.13207,0.0,328.7,137.0,ARTHUR M ANDERSON,IMO5025691,WDH7563,70,0,233,21,8.0,70,A
366972020,2021-07-23T08:52:52,46.74549,-92.13208,0.0,44.5,136.0,ARTHUR M ANDERSON,IMO5025691,WDH7563,70,0,233,21,8.0,70,A
366972020,2021-07-23T08:54:01,46.74549,-92.13209,0.0,307.4,136.0,ARTHUR M ANDERSON,IMO5025691,WDH7563,70,0,233,21,8.0,70,A
366972020,2021-07-23T08:57:21,46.7455,-92.13208,0.0,287.8,136.0,ARTHUR M ANDERSON,IMO5025691,WDH7563,70,0,233,21,8.0,70,A
366972020,2021-07-23T08:55:10,46.7455,-92.13209,0.0,274.8,136.0,ARTHUR M ANDERSON,IMO5025691,WDH7563,70,0,233,21,8.0,70,A
366972020,2021-07-23T08:56:11,46.7455,-92.13209,0.0,282.9,136.0,ARTHUR M ANDERSON,IMO5025691,WDH7563,70,0,233,21,8.0,70,A
366972020,2021-07-23T08:58:32,46.74549,-92.13209,0.0,287.6,136.0,ARTHUR M ANDERSON,IMO5025691,WDH7563,70,0,233,21,8.0,70,A
366972020,2021-07-23T08:59:41,46.7455,-92.13209,0.0,260.6,136.0,ARTHUR M ANDERSON,IMO5025691,WDH7563,70,0,233,21,8.0,70,A
366972020,2021-07-23T08:36:41,46.7455,-92.1321,0.0,93.8,137.0,ARTHUR M ANDERSON,IMO5025691,WDH7563,70,0,233,21,8.0,70,A
366972020,2021-07-23T09:03:21,46.74549,-92.13207,0.0,292.8,136.0,ARTHUR M ANDERSON,IMO5025691,WDH7563,70,0,233,21,8.0,70,A
366972020,2021-07-23T07:33:12,46.74552,-92.13208,0.0,309.9,136.0,ARTHUR M ANDERSON,IMO5025691,WDH7563,70,0,233,21,8.0,70,A
366972020,2021-07-23T09:04:32,46.74549,-92.13209,0.0,312.6,136.0,ARTHUR M ANDERSON,IMO5025691,WDH7563,70,0,233,21,8.0,70,A
366972020,2021-07-23T08:46:11,46.74549,-92.13208,0.0,125.5,137.0,ARTHUR M ANDERSON,IMO5025691,WDH7563,70,0,233,21,8.0,70,A
366972020,2021-07-23T09:05:40,46.74549,-92.13209,0.0,311.7,136.0,ARTHUR M ANDERSON,IMO5025691,WDH7563,70,0,233,21,8.0,70,A
366972020,2021-07-23T09:06:51,46.74549,-92.13208,0.0,302.7,136.0,ARTHUR M ANDERSON,IMO5025691,WDH7563,70,0,233,21,8.0,70,A
366972020,2021-07-23T09:08:11,46.74549,-92.13208,0.0,306.6,136.0,ARTHUR M ANDERSON,IMO5025691,WDH7563,70,0,233,21,8.0,70,A
366972020,2021-07-23T09:13:11,46.74549,-92.13207,0.0,135.9,136.0,ARTHUR M ANDERSON,IMO5025691,WDH7563,70,0,233,21,8.0,70,A
366972020,2021-07-23T09:15:31,46.74549,-92.13208,0.0,61.2,136.0,ARTHUR M ANDERSON,IMO5025691,WDH7563,70,0,233,21,8.0,70,A
366972020,2021-07-23T09:16:41,46.74549,-92.13208,0.0,73.4,136.0,ARTHUR M ANDERSON,IMO5025691,WDH7563,70,0,233,21,8.0,70,A
366972020,2021-07-23T09:17:52,46.74549,-92.13209,0.0,208.8,136.0,ARTHUR M ANDERSON,IMO5025691,WDH7563,70,0,233,21,8.0,70,A
366972020,2021-07-23T07:47:11,46.74551,-92.13208,0.0,356.1,136.0,ARTHUR M ANDERSON,IMO5025691,WDH7563,70,0,233,21,8.0,70,A
366972020,2021-07-23T09:19:02,46.74549,-92.13208,0.0,24.5,136.0,ARTHUR M ANDERSON,IMO5025691,WDH7563,70,0,233,21,8.0,70,A
366972020,2021-07-23T09:22:30,46.74548,-92.13208,0.0,8.8,136.0,ARTHUR M ANDERSON,IMO5025691,WDH7563,70,0,233,21,8.0,70,A
366972020,2021-07-23T09:20:12,46.74549,-92.13209,0.0,2.6,136.0,ARTHUR M ANDERSON,IMO5025691,WDH7563,70,0,233,21,8.0,70,A
366972020,2021-07-23T09:00:02,46.7455,-92.13208,0.0,320.1,136.0,ARTHUR M ANDERSON,IMO5025691,WDH7563,70,0,233,21,8.0,70,A
366972020,2021-07-23T09:01:10,46.74551,-92.13209,0.0,292.4,136.0,ARTHUR M ANDERSON,IMO5025691,WDH7563,70,0,233,21,8.0,70,A
366972020,2021-07-23T07:54:11,46.74549,-92.13207,0.0,296.2,136.0,ARTHUR M ANDERSON,IMO5025691,WDH7563,70,0,233,21,8.0,70,A
366972020,2021-07-23T03:33:21,46.73852,-92.13275,3.8,66.6,64.0,ARTHUR M ANDERSON,IMO5025691,WDH7563,70,0,233,21,8.0,70,A
366972020,2021-07-23T09:29:22,46.74545,-92.13203,0.0,111.7,136.0,ARTHUR M ANDERSON,IMO5025691,WDH7563,70,0,233,21,8.0,70,A
366972020,2021-07-23T09:31:42,46.74546,-92.13204,0.0,101.3,136.0,ARTHUR M ANDERSON,IMO5025691,WDH7563,70,0,233,21,8.0,70,A
366972020,2021-07-23T03:40:02,46.74125,-92.12416,3.2,60.9,60.0,ARTHUR M ANDERSON,IMO5025691,WDH7563,70,0,233,21,8.0,70,A
366972020,2021-07-23T09:35:11,46.74546,-92.13205,0.0,350.5,136.0,ARTHUR M ANDERSON,IMO5025691,WDH7563,70,0,233,21,8.0,70,A
366972020,2021-07-23T09:09:21,46.74551,-92.13209,0.0,64.9,136.0,ARTHUR M ANDERSON,IMO5025691,WDH7563,70,0,233,21,8.0,70,A
366972020,2021-07-23T09:10:31,46.7455,-92.13209,0.0,200.8,136.0,ARTHUR M ANDERSON,IMO5025691,WDH7563,70,0,233,21,8.0,70,A
366972020,2021-07-23T09:36:21,46.74547,-92.13206,0.0,357.2,136.0,ARTHUR M ANDERSON,IMO5025691,WDH7563,70,0,233,21,8.0,70,A
366972020,2021-07-23T09:11:52,46.74549,-92.13209,0.0,133.7,136.0,ARTHUR M ANDERSON,IMO5025691,WDH7563,70,0,233,21,8.0,70,A
366972020,2021-07-23T09:42:11,46.74547,-92.13206,0.0,289.8,136.0,ARTHUR M ANDERSON,IMO5025691,WDH7563,70,0,233,21,8.0,70,A
366972020,2021-07-23T09:41:01,46.74546,-92.13204,0.0,346.9,136.0,ARTHUR M ANDERSON,IMO5025691,WDH7563,70,0,233,21,8.0,70,A
366972020,2021-07-23T09:38:41,46.74547,-92.13208,0.0,342.5,136.0,ARTHUR M ANDERSON,IMO5025691,WDH7563,70,0,233,21,8.0,70,A
366972020,2021-07-23T03:43:31,46.74275,-92.12035,2.8,59.6,58.0,ARTHUR M ANDERSON,IMO5025691,WDH7563,70,0,233,21,8.0,70,A
366972020,2021-07-23T09:43:21,46.74547,-92.13207,0.0,13.2,136.0,ARTHUR M ANDERSON,IMO5025691,WDH7563,70,0,233,21,8.0,70,A
366972020,2021-07-23T09:48:01,46.74546,-92.13205,0.0,23.9,136.0,ARTHUR M ANDERSON,IMO5025691,WDH7563,70,0,233,21,8.0,70,A
366972020,2021-07-23T09:45:40,46.74546,-92.13203,0.0,303.9,136.0,ARTHUR M ANDERSON,IMO5025691,WDH7563,70,0,233,21,8.0,70,A
366972020,2021-07-23T09:21:22,46.74549,-92.13208,0.0,26.4,136.0,ARTHUR M ANDERSON,IMO5025691,WDH7563,70,0,233,21,8.0,70,A
366972020,2021-07-23T09:23:31,46.74548,-92.13208,0.0,135.8,136.0,ARTHUR M ANDERSON,IMO5025691,WDH7563,70,0,233,21,8.0,70,A
366972020,2021-07-23T09:51:31,46.74545,-92.13208,0.0,345.0,136.0,ARTHUR M ANDERSON,IMO5025691,WDH7563,70,0,233,21,8.0,70,A
366972020,2021-07-23T09:25:52,46.74546,-92.13204,0.0,332.6,136.0,ARTHUR M ANDERSON,IMO5025691,WDH7563,70,0,233,21,8.0,70,A
366972020,2021-07-23T09:55:01,46.74546,-92.13206,0.0,95.9,136.0,ARTHUR M ANDERSON,IMO5025691,WDH7563,70,0,233,21,8.0,70,A
366972020,2021-07-23T09:52:42,46.74546,-92.13207,0.0,43.8,136.0,ARTHUR M ANDERSON,IMO5025691,WDH7563,70,0,233,21,8.0,70,A
366972020,2021-07-23T10:01:12,46.74555,-92.13215,0.0,22.5,136.0,ARTHUR M ANDERSON,IMO5025691,WDH7563,70,0,233,21,8.0,70,A
366972020,2021-07-23T09:30:31,46.74545,-92.13203,0.0,79.1,136.0,ARTHUR M ANDERSON,IMO5025691,WDH7563,70,0,233,21,8.0,70,A
366972020,2021-07-23T09:56:11,46.74547,-92.13206,0.0,84.1,136.0,ARTHUR M ANDERSON,IMO5025691,WDH7563,70,0,233,21,8.0,70,A
366972020,2021-07-23T09:57:12,46.74547,-92.13205,0.0,157.8,136.0,ARTHUR M ANDERSON,IMO5025691,WDH7563,70,0,233,21,8.0,70,A
366972020,2021-07-23T10:00:02,46.74553,-92.13215,0.1,314.3,136.0,ARTHUR M ANDERSON,IMO5025691,WDH7563,70,0,233,21,8.0,70,A
366972020,2021-07-23T10:02:21,46.74554,-92.13215,0.0,206.9,136.0,ARTHUR M ANDERSON,IMO5025691,WDH7563,70,0,233,21,8.0,70,A
366972020,2021-07-23T10:04:42,46.74555,-92.13215,0.0,239.1,136.0,ARTHUR M ANDERSON,IMO5025691,WDH7563,70,0,233,21,8.0,70,A
366972020,2021-07-23T09:37:31,46.74545,-92.13205,0.0,355.1,136.0,ARTHUR M ANDERSON,IMO5025691,WDH7563,70,0,233,21,8.0,70,A
366972020,2021-07-23T08:27:32,46.74548,-92.13207,0.0,254.7,137.0,ARTHUR M ANDERSON,IMO5025691,WDH7563,70,0,233,21,8.0,70,A
366972020,2021-07-23T10:08:21,46.74554,-92.13215,0.0,12.3,137.0,ARTHUR M ANDERSON,IMO5025691,WDH7563,70,0,233,21,8.0,70,A
366972020,2021-07-23T10:09:30,46.74554,-92.13214,0.0,205.4,137.0,ARTHUR M ANDERSON,IMO5025691,WDH7563,70,0,233,21,8.0,70,A
366972020,2021-07-23T08:29:42,46.74548,-92.13208,0.0,183.0,137.0,ARTHUR M ANDERSON,IMO5025691,WDH7563,70,0,233,21,8.0,70,A
366972020,2021-07-23T10:14:11,46.74555,-92.13216,0.0,204.8,137.0,ARTHUR M ANDERSON,IMO5025691,WDH7563,70,0,233,21,8.0,70,A
366972020,2021-07-23T10:18:50,46.74555,-92.13215,0.0,224.8,137.0,ARTHUR M ANDERSON,IMO5025691,WDH7563,70,0,233,21,8.0,70,A
366972020,2021-07-23T10:20:02,46.74556,-92.13215,0.0,205.5,137.0,ARTHUR M ANDERSON,IMO5025691,WDH7563,70,0,233,21,8.0,70,A
366972020,2021-07-23T09:46:51,46.74547,-92.13205,0.0,300.3,136.0,ARTHUR M ANDERSON,IMO5025691,WDH7563,70,0,233,21,8.0,70,A
366972020,2021-07-23T08:42:32,46.74549,-92.13208,0.0,150.4,137.0,ARTHUR M ANDERSON,IMO5025691,WDH7563,70,0,233,21,8.0,70,A
366972020,2021-07-23T09:49:11,46.74545,-92.13205,0.0,340.5,136.0,ARTHUR M ANDERSON,IMO5025691,WDH7563,70,0,233,21,8.0,70,A
366972020,2021-07-23T09:50:21,46.74546,-92.13206,0.0,159.4,136.0,ARTHUR M ANDERSON,IMO5025691,WDH7563,70,0,233,21,8.0,70,A
366972020,2021-07-23T09:53:51,46.74545,-92.13206,0.0,38.3,136.0,ARTHUR M ANDERSON,IMO5025691,WDH7563,70,0,233,21,8.0,70,A
366972020,2021-07-23T10:27:10,46.74555,-92.13217,0.0,188.8,137.0,ARTHUR M ANDERSON,IMO5025691,WDH7563,70,0,233,21,8.0,70,A
366972020,2021-07-23T10:21:12,46.74556,-92.13216,0.0,187.8,137.0,ARTHUR M ANDERSON,IMO5025691,WDH7563,70,0,233,21,8.0,70,A
366972020,2021-07-23T10:22:22,46.74556,-92.13216,0.0,191.4,137.0,ARTHUR M ANDERSON,IMO5025691,WDH7563,70,0,233,21,8.0,70,A
366972020,2021-07-23T10:30:31,46.74555,-92.13217,0.0,210.0,137.0,ARTHUR M ANDERSON,IMO5025691,WDH7563,70,0,233,21,8.0,70,A
366972020,2021-07-23T10:26:01,46.74555,-92.13217,0.0,190.1,137.0,ARTHUR M ANDERSON,IMO5025691,WDH7563,70,0,233,21,8.0,70,A
366972020,2021-07-23T10:31:32,46.74553,-92.13217,0.0,208.3,137.0,ARTHUR M ANDERSON,IMO5025691,WDH7563,70,0,233,21,8.0,70,A
366972020,2021-07-23T10:37:22,46.74553,-92.13216,0.0,329.5,137.0,ARTHUR M ANDERSON,IMO5025691,WDH7563,70,0,233,21,8.0,70,A
366972020,2021-07-23T10:05:51,46.74554,-92.13214,0.0,223.8,137.0,ARTHUR M ANDERSON,IMO5025691,WDH7563,70,0,233,21,8.0,70,A
366972020,2021-07-23T10:07:12,46.74554,-92.13215,0.0,229.1,137.0,ARTHUR M ANDERSON,IMO5025691,WDH7563,70,0,233,21,8.0,70,A
366972020,2021-07-23T04:05:52,46.74408,-92.12894,1.7,286.5,128.0,ARTHUR M ANDERSON,IMO5025691,WDH7563,70,0,233,21,8.0,70,A
366972020,2021-07-23T10:13:02,46.74553,-92.13216,0.0,217.3,137.0,ARTHUR M ANDERSON,IMO5025691,WDH7563,70,0,233,21,8.0,70,A
366972020,2021-07-23T10:42:02,46.74554,-92.13217,0.0,217.6,137.0,ARTHUR M ANDERSON,IMO5025691,WDH7563,70,0,233,21,8.0,70,A
366972020,2021-07-23T10:43:11,46.74555,-92.13216,0.0,252.4,137.0,ARTHUR M ANDERSON,IMO5025691,WDH7563,70,0,233,21,8.0,70,A
366972020,2021-07-23T10:38:32,46.74555,-92.13217,0.0,358.1,137.0,ARTHUR M ANDERSON,IMO5025691,WDH7563,70,0,233,21,8.0,70,A
366972020,2021-07-23T04:08:11,46.74454,-92.13033,1.5,302.7,134.0,ARTHUR M ANDERSON,IMO5025691,WDH7563,70,0,233,21,8.0,70,A
366972020,2021-07-23T10:17:42,46.74555,-92.13216,0.0,206.1,137.0,ARTHUR M ANDERSON,IMO5025691,WDH7563,70,0,233,21,8.0,70,A
366972020,2021-07-23T10:49:12,46.74553,-92.13217,0.0,229.6,137.0,ARTHUR M ANDERSON,IMO5025691,WDH7563,70,0,233,21,8.0,70,A
366972020,2021-07-23T10:47:51,46.74552,-92.13218,0.0,37.2,137.0,ARTHUR M ANDERSON,IMO5025691,WDH7563,70,0,233,21,8.0,70,A
366972020,2021-07-23T10:51:31,46.74552,-92.13217,0.0,258.5,137.0,ARTHUR M ANDERSON,IMO5025691,WDH7563,70,0,233,21,8.0,70,A
366972020,2021-07-23T10:46:41,46.74553,-92.13216,0.0,209.9,137.0,ARTHUR M ANDERSON,IMO5025691,WDH7563,70,0,233,21,8.0,70,A
366972020,2021-07-23T10:55:52,46.74554,-92.13216,0.0,233.7,137.0,ARTHUR M ANDERSON,IMO5025691,WDH7563,70,0,233,21,8.0,70,A
366972020,2021-07-23T09:14:21,46.74549,-92.13208,0.0,102.6,136.0,ARTHUR M ANDERSON,IMO5025691,WDH7563,70,0,233,21,8.0,70,A
366972020,2021-07-23T10:52:32,46.74553,-92.13216,0.0,236.5,137.0,ARTHUR M ANDERSON,IMO5025691,WDH7563,70,0,233,21,8.0,70,A
366972020,2021-07-23T10:23:32,46.74555,-92.13217,0.0,194.1,137.0,ARTHUR M ANDERSON,IMO5025691,WDH7563,70,0,233,21,8.0,70,A
366972020,2021-07-23T10:32:42,46.74554,-92.13219,0.0,89.1,137.0,ARTHUR M ANDERSON,IMO5025691,WDH7563,70,0,233,21,8.0,70,A
366972020,2021-07-23T10:57:02,46.74554,-92.13215,0.0,229.8,137.0,ARTHUR M ANDERSON,IMO5025691,WDH7563,70,0,233,21,8.0,70,A
366972020,2021-07-23T10:35:00,46.74554,-92.13216,0.0,58.3,137.0,ARTHUR M ANDERSON,IMO5025691,WDH7563,70,0,233,21,8.0,70,A
366972020,2021-07-23T10:36:11,46.74554,-92.13217,0.0,16.2,137.0,ARTHUR M ANDERSON,IMO5025691,WDH7563,70,0,233,21,8.0,70,A
366972020,2021-07-23T11:00:02,46.74554,-92.13215,0.0,292.2,137.0,ARTHUR M ANDERSON,IMO5025691,WDH7563,70,0,233,21,8.0,70,A
366972020,2021-07-23T11:05:52,46.74553,-92.13216,0.0,193.9,137.0,ARTHUR M ANDERSON,IMO5025691,WDH7563,70,0,233,21,8.0,70,A
366972020,2021-07-23T04:18:42,46.74567,-92.13235,0.0,74.9,136.0,ARTHUR M ANDERSON,IMO5025691,WDH7563,70,0,233,21,8.0,70,A
366972020,2021-07-23T10:59:21,46.74554,-92.13215,0.0,267.6,137.0,ARTHUR M ANDERSON,IMO5025691,WDH7563,70,0,233,21,8.0,70,A
366972020,2021-07-23T11:02:22,46.74554,-92.13215,0.0,201.6,137.0,ARTHUR M ANDERSON,IMO5025691,WDH7563,70,0,233,21,8.0,70,A
366972020,2021-07-23T11:10:21,46.74554,-92.13217,0.0,203.8,137.0,ARTHUR M ANDERSON,IMO5025691,WDH7563,70,0,233,21,8.0,70,A
366972020,2021-07-23T11:03:32,46.74553,-92.13217,0.0,40.9,137.0,ARTHUR M ANDERSON,IMO5025691,WDH7563,70,0,233,21,8.0,70,A
366972020,2021-07-23T09:28:11,46.74546,-92.13203,0.0,335.8,136.0,ARTHUR M ANDERSON,IMO5025691,WDH7563,70,0,233,21,8.0,70,A
366972020,2021-07-23T11:15:01,46.74553,-92.13217,0.0,212.8,137.0,ARTHUR M ANDERSON,IMO5025691,WDH7563,70,0,233,21,8.0,70,A
366972020,2021-07-23T09:32:51,46.74545,-92.13204,0.0,342.2,136.0,ARTHUR M ANDERSON,IMO5025691,WDH7563,70,0,233,21,8.0,70,A
366972020,2021-07-23T09:34:02,46.74545,-92.13204,0.0,354.6,136.0,ARTHUR M ANDERSON,IMO5025691,WDH7563,70,0,233,21,8.0,70,A
366972020,2021-07-23T11:22:01,46.74562,-92.13228,0.0,200.2,136.0,ARTHUR M ANDERSON,IMO5025691,WDH7563,70,0,233,21,8.0,70,A
366972020,2021-07-23T09:39:51,46.74546,-92.13205,0.0,325.0,136.0,ARTHUR M ANDERSON,IMO5025691,WDH7563,70,0,233,21,8.0,70,A
366972020,2021-07-23T04:32:22,46.74591,-92.1327,0.2,319.2,136.0,ARTHUR M ANDERSON,IMO5025691,WDH7563,70,0,233,21,8.0,70,A
366972020,2021-07-23T10:45:32,46.74553,-92.13215,0.0,156.2,137.0,ARTHUR M ANDERSON,IMO5025691,WDH7563,70,0,233,21,8.0,70,A
366972020,2021-07-23T04:38:11,46.74596,-92.13276,0.0,75.2,136.0,ARTHUR M ANDERSON,IMO5025691,WDH7563,70,0,233,21,8.0,70,A
366972020,2021-07-23T10:58:12,46.74553,-92.13216,0.0,210.1,137.0,ARTHUR M ANDERSON,IMO5025691,WDH7563,70,0,233,21,8.0,70,A
366972020,2021-07-23T11:33:41,46.74562,-92.13228,0.0,117.3,136.0,ARTHUR M ANDERSON,IMO5025691,WDH7563,70,0,233,21,8.0,70,A
366972020,2021-07-23T11:23:11,46.74563,-92.13228,0.0,169.6,136.0,ARTHUR M ANDERSON,IMO5025691,WDH7563,70,0,233,21,8.0,70,A
366972020,2021-07-23T11:35:51,46.74562,-92.13228,0.0,183.1,136.0,ARTHUR M ANDERSON,IMO5025691,WDH7563,70,0,233,21,8.0,70,A
366972020,2021-07-23T11:27:51,46.74563,-92.13228,0.0,107.4,136.0,ARTHUR M ANDERSON,IMO5025691,WDH7563,70,0,233,21,8.0,70,A
366972020,2021-07-23T09:58:21,46.74547,-92.13206,0.0,315.4,136.0,ARTHUR M ANDERSON,IMO5025691,WDH7563,70,0,233,21,8.0,70,A
366972020,2021-07-23T11:29:01,46.74562,-92.13228,0.0,134.9,136.0,ARTHUR M ANDERSON,IMO5025691,WDH7563,70,0,233,21,8.0,70,A
366972020,2021-07-23T11:40:32,46.74562,-92.13229,0.0,194.5,136.0,ARTHUR M ANDERSON,IMO5025691,WDH7563,70,0,233,21,8.0,70,A
366972020,2021-07-23T11:11:22,46.74553,-92.13215,0.0,209.7,137.0,ARTHUR M ANDERSON,IMO5025691,WDH7563,70,0,233,21,8.0,70,A
366972020,2021-07-23T11:04:42,46.74553,-92.13216,0.0,172.5,137.0,ARTHUR M ANDERSON,IMO5025691,WDH7563,70,0,233,21,8.0,70,A
366972020,2021-07-23T11:34:42,46.74563,-92.13228,0.0,181.6,136.0,ARTHUR M ANDERSON,IMO5025691,WDH7563,70,0,233,21,8.0,70,A
366972020,2021-07-23T11:42:51,46.74563,-92.13228,0.0,277.3,136.0,ARTHUR M ANDERSON,IMO5025691,WDH7563,70,0,233,21,8.0,70,A
366972020,2021-07-23T11:48:40,46.74561,-92.13227,0.0,321.2,137.0,ARTHUR M ANDERSON,IMO5025691,WDH7563,70,0,233,21,8.0,70,A
366972020,2021-07-23T04:47:31,46.74595,-92.13276,0.0,189.4,136.0,ARTHUR M ANDERSON,IMO5025691,WDH7563,70,0,233,21,8.0,70,A
366972020,2021-07-23T11:46:22,46.74562,-92.13228,0.0,302.4,137.0,ARTHUR M ANDERSON,IMO5025691,WDH7563,70,0,233,21,8.0,70,A
366972020,2021-07-23T10:11:52,46.74556,-92.13216,0.0,231.3,137.0,ARTHUR M ANDERSON,IMO5025691,WDH7563,70,0,233,21,8.0,70,A
366972020,2021-07-23T04:48:40,46.74597,-92.13276,0.0,204.2,136.0,ARTHUR M ANDERSON,IMO5025691,WDH7563,70,0,233,21,8.0,70,A
366972020,2021-07-23T11:09:12,46.74554,-92.13216,0.0,132.0,137.0,ARTHUR M ANDERSON,IMO5025691,WDH7563,70,0,233,21,8.0,70,A
366972020,2021-07-23T11:41:42,46.74564,-92.13229,0.0,278.7,136.0,ARTHUR M ANDERSON,IMO5025691,WDH7563,70,0,233,21,8.0,70,A
366972020,2021-07-23T10:15:21,46.74555,-92.13216,0.0,218.5,137.0,ARTHUR M ANDERSON,IMO5025691,WDH7563,70,0,233,21,8.0,70,A
366972020,2021-07-23T11:13:51,46.74554,-92.13216,0.0,208.1,137.0,ARTHUR M ANDERSON,IMO5025691,WDH7563,70,0,233,21,8.0,70,A
366972020,2021-07-23T11:44:02,46.74561,-92.13228,0.0,236.5,136.0,ARTHUR M ANDERSON,IMO5025691,WDH7563,70,0,233,21,8.0,70,A
366972020,2021-07-23T11:16:12,46.74554,-92.13216,0.0,175.9,137.0,ARTHUR M ANDERSON,IMO5025691,WDH7563,70,0,233,21,8.0,70,A
366972020,2021-07-23T11:18:31,46.74556,-92.1322,0.1,316.7,137.0,ARTHUR M ANDERSON,IMO5025691,WDH7563,70,0,233,21,8.0,70,A
366972020,2021-07-23T11:19:41,46.74558,-92.13224,0.1,316.9,137.0,ARTHUR M ANDERSON,IMO5025691,WDH7563,70,0,233,21,8.0,70,A
366972020,2021-07-23T12:02:20,46.74563,-92.13228,0.0,166.0,137.0,ARTHUR M ANDERSON,IMO5025691,WDH7563,70,0,233,21,8.0,70,A
366972020,2021-07-23T10:24:52,46.74556,-92.13216,0.0,184.3,137.0,ARTHUR M ANDERSON,IMO5025691,WDH7563,70,0,233,21,8.0,70,A
366972020,2021-07-23T11:51:30,46.74561,-92.13228,0.0,204.1,137.0,ARTHUR M ANDERSON,IMO5025691,WDH7563,70,0,233,21,8.0,70,A
366972020,2021-07-23T11:24:22,46.74562,-92.13229,0.0,189.4,136.0,ARTHUR M ANDERSON,IMO5025691,WDH7563,70,0,233,21,8.0,70,A
366972020,2021-07-23T10:28:11,46.74555,-92.13216,0.0,183.9,137.0,ARTHUR M ANDERSON,IMO5025691,WDH7563,70,0,233,21,8.0,70,A
366972020,2021-07-23T11:25:31,46.74563,-92.13227,0.0,151.9,136.0,ARTHUR M ANDERSON,IMO5025691,WDH7563,70,0,233,21,8.0,70,A
366972020,2021-07-23T11:26:41,46.74563,-92.13228,0.0,190.3,136.0,ARTHUR M ANDERSON,IMO5025691,WDH7563,70,0,233,21,8.0,70,A
366972020,2021-07-23T10:29:22,46.74555,-92.13217,0.0,192.2,137.0,ARTHUR M ANDERSON,IMO5025691,WDH7563,70,0,233,21,8.0,70,A
366972020,2021-07-23T11:57:22,46.74562,-92.13228,0.0,263.7,137.0,ARTHUR M ANDERSON,IMO5025691,WDH7563,70,0,233,21,8.0,70,A
366972020,2021-07-23T12:07:01,46.74562,-92.13228,0.0,206.8,137.0,ARTHUR M ANDERSON,IMO5025691,WDH7563,70,0,233,21,8.0,70,A
366972020,2021-07-23T12:09:21,46.74562,-92.13228,0.0,141.0,137.0,ARTHUR M ANDERSON,IMO5025691,WDH7563,70,0,233,21,8.0,70,A
366972020,2021-07-23T11:31:22,46.74562,-92.13228,0.0,234.4,136.0,ARTHUR M ANDERSON,IMO5025691,WDH7563,70,0,233,21,8.0,70,A
366972020,2021-07-23T11:39:22,46.74563,-92.13228,0.0,228.1,136.0,ARTHUR M ANDERSON,IMO5025691,WDH7563,70,0,233,21,8.0,70,A
366972020,2021-07-23T11:58:32,46.74562,-92.13228,0.0,231.9,137.0,ARTHUR M ANDERSON,IMO5025691,WDH7563,70,0,233,21,8.0,70,A
366972020,2021-07-23T12:10:32,46.74562,-92.13228,0.0,110.3,137.0,ARTHUR M ANDERSON,IMO5025691,WDH7563,70,0,233,21,8.0,70,A
366972020,2021-07-23T10:33:51,46.74554,-92.13216,0.0,195.9,137.0,ARTHUR M ANDERSON,IMO5025691,WDH7563,70,0,233,21,8.0,70,A
366972020,2021-07-23T11:45:12,46.74562,-92.13228,0.0,323.4,137.0,ARTHUR M ANDERSON,IMO5025691,WDH7563,70,0,233,21,8.0,70,A
366972020,2021-07-23T11:47:32,46.74561,-92.13228,0.0,314.6,137.0,ARTHUR M ANDERSON,IMO5025691,WDH7563,70,0,233,21,8.0,70,A
366972020,2021-07-23T12:05:51,46.74562,-92.13228,0.0,138.1,137.0,ARTHUR M ANDERSON,IMO5025691,WDH7563,70,0,233,21,8.0,70,A
366972020,2021-07-23T12:15:11,46.74562,-92.13228,0.0,74.3,137.0,ARTHUR M ANDERSON,IMO5025691,WDH7563,70,0,233,21,8.0,70,A
366972020,2021-07-23T10:39:42,46.74555,-92.13217,0.0,136.9,137.0,ARTHUR M ANDERSON,IMO5025691,WDH7563,70,0,233,21,8.0,70,A
366972020,2021-07-23T12:19:52,46.74562,-92.13229,0.0,224.0,137.0,ARTHUR M ANDERSON,IMO5025691,WDH7563,70,0,233,21,8.0,70,A
366972020,2021-07-23T11:53:50,46.74563,-92.13228,0.0,252.1,137.0,ARTHUR M ANDERSON,IMO5025691,WDH7563,70,0,233,21,8.0,70,A
366972020,2021-07-23T12:25:42,46.74561,-92.13227,0.0,358.7,137.0,ARTHUR M ANDERSON,IMO5025691,WDH7563,70,0,233,21,8.0,70,A
366972020,2021-07-23T12:24:41,46.74562,-92.13228,0.0,12.1,137.0,ARTHUR M ANDERSON,IMO5025691,WDH7563,70,0,233,21,8.0,70,A
366972020,2021-07-23T11:52:42,46.74562,-92.13227,0.0,221.8,137.0,ARTHUR M ANDERSON,IMO5025691,WDH7563,70,0,233,21,8.0,70,A
366972020,2021-07-23T11:56:12,46.74562,-92.13227,0.0,261.1,137.0,ARTHUR M ANDERSON,IMO5025691,WDH7563,70,0,233,21,8.0,70,A
366972020,2021-07-23T12:22:20,46.74563,-92.13229,0.0,356.5,137.0,ARTHUR M ANDERSON,IMO5025691,WDH7563,70,0,233,21,8.0,70,A
366972020,2021-07-23T12:32:32,46.74563,-92.13228,0.0,356.5,137.0,ARTHUR M ANDERSON,IMO5025691,WDH7563,70,0,233,21,8.0,70,A
366972020,2021-07-23T12:31:30,46.74563,-92.13227,0.0,343.3,137.0,ARTHUR M ANDERSON,IMO5025691,WDH7563,70,0,233,21,8.0,70,A
366972020,2021-07-23T12:01:12,46.74562,-92.13229,0.0,217.1,137.0,ARTHUR M ANDERSON,IMO5025691,WDH7563,70,0,233,21,8.0,70,A
366972020,2021-07-23T12:33:42,46.74563,-92.13227,0.0,6.4,137.0,ARTHUR M ANDERSON,IMO5025691,WDH7563,70,0,233,21,8.0,70,A
366972020,2021-07-23T12:34:51,46.74561,-92.13228,0.0,28.1,137.0,ARTHUR M ANDERSON,IMO5025691,WDH7563,70,0,233,21,8.0,70,A
366972020,2021-07-23T10:54:42,46.74553,-92.13215,0.0,231.8,137.0,ARTHUR M ANDERSON,IMO5025691,WDH7563,70,0,233,21,8.0,70,A
366972020,2021-07-23T12:04:41,46.74562,-92.13228,0.0,110.9,137.0,ARTHUR M ANDERSON,IMO5025691,WDH7563,70,0,233,21,8.0,70,A
366972020,2021-07-23T12:38:21,46.74563,-92.13228,0.0,85.4,137.0,ARTHUR M ANDERSON,IMO5025691,WDH7563,70,0,233,21,8.0,70,A
366972020,2021-07-23T05:15:31,46.74597,-92.13274,0.0,314.9,136.0,ARTHUR M ANDERSON,IMO5025691,WDH7563,70,0,233,21,8.0,70,A
366972020,2021-07-23T12:08:11,46.74562,-92.13228,0.0,161.8,137.0,ARTHUR M ANDERSON,IMO5025691,WDH7563,70,0,233,21,8.0,70,A
366972020,2021-07-23T11:01:12,46.74554,-92.13216,0.0,207.3,137.0,ARTHUR M ANDERSON,IMO5025691,WDH7563,70,0,233,21,8.0,70,A
366972020,2021-07-23T12:36:10,46.74561,-92.13229,0.0,87.5,137.0,ARTHUR M ANDERSON,IMO5025691,WDH7563,70,0,233,21,8.0,70,A
366972020,2021-07-23T12:40:42,46.74563,-92.13226,0.0,55.5,137.0,ARTHUR M ANDERSON,IMO5025691,WDH7563,70,0,233,21,8.0,70,A
366972020,2021-07-23T12:11:51,46.74562,-92.13227,0.0,181.7,137.0,ARTHUR M ANDERSON,IMO5025691,WDH7563,70,0,233,21,8.0,70,A
366972020,2021-07-23T12:41:51,46.74563,-92.13227,0.0,161.1,137.0,ARTHUR M ANDERSON,IMO5025691,WDH7563,70,0,233,21,8.0,70,A
366972020,2021-07-23T12:45:21,46.74563,-92.13227,0.0,130.1,137.0,ARTHUR M ANDERSON,IMO5025691,WDH7563,70,0,233,21,8.0,70,A
366972020,2021-07-23T12:43:02,46.74563,-92.13228,0.0,121.2,137.0,ARTHUR M ANDERSON,IMO5025691,WDH7563,70,0,233,21,8.0,70,A
366972020,2021-07-23T11:08:11,46.74554,-92.13216,0.0,211.8,137.0,ARTHUR M ANDERSON,IMO5025691,WDH7563,70,0,233,21,8.0,70,A
366972020,2021-07-23T12:13:00,46.74562,-92.13228,0.0,161.0,137.0,ARTHUR M ANDERSON,IMO5025691,WDH7563,70,0,233,21,8.0,70,A
366972020,2021-07-23T12:47:41,46.74563,-92.13228,0.0,136.2,137.0,ARTHUR M ANDERSON,IMO5025691,WDH7563,70,0,233,21,8.0,70,A
366972020,2021-07-23T05:25:01,46.74597,-92.13275,0.0,297.4,136.0,ARTHUR M ANDERSON,IMO5025691,WDH7563,70,0,233,21,8.0,70,A
366972020,2021-07-23T12:16:20,46.74562,-92.13227,0.0,78.2,137.0,ARTHUR M ANDERSON,IMO5025691,WDH7563,70,0,233,21,8.0,70,A
366972020,2021-07-23T12:50:12,46.74563,-92.13228,0.0,167.2,137.0,ARTHUR M ANDERSON,IMO5025691,WDH7563,70,0,233,21,8.0,70,A
366972020,2021-07-23T11:12:31,46.74554,-92.13217,0.0,207.0,137.0,ARTHUR M ANDERSON,IMO5025691,WDH7563,70,0,233,21,8.0,70,A
366972020,2021-07-23T12:18:41,46.74561,-92.13227,0.0,103.8,137.0,ARTHUR M ANDERSON,IMO5025691,WDH7563,70,0,233,21,8.0,70,A
366972020,2021-07-23T13:00:02,46.74564,-92.13228,0.0,135.3,137.0,ARTHUR M ANDERSON,IMO5025691,WDH7563,70,0,233,21,8.0,70,A
366972020,2021-07-23T13:01:11,46.74565,-92.13229,0.0,79.8,137.0,ARTHUR M ANDERSON,IMO5025691,WDH7563,70,0,233,21,8.0,70,A
366972020,2021-07-23T13:02:31,46.74564,-92.13228,0.0,100.9,137.0,ARTHUR M ANDERSON,IMO5025691,WDH7563,70,0,233,21,8.0,70,A
366972020,2021-07-23T12:23:32,46.74562,-92.13228,0.0,0.3,137.0,ARTHUR M ANDERSON,IMO5025691,WDH7563,70,0,233,21,8.0,70,A
366972020,2021-07-23T05:35:31,46.74598,-92.13275,0.0,294.4,137.0,ARTHUR M ANDERSON,IMO5025691,WDH7563,70,0,233,21,8.0,70,A
366972020,2021-07-23T12:59:31,46.74565,-92.13228,0.0,95.9,137.0,ARTHUR M ANDERSON,IMO5025691,WDH7563,70,0,233,21,8.0,70,A
366972020,2021-07-23T12:26:51,46.74562,-92.13227,0.0,355.3,137.0,ARTHUR M ANDERSON,IMO5025691,WDH7563,70,0,233,21,8.0,70,A
366972020,2021-07-23T12:28:01,46.74561,-92.13227,0.0,5.5,137.0,ARTHUR M ANDERSON,IMO5025691,WDH7563,70,0,233,21,8.0,70,A
366972020,2021-07-23T13:10:53,46.74565,-92.13228,0.0,231.8,137.0,ARTHUR M ANDERSON,IMO5025691,WDH7563,70,5,233,21,8.0,70,A
366972020,2021-07-23T13:04:41,46.74565,-92.13228,0.0,254.2,137.0,ARTHUR M ANDERSON,IMO5025691,WDH7563,70,0,233,21,8.0,70,A
366972020,2021-07-23T13:08:01,46.74565,-92.13228,0.0,73.9,137.0,ARTHUR M ANDERSON,IMO5025691,WDH7563,70,5,233,21,8.0,70,A
366972020,2021-07-23T12:37:12,46.74562,-92.13228,0.0,72.2,137.0,ARTHUR M ANDERSON,IMO5025691,WDH7563,70,0,233,21,8.0,70,A
366972020,2021-07-23T12:39:32,46.74564,-92.13228,0.0,63.6,137.0,ARTHUR M ANDERSON,IMO5025691,WDH7563,70,0,233,21,8.0,70,A
366972020,2021-07-23T11:38:11,46.74562,-92.13228,0.0,232.6,136.0,ARTHUR M ANDERSON,IMO5025691,WDH7563,70,0,233,21,8.0,70,A
366972020,2021-07-23T13:28:56,46.74564,-92.13226,0.0,245.6,137.0,ARTHUR M ANDERSON,IMO5025691,WDH7563,70,5,233,21,8.0,70,A
366972020,2021-07-23T13:19:55,46.74565,-92.13228,0.0,25.4,137.0,ARTHUR M ANDERSON,IMO5025691,WDH7563,70,5,233,21,8.0,70,A
366972020,2021-07-23T12:51:22,46.74564,-92.13229,0.0,190.4,137.0,ARTHUR M ANDERSON,IMO5025691,WDH7563,70,0,233,21,8.0,70,A
366972020,2021-07-23T11:49:51,46.74561,-92.13228,0.0,271.8,137.0,ARTHUR M ANDERSON,IMO5025691,WDH7563,70,0,233,21,8.0,70,A
366972020,2021-07-23T12:53:41,46.74564,-92.13228,0.0,183.5,137.0,ARTHUR M ANDERSON,IMO5025691,WDH7563,70,0,233,21,8.0,70,A
366972020,2021-07-23T13:25:54,46.74564,-92.13225,0.0,259.7,137.0,ARTHUR M ANDERSON,IMO5025691,WDH7563,70,5,233,21,8.0,70,A
366972020,2021-07-23T12:56:01,46.74564,-92.13228,0.0,148.4,137.0,ARTHUR M ANDERSON,IMO5025691,WDH7563,70,0,233,21,8.0,70,A
366972020,2021-07-23T12:58:20,46.74564,-92.13227,0.0,144.2,137.0,ARTHUR M ANDERSON,IMO5025691,WDH7563,70,0,233,21,8.0,70,A
366972020,2021-07-23T05:51:52,46.74594,-92.13273,0.0,310.9,137.0,ARTHUR M ANDERSON,IMO5025691,WDH7563,70,0,233,21,8.0,70,A
366972020,2021-07-23T13:31:57,46.74563,-92.13226,0.0,210.7,137.0,ARTHUR M ANDERSON,IMO5025691,WDH7563,70,5,233,21,8.0,70,A
366972020,2021-07-23T13:40:57,46.74564,-92.13227,0.0,258.3,137.0,ARTHUR M ANDERSON,IMO5025691,WDH7563,70,5,233,21,8.0,70,A
366972020,2021-07-23T13:34:57,46.74564,-92.13225,0.0,38.6,137.0,ARTHUR M ANDERSON,IMO5025691,WDH7563,70,5,233,21,8.0,70,A
366972020,2021-07-23T13:43:59,46.74565,-92.13227,0.0,206.2,137.0,ARTHUR M ANDERSON,IMO5025691,WDH7563,70,5,233,21,8.0,70,A
366972020,2021-07-23T13:05:42,46.74565,-92.13229,0.0,69.3,137.0,ARTHUR M ANDERSON,IMO5025691,WDH7563,70,0,233,21,8.0,70,A
366972020,2021-07-23T13:03:32,46.74565,-92.13227,0.0,144.7,137.0,ARTHUR M ANDERSON,IMO5025691,WDH7563,70,0,233,21,8.0,70,A
366972020,2021-07-23T13:52:56,46.74565,-92.13225,0.0,223.8,137.0,ARTHUR M ANDERSON,IMO5025691,WDH7563,70,5,233,21,8.0,70,A
366972020,2021-07-23T06:00:02,46.74598,-92.13272,0.0,344.3,137.0,ARTHUR M ANDERSON,IMO5025691,WDH7563,70,0,233,21,8.0,70,A
366972020,2021-07-23T13:13:56,46.74565,-92.13228,0.0,143.2,137.0,ARTHUR M ANDERSON,IMO5025691,WDH7563,70,5,233,21,8.0,70,A
366972020,2021-07-23T06:01:12,46.74598,-92.13273,0.0,305.6,137.0,ARTHUR M ANDERSON,IMO5025691,WDH7563,70,0,233,21,8.0,70,A
366972020,2021-07-23T13:16:56,46.74563,-92.13229,0.0,246.1,137.0,ARTHUR M ANDERSON,IMO5025691,WDH7563,70,5,233,21,8.0,70,A
366972020,2021-07-23T06:04:41,46.74597,-92.13272,0.0,182.9,137.0,ARTHUR M ANDERSON,IMO5025691,WDH7563,70,0,233,21,8.0,70,A
366972020,2021-07-23T13:22:55,46.74566,-92.13227,0.0,263.5,137.0,ARTHUR M ANDERSON,IMO5025691,WDH7563,70,5,233,21,8.0,70,A
366972020,2021-07-23T12:17:31,46.74562,-92.13228,0.0,74.7,137.0,ARTHUR M ANDERSON,IMO5025691,WDH7563,70,0,233,21,8.0,70,A
366972020,2021-07-23T13:58:57,46.74578,-92.13247,0.2,315.7,137.0,ARTHUR M ANDERSON,IMO5025691,WDH7563,70,5,233,21,8.0,70,A
366972020,2021-07-23T12:21:11,46.74562,-92.13228,0.0,80.5,137.0,ARTHUR M ANDERSON,IMO5025691,WDH7563,70,0,233,21,8.0,70,A
366972020,2021-07-23T06:05:51,46.74598,-92.13274,0.0,177.9,137.0,ARTHUR M ANDERSON,IMO5025691,WDH7563,70,0,233,21,8.0,70,A
366972020,2021-07-23T14:07:59,46.74592,-92.13265,0.0,289.7,136.0,ARTHUR M ANDERSON,IMO5025691,WDH7563,70,5,233,21,8.0,70,A
366972020,2021-07-23T14:02:01,46.74592,-92.13264,0.1,315.9,137.0,ARTHUR M ANDERSON,IMO5025691,WDH7563,70,5,233,21,8.0,70,A
366972020,2021-07-23T12:29:10,46.74561,-92.13227,0.0,354.2,137.0,ARTHUR M ANDERSON,IMO5025691,WDH7563,70,0,233,21,8.0,70,A
366972020,2021-07-23T14:20:00,46.74591,-92.13265,0.0,292.4,136.0,ARTHUR M ANDERSON,IMO5025691,WDH7563,70,5,233,21,8.0,70,A
366972020,2021-07-23T12:30:21,46.74562,-92.13226,0.0,337.0,137.0,ARTHUR M ANDERSON,IMO5025691,WDH7563,70,0,233,21,8.0,70,A
366972020,2021-07-23T14:16:58,46.74593,-92.13265,0.0,278.0,136.0,ARTHUR M ANDERSON,IMO5025691,WDH7563,70,5,233,21,8.0,70,A
366972020,2021-07-23T14:22:59,46.74592,-92.13265,0.0,297.6,136.0,ARTHUR M ANDERSON,IMO5025691,WDH7563,70,5,233,21,8.0,70,A
366972020,2021-07-23T14:32:00,46.74595,-92.13268,0.0,220.1,137.0,ARTHUR M ANDERSON,IMO5025691,WDH7563,70,5,233,21,8.0,70,A
366972020,2021-07-23T13:46:55,46.74564,-92.13227,0.0,242.1,137.0,ARTHUR M ANDERSON,IMO5025691,WDH7563,70,5,233,21,8.0,70,A
366972020,2021-07-23T14:26:01,46.74594,-92.13265,0.0,283.2,136.0,ARTHUR M ANDERSON,IMO5025691,WDH7563,70,5,233,21,8.0,70,A
366972020,2021-07-23T13:49:59,46.74564,-92.13227,0.0,310.1,137.0,ARTHUR M ANDERSON,IMO5025691,WDH7563,70,5,233,21,8.0,70,A
366972020,2021-07-23T12:44:12,46.74562,-92.13227,0.0,108.3,137.0,ARTHUR M ANDERSON,IMO5025691,WDH7563,70,0,233,21,8.0,70,A
366972020,2021-07-23T06:15:20,46.74598,-92.13273,0.0,271.3,137.0,ARTHUR M ANDERSON,IMO5025691,WDH7563,70,0,233,21,8.0,70,A
366972020,2021-07-23T12:48:50,46.74563,-92.13227,0.0,127.6,137.0,ARTHUR M ANDERSON,IMO5025691,WDH7563,70,0,233,21,8.0,70,A
366972020,2021-07-23T12:52:31,46.74564,-92.13229,0.0,161.4,137.0,ARTHUR M ANDERSON,IMO5025691,WDH7563,70,0,233,21,8.0,70,A
366972020,2021-07-23T12:54:52,46.74564,-92.13228,0.0,117.4,137.0,ARTHUR M ANDERSON,IMO5025691,WDH7563,70,0,233,21,8.0,70,A
366972020,2021-07-23T06:17:40,46.74598,-92.13273,0.0,226.7,137.0,ARTHUR M ANDERSON,IMO5025691,WDH7563,70,0,233,21,8.0,70,A
366972020,2021-07-23T14:04:56,46.74593,-92.13266,0.0,277.5,136.0,ARTHUR M ANDERSON,IMO5025691,WDH7563,70,5,233,21,8.0,70,A
366972020,2021-07-23T12:57:12,46.74563,-92.13227,0.0,146.0,137.0,ARTHUR M ANDERSON,IMO5025691,WDH7563,70,0,233,21,8.0,70,A
366972020,2021-07-23T14:47:00,46.74593,-92.13266,0.0,235.3,137.0,ARTHUR M ANDERSON,IMO5025691,WDH7563,70,5,233,21,8.0,70,A
366972020,2021-07-23T14:35:00,46.74593,-92.13264,0.0,265.7,137.0,ARTHUR M ANDERSON,IMO5025691,WDH7563,70,5,233,21,8.0,70,A
366972020,2021-07-23T14:56:00,46.74591,-92.13265,0.0,250.1,137.0,ARTHUR M ANDERSON,IMO5025691,WDH7563,70,5,233,21,8.0,70,A
366972020,2021-07-23T14:52:59,46.74591,-92.13265,0.0,257.1,137.0,ARTHUR M ANDERSON,IMO5025691,WDH7563,70,5,233,21,8.0,70,A
366972020,2021-07-23T14:10:57,46.74592,-92.13265,0.0,301.3,136.0,ARTHUR M ANDERSON,IMO5025691,WDH7563,70,5,233,21,8.0,70,A
366972020,2021-07-23T13:06:52,46.74565,-92.13228,0.0,93.1,137.0,ARTHUR M ANDERSON,IMO5025691,WDH7563,70,0,233,21,8.0,70,A
366972020,2021-07-23T15:08:00,46.74591,-92.13265,0.0,200.1,136.0,ARTHUR M ANDERSON,IMO5025691,WDH7563,70,5,233,21,8.0,70,A
366972020,2021-07-23T14:28:59,46.74592,-92.13266,0.0,328.5,136.0,ARTHUR M ANDERSON,IMO5025691,WDH7563,70,5,233,21,8.0,70,A
366972020,2021-07-23T15:17:01,46.7459,-92.13263,0.0,50.2,136.0,ARTHUR M ANDERSON,IMO5025691,WDH7563,70,5,233,21,8.0,70,A
366972020,2021-07-23T15:14:01,46.74589,-92.13264,0.0,76.7,136.0,ARTHUR M ANDERSON,IMO5025691,WDH7563,70,5,233,21,8.0,70,A
366972020,2021-07-23T14:38:01,46.74591,-92.13266,0.0,259.1,137.0,ARTHUR M ANDERSON,IMO5025691,WDH7563,70,5,233,21,8.0,70,A
366972020,2021-07-23T14:40:59,46.74591,-92.13265,0.0,332.6,137.0,ARTHUR M ANDERSON,IMO5025691,WDH7563,70,5,233,21,8.0,70,A
366972020,2021-07-23T15:11:00,46.7459,-92.13265,0.0,230.6,136.0,ARTHUR M ANDERSON,IMO5025691,WDH7563,70,5,233,21,8.0,70,A
366972020,2021-07-23T14:50:01,46.7459,-92.13264,0.0,257.2,137.0,ARTHUR M ANDERSON,IMO5025691,WDH7563,70,5,233,21,8.0,70,A
366972020,2021-07-23T15:31:58,46.74598,-92.13276,0.1,317.7,136.0,ARTHUR M ANDERSON,IMO5025691,WDH7563,70,5,233,21,8.0,70,A
366972020,2021-07-23T06:29:42,46.74598,-92.13272,0.0,271.6,137.0,ARTHUR M ANDERSON,IMO5025691,WDH7563,70,0,233,21,8.0,70,A
366972020,2021-07-23T15:43:57,46.74613,-92.13293,0.0,235.5,136.0,ARTHUR M ANDERSON,IMO5025691,WDH7563,70,5,233,21,8.0,70,A
366972020,2021-07-23T06:30:51,46.74598,-92.13272,0.0,244.2,137.0,ARTHUR M ANDERSON,IMO5025691,WDH7563,70,0,233,21,8.0,70,A
366972020,2021-07-23T15:41:00,46.74613,-92.13294,0.0,281.4,136.0,ARTHUR M ANDERSON,IMO5025691,WDH7563,70,5,233,21,8.0,70,A
366972020,2021-07-23T15:28:58,46.74592,-92.13267,0.0,293.7,136.0,ARTHUR M ANDERSON,IMO5025691,WDH7563,70,5,233,21,8.0,70,A
366972020,2021-07-23T15:34:58,46.74606,-92.13286,0.1,317.5,136.0,ARTHUR M ANDERSON,IMO5025691,WDH7563,70,5,233,21,8.0,70,A
366972020,2021-07-23T13:56:00,46.74566,-92.13231,0.2,315.0,137.0,ARTHUR M ANDERSON,IMO5025691,WDH7563,70,5,233,21,8.0,70,A
366972020,2021-07-23T15:58:53,46.74612,-92.13294,0.0,101.0,136.0,ARTHUR M ANDERSON,IMO5025691,WDH7563,70,5,233,21,8.0,70,A
366972020,2021-07-23T16:10:57,46.74611,-92.13294,0.0,78.0,136.0,ARTHUR M ANDERSON,IMO5025691,WDH7563,70,5,233,21,8.0,70,A
366972020,2021-07-23T14:14:00,46.74591,-92.13263,0.0,239.6,136.0,ARTHUR M ANDERSON,IMO5025691,WDH7563,70,5,233,21,8.0,70,A
366972020,2021-07-23T15:37:56,46.7461,-92.13289,0.0,292.9,136.0,ARTHUR M ANDERSON,IMO5025691,WDH7563,70,5,233,21,8.0,70,A
366972020,2021-07-23T16:26:01,46.74608,-92.13293,0.0,90.2,137.0,ARTHUR M ANDERSON,IMO5025691,WDH7563,70,5,233,21,8.0,70,A
366972020,2021-07-23T06:55:00,46.74552,-92.13206,0.0,313.9,136.0,ARTHUR M ANDERSON,IMO5025691,WDH7563,70,0,233,21,8.0,70,A
366972020,2021-07-23T16:28:57,46.74608,-92.13293,0.0,26.5,137.0,ARTHUR M ANDERSON,IMO5025691,WDH7563,70,5,233,21,8.0,70,A
366972020,2021-07-23T15:47:02,46.74613,-92.13295,0.0,224.9,136.0,ARTHUR M ANDERSON,IMO5025691,WDH7563,70,5,233,21,8.0,70,A
366972020,2021-07-23T16:31:59,46.7461,-92.13294,0.0,200.5,137.0,ARTHUR M ANDERSON,IMO5025691,WDH7563,70,5,233,21,8.0,70,A
366972020,2021-07-23T16:16:56,46.74609,-92.13295,0.0,67.0,136.0,ARTHUR M ANDERSON,IMO5025691,WDH7563,70,5,233,21,8.0,70,A
366972020,2021-07-23T15:53:02,46.74612,-92.13295,0.0,164.9,136.0,ARTHUR M ANDERSON,IMO5025691,WDH7563,70,5,233,21,8.0,70,A
366972020,2021-07-23T06:57:10,46.74551,-92.13206,0.0,289.5,136.0,ARTHUR M ANDERSON,IMO5025691,WDH7563,70,0,233,21,8.0,70,A
366972020,2021-07-23T16:40:57,46.74627,-92.13317,0.0,214.9,136.0,ARTHUR M ANDERSON,IMO5025691,WDH7563,70,5,233,21,8.0,70,A
366972020,2021-07-23T16:49:59,46.74623,-92.13313,0.0,255.9,136.0,ARTHUR M ANDERSON,IMO5025691,WDH7563,70,5,233,21,8.0,70,A
366972020,2021-07-23T16:04:56,46.74609,-92.13295,0.0,115.1,136.0,ARTHUR M ANDERSON,IMO5025691,WDH7563,70,5,233,21,8.0,70,A
366972020,2021-07-23T14:44:00,46.74592,-92.13266,0.0,255.7,137.0,ARTHUR M ANDERSON,IMO5025691,WDH7563,70,5,233,21,8.0,70,A
366972020,2021-07-23T16:20:02,46.74609,-92.13292,0.0,82.9,136.0,ARTHUR M ANDERSON,IMO5025691,WDH7563,70,5,233,21,8.0,70,A
366972020,2021-07-23T17:07:56,46.74623,-92.13313,0.0,102.5,136.0,ARTHUR M ANDERSON,IMO5025691,WDH7563,70,5,233,21,8.0,70,A
366972020,2021-07-23T16:22:57,46.74611,-92.13294,0.0,68.2,137.0,ARTHUR M ANDERSON,IMO5025691,WDH7563,70,5,233,21,8.0,70,A
366972020,2021-07-23T17:13:55,46.74623,-92.13313,0.0,237.1,136.0,ARTHUR M ANDERSON,IMO5025691,WDH7563,70,5,233,21,8.0,70,A
366972020,2021-07-23T17:19:57,46.74624,-92.13313,0.0,118.4,136.0,ARTHUR M ANDERSON,IMO5025691,WDH7563,70,5,233,21,8.0,70,A
366972020,2021-07-23T16:34:56,46.74609,-92.13294,0.0,305.5,137.0,ARTHUR M ANDERSON,IMO5025691,WDH7563,70,5,233,21,8.0,70,A
366972020,2021-07-23T17:25:56,46.74623,-92.13313,0.0,81.1,136.0,ARTHUR M ANDERSON,IMO5025691,WDH7563,70,5,233,21,8.0,70,A
366972020,2021-07-23T17:04:56,46.74624,-92.13313,0.0,25.2,136.0,ARTHUR M ANDERSON,IMO5025691,WDH7563,70,5,233,21,8.0,70,A
366972020,2021-07-23T15:01:59,46.74591,-92.13264,0.0,275.0,136.0,ARTHUR M ANDERSON,IMO5025691,WDH7563,70,5,233,21,8.0,70,A
366972020,2021-07-23T17:28:56,46.74622,-92.13313,0.0,306.1,137.0,ARTHUR M ANDERSON,IMO5025691,WDH7563,70,5,233,21,8.0,70,A
366972020,2021-07-23T15:05:00,46.74589,-92.13265,0.0,293.9,136.0,ARTHUR M ANDERSON,IMO5025691,WDH7563,70,5,233,21,8.0,70,A
366972020,2021-07-23T17:34:58,46.74625,-92.13316,0.0,335.4,137.0,ARTHUR M ANDERSON,IMO5025691,WDH7563,70,5,233,21,8.0,70,A
366972020,2021-07-23T17:37:55,46.74623,-92.13314,0.0,316.3,137.0,ARTHUR M ANDERSON,IMO5025691,WDH7563,70,5,233,21,8.0,70,A
366972020,2021-07-23T16:58:57,46.74623,-92.13312,0.0,226.1,136.0,ARTHUR M ANDERSON,IMO5025691,WDH7563,70,5,233,21,8.0,70,A
366972020,2021-07-23T17:49:55,46.74626,-92.13316,0.0,341.6,137.0,ARTHUR M ANDERSON,IMO5025691,WDH7563,70,5,233,21,8.0,70,A
366972020,2021-07-23T17:43:56,46.74623,-92.13315,0.0,225.5,137.0,ARTHUR M ANDERSON,IMO5025691,WDH7563,70,5,233,21,8.0,70,A
366972020,2021-07-23T17:01:57,46.74621,-92.13313,0.0,197.3,136.0,ARTHUR M ANDERSON,IMO5025691,WDH7563,70,5,233,21,8.0,70,A
366972020,2021-07-23T17:53:01,46.74625,-92.13314,0.0,158.8,137.0,ARTHUR M ANDERSON,IMO5025691,WDH7563,70,5,233,21,8.0,70,A
366972020,2021-07-23T07:19:42,46.74552,-92.13207,0.0,6.4,136.0,ARTHUR M ANDERSON,IMO5025691,WDH7563,70,0,233,21,8.0,70,A
366972020,2021-07-23T15:25:59,46.74591,-92.13265,0.0,194.0,136.0,ARTHUR M ANDERSON,IMO5025691,WDH7563,70,5,233,21,8.0,70,A
366972020,2021-07-23T17:59:02,46.74624,-92.13314,0.0,144.8,137.0,ARTHUR M ANDERSON,IMO5025691,WDH7563,70,5,233,21,8.0,70,A
366972020,2021-07-23T17:16:56,46.74623,-92.13313,0.0,155.4,136.0,ARTHUR M ANDERSON,IMO5025691,WDH7563,70,5,233,21,8.0,70,A
366972020,2021-07-23T17:22:58,46.74623,-92.13313,0.0,87.9,136.0,ARTHUR M ANDERSON,IMO5025691,WDH7563,70,5,233,21,8.0,70,A
366972020,2021-07-23T17:47:00,46.74624,-92.13316,0.0,355.7,137.0,ARTHUR M ANDERSON,IMO5025691,WDH7563,70,5,233,21,8.0,70,A
366972020,2021-07-23T18:11:03,46.74625,-92.13315,0.0,141.7,137.0,ARTHUR M ANDERSON,IMO5025691,WDH7563,70,5,233,21,8.0,70,A
366972020,2021-07-23T17:31:57,46.74621,-92.13314,0.0,230.0,137.0,ARTHUR M ANDERSON,IMO5025691,WDH7563,70,5,233,21,8.0,70,A
366972020,2021-07-23T07:28:42,46.7455,-92.13205,0.0,307.5,136.0,ARTHUR M ANDERSON,IMO5025691,WDH7563,70,0,233,21,8.0,70,A
366972020,2021-07-23T18:01:55,46.74624,-92.13316,0.0,87.0,137.0,ARTHUR M ANDERSON,IMO5025691,WDH7563,70,5,233,21,8.0,70,A
366972020,2021-07-23T17:40:59,46.74622,-92.13315,0.0,11.7,137.0,ARTHUR M ANDERSON,IMO5025691,WDH7563,70,5,233,21,8.0,70,A
366972020,2021-07-23T18:37:58,46.7456,-92.13223,0.0,226.8,136.0,ARTHUR M ANDERSON,IMO5025691,WDH7563,70,5,233,21,8.0,70,A
366972020,2021-07-23T15:55:58,46.74612,-92.13294,0.0,105.6,136.0,ARTHUR M ANDERSON,IMO5025691,WDH7563,70,5,233,21,8.0,70,A
366972020,2021-07-23T18:46:55,46.74558,-92.13224,0.0,218.2,136.0,ARTHUR M ANDERSON,IMO5025691,WDH7563,70,5,233,21,8.0,70,A
366972020,2021-07-23T07:35:31,46.7455,-92.13207,0.0,317.4,136.0,ARTHUR M ANDERSON,IMO5025691,WDH7563,70,0,233,21,8.0,70,A
366972020,2021-07-23T18:52:56,46.74558,-92.13221,0.1,133.9,136.0,ARTHUR M ANDERSON,IMO5025691,WDH7563,70,5,233,21,8.0,70,A
366972020,2021-07-23T18:05:01,46.74623,-92.13315,0.0,183.3,137.0,ARTHUR M ANDERSON,IMO5025691,WDH7563,70,5,233,21,8.0,70,A
366972020,2021-07-23T16:14:03,46.74609,-92.13293,0.0,45.6,136.0,ARTHUR M ANDERSON,IMO5025691,WDH7563,70,5,233,21,8.0,70,A
366972020,2021-07-23T19:10:55,46.7455,-92.1321,0.0,15.6,136.0,ARTHUR M ANDERSON,IMO5025691,WDH7563,70,5,233,21,8.0,70,A
366972020,2021-07-23T18:16:53,46.74625,-92.13316,0.0,169.3,137.0,ARTHUR M ANDERSON,IMO5025691,WDH7563,70,5,233,21,8.0,70,A
366972020,2021-07-23T19:13:59,46.74551,-92.13209,0.0,18.7,136.0,ARTHUR M ANDERSON,IMO5025691,WDH7563,70,5,233,21,8.0,70,A
366972020,2021-07-23T18:25:57,46.74608,-92.13287,0.2,134.6,136.0,ARTHUR M ANDERSON,IMO5025691,WDH7563,70,5,233,21,8.0,70,A
366972020,2021-07-23T19:04:57,46.7455,-92.13209,0.0,43.4,136.0,ARTHUR M ANDERSON,IMO5025691,WDH7563,70,5,233,21,8.0,70,A
366972020,2021-07-23T19:22:58,46.74549,-92.13208,0.0,51.6,136.0,ARTHUR M ANDERSON,IMO5025691,WDH7563,70,5,233,21,8.0,70,A
366972020,2021-07-23T18:31:57,46.7458,-92.13254,0.1,148.9,137.0,ARTHUR M ANDERSON,IMO5025691,WDH7563,70,5,233,21,8.0,70,A
366972020,2021-07-23T18:34:58,46.74568,-92.13234,0.2,148.2,136.0,ARTHUR M ANDERSON,IMO5025691,WDH7563,70,5,233,21,8.0,70,A
366972020,2021-07-23T19:31:58,46.7455,-92.13208,0.0,229.9,136.0,ARTHUR M ANDERSON,IMO5025691,WDH7563,70,5,233,21,8.0,70,A
366972020,2021-07-23T18:40:57,46.74561,-92.13223,0.0,233.4,136.0,ARTHUR M ANDERSON,IMO5025691,WDH7563,70,5,233,21,8.0,70,A
366972020,2021-07-23T19:37:59,46.7455,-92.13208,0.0,330.4,136.0,ARTHUR M ANDERSON,IMO5025691,WDH7563,70,5,233,21,8.0,70,A
366972020,2021-07-23T07:55:22,46.74549,-92.13207,0.0,300.6,136.0,ARTHUR M ANDERSON,IMO5025691,WDH7563,70,0,233,21,8.0,70,A
366972020,2021-07-23T19:44:01,46.74549,-92.13208,0.0,320.5,136.0,ARTHUR M ANDERSON,IMO5025691,WDH7563,70,5,233,21,8.0,70,A
366972020,2021-07-23T18:49:57,46.74558,-92.13223,0.0,223.5,136.0,ARTHUR M ANDERSON,IMO5025691,WDH7563,70,5,233,21,8.0,70,A
366972020,2021-07-23T08:01:01,46.74551,-92.13207,0.0,289.6,136.0,ARTHUR M ANDERSON,IMO5025691,WDH7563,70,0,233,21,8.0,70,A
366972020,2021-07-23T19:47:01,46.74551,-92.13209,0.0,322.0,136.0,ARTHUR M ANDERSON,IMO5025691,WDH7563,70,5,233,21,8.0,70,A
366972020,2021-07-23T18:55:57,46.7455,-92.1321,0.0,129.9,136.0,ARTHUR M ANDERSON,IMO5025691,WDH7563,70,5,233,21,8.0,70,A
366972020,2021-07-23T19:34:59,46.7455,-92.13208,0.0,282.5,136.0,ARTHUR M ANDERSON,IMO5025691,WDH7563,70,5,233,21,8.0,70,A
366972020,2021-07-23T16:52:59,46.74622,-92.13313,0.0,320.7,136.0,ARTHUR M ANDERSON,IMO5025691,WDH7563,70,5,233,21,8.0,70,A
366972020,2021-07-23T19:53:00,46.74549,-92.13207,0.0,265.0,136.0,ARTHUR M ANDERSON,IMO5025691,WDH7563,70,5,233,21,8.0,70,A
366972020,2021-07-23T08:04:32,46.74549,-92.13209,0.0,262.0,136.0,ARTHUR M ANDERSON,IMO5025691,WDH7563,70,0,233,21,8.0,70,A
366972020,2021-07-23T19:07:59,46.74549,-92.13209,0.0,46.4,136.0,ARTHUR M ANDERSON,IMO5025691,WDH7563,70,5,233,21,8.0,70,A
366972020,2021-07-23T20:10:57,46.74555,-92.13213,0.0,325.8,136.0,ARTHUR M ANDERSON,IMO5025691,WDH7563,70,5,233,21,8.0,70,A
366972020,2021-07-23T19:16:56,46.7455,-92.13208,0.0,22.9,136.0,ARTHUR M ANDERSON,IMO5025691,WDH7563,70,5,233,21,8.0,70,A
366972020,2021-07-23T20:13:55,46.74556,-92.13214,0.0,315.6,136.0,ARTHUR M ANDERSON,IMO5025691,WDH7563,70,5,233,21,8.0,70,A
366972020,2021-07-23T19:40:59,46.74551,-92.13209,0.0,277.3,136.0,ARTHUR M ANDERSON,IMO5025691,WDH7563,70,5,233,21,8.0,70,A
366972020,2021-07-23T20:16:56,46.74555,-92.13214,0.0,3.0,136.0,ARTHUR M ANDERSON,IMO5025691,WDH7563,70,5,233,21,8.0,70,A
366972020,2021-07-23T08:09:12,46.74549,-92.13208,0.0,301.6,136.0,ARTHUR M ANDERSON,IMO5025691,WDH7563,70,0,233,21,8.0,70,A
366972020,2021-07-23T08:10:22,46.74549,-92.13208,0.0,317.8,136.0,ARTHUR M ANDERSON,IMO5025691,WDH7563,70,0,233,21,8.0,70,A
366972020,2021-07-23T19:49:59,46.74549,-92.13207,0.0,252.8,136.0,ARTHUR M ANDERSON,IMO5025691,WDH7563,70,5,233,21,8.0,70,A
366972020,2021-07-23T20:04:58,46.74556,-92.13215,0.0,285.9,136.0,ARTHUR M ANDERSON,IMO5025691,WDH7563,70,5,233,21,8.0,70,A
366972020,2021-07-23T19:55:58,46.74551,-92.13207,0.0,4.5,136.0,ARTHUR M ANDERSON,IMO5025691,WDH7563,70,5,233,21,8.0,70,A
366972020,2021-07-23T20:28:59,46.74555,-92.13217,0.0,308.7,136.0,ARTHUR M ANDERSON,IMO5025691,WDH7563,70,5,233,21,8.0,70,A
366972020,2021-07-23T20:52:57,46.74597,-92.13273,0.0,211.5,136.0,ARTHUR M ANDERSON,IMO5025691,WDH7563,70,5,233,21,8.0,70,A
366972020,2021-07-23T08:25:12,46.7455,-92.13208,0.0,329.5,137.0,ARTHUR M ANDERSON,IMO5025691,WDH7563,70,0,233,21,8.0,70,A
366972020,2021-07-23T20:01:58,46.74554,-92.13214,0.0,330.9,136.0,ARTHUR M ANDERSON,IMO5025691,WDH7563,70,5,233,21,8.0,70,A
366972020,2021-07-23T17:55:55,46.74623,-92.13315,0.0,139.6,137.0,ARTHUR M ANDERSON,IMO5025691,WDH7563,70,5,233,21,8.0,70,A
366972020,2021-07-23T20:58:53,46.74596,-92.13273,0.0,231.8,136.0,ARTHUR M ANDERSON,IMO5025691,WDH7563,70,5,233,21,8.0,70,A
366972020,2021-07-23T20:07:56,46.74555,-92.13214,0.0,357.7,136.0,ARTHUR M ANDERSON,IMO5025691,WDH7563,70,5,233,21,8.0,70,A
366972020,2021-07-23T20:43:58,46.74596,-92.13273,0.0,321.8,136.0,ARTHUR M ANDERSON,IMO5025691,WDH7563,70,5,233,21,8.0,70,A
366972020,2021-07-23T20:46:58,46.74596,-92.13274,0.0,69.8,136.0,ARTHUR M ANDERSON,IMO5025691,WDH7563,70,5,233,21,8.0,70,A
366972020,2021-07-23T21:04:56,46.74596,-92.13274,0.0,189.9,136.0,ARTHUR M ANDERSON,IMO5025691,WDH7563,70,5,233,21,8.0,70,A
366972020,2021-07-23T21:08:04,46.74596,-92.13275,0.0,241.0,136.0,ARTHUR M ANDERSON,IMO5025691,WDH7563,70,5,233,21,8.0,70,A
366972020,2021-07-23T08:39:01,46.74549,-92.13206,0.0,187.1,137.0,ARTHUR M ANDERSON,IMO5025691,WDH7563,70,0,233,21,8.0,70,A
366972020,2021-07-23T20:19:57,46.74555,-92.13215,0.0,317.2,136.0,ARTHUR M ANDERSON,IMO5025691,WDH7563,70,5,233,21,8.0,70,A
366972020,2021-07-23T20:22:58,46.74555,-92.13216,0.0,336.7,136.0,ARTHUR M ANDERSON,IMO5025691,WDH7563,70,5,233,21,8.0,70,A
366972020,2021-07-23T21:16:57,46.74596,-92.13271,0.0,67.6,136.0,ARTHUR M ANDERSON,IMO5025691,WDH7563,70,5,233,21,8.0,70,A
366972020,2021-07-23T21:22:59,46.74501,-92.13055,2.4,125.3,126.0,ARTHUR M ANDERSON,IMO5025691,WDH7563,70,5,233,21,8.0,70,A
366972020,2021-07-23T21:25:19,46.74424,-92.12783,3.6,101.6,105.0,ARTHUR M ANDERSON,IMO5025691,WDH7563,70,5,233,21,8.0,70,A
366972020,2021-07-23T21:24:09,46.74454,-92.12939,3.1,113.9,119.0,ARTHUR M ANDERSON,IMO5025691,WDH7563,70,5,233,21,8.0,70,A
366972020,2021-07-23T21:27:41,46.74378,-92.12399,4.4,99.9,99.0,ARTHUR M ANDERSON,IMO5025691,WDH7563,70,5,233,21,8.0,70,A
366972020,2021-07-23T20:49:59,46.74596,-92.13274,0.0,132.4,136.0,ARTHUR M ANDERSON,IMO5025691,WDH7563,70,5,233,21,8.0,70,A
366972020,2021-07-23T21:28:50,46.74355,-92.12183,4.8,96.1,97.0,ARTHUR M ANDERSON,IMO5025691,WDH7563,70,5,233,21,8.0,70,A
366972020,2021-07-23T18:28:56,46.74591,-92.13268,0.2,150.2,136.0,ARTHUR M ANDERSON,IMO5025691,WDH7563,70,5,233,21,8.0,70,A
366972020,2021-07-23T21:29:59,46.74361,-92.11955,5.0,82.2,85.0,ARTHUR M ANDERSON,IMO5025691,WDH7563,70,5,233,21,8.0,70,A
366972020,2021-07-23T21:31:09,46.74396,-92.1172,5.1,74.5,76.0,ARTHUR M ANDERSON,IMO5025691,WDH7563,70,5,233,21,8.0,70,A
366972020,2021-07-23T21:34:40,46.74562,-92.10983,5.7,72.0,71.0,ARTHUR M ANDERSON,IMO5025691,WDH7563,70,5,233,21,8.0,70,A
366972020,2021-07-23T21:36:59,46.74734,-92.10502,5.7,56.4,56.0,ARTHUR M ANDERSON,IMO5025691,WDH7563,70,5,233,21,8.0,70,A
366972020,2021-07-23T21:38:00,46.74822,-92.10306,5.8,56.9,56.0,ARTHUR M ANDERSON,IMO5025691,WDH7563,70,5,233,21,8.0,70,A
366972020,2021-07-23T21:39:09,46.74923,-92.10071,5.9,61.8,59.0,ARTHUR M ANDERSON,IMO5025691,WDH7563,70,5,233,21,8.0,70,A
366972020,2021-07-23T21:43:40,46.75381,-92.09268,5.5,17.2,22.0,ARTHUR M ANDERSON,IMO5025691,WDH7563,70,5,233,21,8.0,70,A
366972020,2021-07-23T21:48:21,46.76004,-92.09535,5.3,337.4,336.0,ARTHUR M ANDERSON,IMO5025691,WDH7563,70,0,233,21,8.0,70,A
366972020,2021-07-23T18:43:53,46.7456,-92.13224,0.0,215.1,136.0,ARTHUR M ANDERSON,IMO5025691,WDH7563,70,5,233,21,8.0,70,A
366972020,2021-07-23T21:14:04,46.74594,-92.13274,0.0,7.9,136.0,ARTHUR M ANDERSON,IMO5025691,WDH7563,70,5,233,21,8.0,70,A
366972020,2021-07-23T21:02:02,46.74596,-92.13273,0.0,235.6,136.0,ARTHUR M ANDERSON,IMO5025691,WDH7563,70,5,233,21,8.0,70,A
366972020,2021-07-23T21:57:22,46.77269,-92.10156,5.0,4.1,0.0,ARTHUR M ANDERSON,IMO5025691,WDH7563,70,0,233,21,8.0,70,A
366972020,2021-07-23T21:40:21,46.75014,-92.09818,5.9,61.9,61.0,ARTHUR M ANDERSON,IMO5025691,WDH7563,70,5,233,21,8.0,70,A
366972020,2021-07-23T21:19:54,46.74583,-92.13221,0.9,123.6,131.0,ARTHUR M ANDERSON,IMO5025691,WDH7563,70,5,233,21,8.0,70,A
366972020,2021-07-23T22:00:00,46.77606,-92.09995,4.9,32.9,28.0,ARTHUR M ANDERSON,IMO5025691,WDH7563,70,0,233,21,8.0,70,A
366972020,2021-07-23T22:02:09,46.77778,-92.09656,4.9,63.1,62.0,ARTHUR M ANDERSON,IMO5025691,WDH7563,70,0,233,21,8.0,70,A
366972020,2021-07-23T22:05:40,46.78002,-92.08963,5.9,65.3,64.0,ARTHUR M ANDERSON,IMO5025691,WDH7563,70,0,233,21,8.0,70,A
366972020,2021-07-23T21:47:09,46.75843,-92.09437,5.0,337.5,336.0,ARTHUR M ANDERSON,IMO5025691,WDH7563,70,0,233,21,8.0,70,A
366972020,2021-07-23T21:33:31,46.74506,-92.11233,5.5,72.0,71.0,ARTHUR M ANDERSON,IMO5025691,WDH7563,70,5,233,21,8.0,70,A
366972020,2021-07-23T22:09:09,46.7828,-92.08067,7.9,65.9,64.0,ARTHUR M ANDERSON,IMO5025691,WDH7563,70,0,233,21,8.0,70,A
366972020,2021-07-23T22:13:49,46.78784,-92.06466,10.3,64.5,64.0,ARTHUR M ANDERSON,IMO5025691,WDH7563,70,0,233,21,8.0,70,A
366972020,2021-07-23T21:56:20,46.77125,-92.10156,5.1,354.3,350.0,ARTHUR M ANDERSON,IMO5025691,WDH7563,70,0,233,21,8.0,70,A
366972020,2021-07-23T19:01:57,46.74549,-92.13209,0.0,238.4,136.0,ARTHUR M ANDERSON,IMO5025691,WDH7563,70,5,233,21,8.0,70,A
366972020,2021-07-23T21:41:30,46.75108,-92.09573,6.0,58.8,60.0,ARTHUR M ANDERSON,IMO5025691,WDH7563,70,5,233,21,8.0,70,A
366972020,2021-07-23T22:16:09,46.79078,-92.05558,10.9,64.9,65.0,ARTHUR M ANDERSON,IMO5025691,WDH7563,70,0,233,21,8.0,70,A
366972020,2021-07-23T21:42:39,46.75241,-92.09371,5.8,39.2,41.0,ARTHUR M ANDERSON,IMO5025691,WDH7563,70,5,233,21,8.0,70,A
366972020,2021-07-23T22:01:03,46.77706,-92.09843,4.8,53.3,48.0,ARTHUR M ANDERSON,IMO5025691,WDH7563,70,0,233,21,8.0,70,A
366972020,2021-07-23T22:03:19,46.77851,-92.09436,5.2,64.3,64.0,ARTHUR M ANDERSON,IMO5025691,WDH7563,70,0,233,21,8.0,70,A
366972020,2021-07-23T21:26:30,46.74403,-92.12601,4.0,100.2,98.0,ARTHUR M ANDERSON,IMO5025691,WDH7563,70,5,233,21,8.0,70,A
366972020,2021-07-23T21:32:19,46.74451,-92.11484,5.3,71.7,71.0,ARTHUR M ANDERSON,IMO5025691,WDH7563,70,5,233,21,8.0,70,A
366972020,2021-07-23T09:02:11,46.74549,-92.13206,0.0,300.5,136.0,ARTHUR M ANDERSON,IMO5025691,WDH7563,70,0,233,21,8.0,70,A
366972020,2021-07-23T22:10:19,46.78392,-92.07707,8.6,65.9,65.0,ARTHUR M ANDERSON,IMO5025691,WDH7563,70,0,233,21,8.0,70,A
366972020,2021-07-23T21:35:51,46.74635,-92.10727,5.7,61.6,64.0,ARTHUR M ANDERSON,IMO5025691,WDH7563,70,5,233,21,8.0,70,A
366972020,2021-07-23T19:19:59,46.7455,-92.13209,0.0,81.9,136.0,ARTHUR M ANDERSON,IMO5025691,WDH7563,70,5,233,21,8.0,70,A
366972020,2021-07-23T22:40:40,46.82391,-91.95079,11.7,64.9,64.0,ARTHUR M ANDERSON,IMO5025691,WDH7563,70,0,233,21,8.0,70,A
366972020,2021-07-23T21:46:00,46.75695,-92.09347,4.8,335.8,336.0,ARTHUR M ANDERSON,IMO5025691,WDH7563,70,0,233,21,8.0,70,A
366972020,2021-07-23T22:43:00,46.82709,-91.94066,11.7,65.7,65.0,ARTHUR M ANDERSON,IMO5025691,WDH7563,70,0,233,21,8.0,70,A
366972020,2021-07-23T22:48:49,46.83503,-91.91555,11.7,64.9,63.0,ARTHUR M ANDERSON,IMO5025691,WDH7563,70,0,233,21,8.0,70,A
366972020,2021-07-23T21:50:40,46.76334,-92.09736,5.5,337.2,336.0,ARTHUR M ANDERSON,IMO5025691,WDH7563,70,0,233,21,8.0,70,A
366972020,2021-07-23T21:52:59,46.7666,-92.09935,5.4,337.0,336.0,ARTHUR M ANDERSON,IMO5025691,WDH7563,70,0,233,21,8.0,70,A
366972020,2021-07-23T21:54:09,46.76819,-92.10033,5.3,337.4,336.0,ARTHUR M ANDERSON,IMO5025691,WDH7563,70,0,233,21,8.0,70,A
366972020,2021-07-23T21:55:19,46.76981,-92.10121,5.2,343.6,340.0,ARTHUR M ANDERSON,IMO5025691,WDH7563,70,0,233,21,8.0,70,A
366972020,2021-07-23T22:14:59,46.78928,-92.06021,10.6,64.7,65.0,ARTHUR M ANDERSON,IMO5025691,WDH7563,70,0,233,21,8.0,70,A
366972020,2021-07-23T09:24:41,46.74546,-92.13205,0.0,136.5,136.0,ARTHUR M ANDERSON,IMO5025691,WDH7563,70,0,233,21,8.0,70,A
366972020,2021-07-23T21:59:32,46.77553,-92.10041,4.8,25.8,21.0,ARTHUR M ANDERSON,IMO5025691,WDH7563,70,0,233,21,8.0,70,A
366972020,2021-07-23T22:37:09,46.81916,-91.96598,11.7,65.4,65.0,ARTHUR M ANDERSON,IMO5025691,WDH7563,70,0,233,21,8.0,70,A
366972020,2021-07-23T23:00:10,46.85066,-91.86634,11.8,65.5,65.0,ARTHUR M ANDERSON,IMO5025691,WDH7563,70,0,233,21,8.0,70,A
366972020,2021-07-23T22:39:30,46.82231,-91.95584,11.7,65.5,65.0,ARTHUR M ANDERSON,IMO5025691,WDH7563,70,0,233,21,8.0,70,A
366972020,2021-07-23T09:27:00,46.74547,-92.13205,0.0,95.3,136.0,ARTHUR M ANDERSON,IMO5025691,WDH7563,70,0,233,21,8.0,70,A
366972020,2021-07-23T22:19:40,46.79537,-92.04106,11.4,64.8,65.0,ARTHUR M ANDERSON,IMO5025691,WDH7563,70,0,233,21,8.0,70,A
366972020,2021-07-23T22:20:50,46.79695,-92.03614,11.5,64.8,65.0,ARTHUR M ANDERSON,IMO5025691,WDH7563,70,0,233,21,8.0,70,A
366972020,2021-07-23T22:24:20,46.80169,-92.02123,11.6,65.6,66.0,ARTHUR M ANDERSON,IMO5025691,WDH7563,70,0,233,21,8.0,70,A
366972020,2021-07-23T22:06:50,46.78088,-92.08695,6.5,65.4,65.0,ARTHUR M ANDERSON,IMO5025691,WDH7563,70,0,233,21,8.0,70,A
366972020,2021-07-23T23:09:30,46.86345,-91.82563,11.9,65.2,64.0,ARTHUR M ANDERSON,IMO5025691,WDH7563,70,0,233,21,8.0,70,A
366972020,2021-07-23T22:07:59,46.7818,-92.08393,7.3,65.9,64.0,ARTHUR M ANDERSON,IMO5025691,WDH7563,70,0,233,21,8.0,70,A
366972020,2021-07-23T22:47:40,46.83344,-91.92052,11.7,65.0,63.0,ARTHUR M ANDERSON,IMO5025691,WDH7563,70,0,233,21,8.0,70,A
366972020,2021-07-23T22:11:29,46.78511,-92.07322,9.2,65.7,65.0,ARTHUR M ANDERSON,IMO5025691,WDH7563,70,0,233,21,8.0,70,A
366972020,2021-07-23T22:29:01,46.808,-92.00106,11.7,65.5,65.0,ARTHUR M ANDERSON,IMO5025691,WDH7563,70,0,233,21,8.0,70,A
366972020,2021-07-23T23:11:49,46.86666,-91.81545,11.9,65.2,64.0,ARTHUR M ANDERSON,IMO5025691,WDH7563,70,0,233,21,8.0,70,A
366972020,2021-07-23T23:18:30,46.87598,-91.78619,11.9,65.5,64.0,ARTHUR M ANDERSON,IMO5025691,WDH7563,70,0,233,21,8.0,70,A
366972020,2021-07-23T23:17:20,46.87438,-91.79129,11.9,65.3,64.0,ARTHUR M ANDERSON,IMO5025691,WDH7563,70,0,233,21,8.0,70,A
366972020,2021-07-23T22:17:20,46.79231,-92.05074,11.1,65.6,66.0,ARTHUR M ANDERSON,IMO5025691,WDH7563,70,0,233,21,8.0,70,A
366972020,2021-07-23T22:23:11,46.80015,-92.02617,11.6,65.2,65.0,ARTHUR M ANDERSON,IMO5025691,WDH7563,70,0,233,21,8.0,70,A
366972020,2021-07-23T23:23:09,46.88238,-91.76574,11.9,65.6,64.0,ARTHUR M ANDERSON,IMO5025691,WDH7563,70,0,233,21,8.0,70,A
366972020,2021-07-23T19:58:59,46.74555,-92.13214,0.1,310.7,136.0,ARTHUR M ANDERSON,IMO5025691,WDH7563,70,5,233,21,8.0,70,A
366972020,2021-07-23T23:30:10,46.89214,-91.73493,11.9,65.0,63.0,ARTHUR M ANDERSON,IMO5025691,WDH7563,70,0,233,21,8.0,70,A
366972020,2021-07-23T23:31:20,46.89375,-91.72978,11.9,65.9,64.0,ARTHUR M ANDERSON,IMO5025691,WDH7563,70,0,233,21,8.0,70,A
366972020,2021-07-23T22:27:49,46.80639,-92.00617,11.7,65.8,65.0,ARTHUR M ANDERSON,IMO5025691,WDH7563,70,0,233,21,8.0,70,A
366972020,2021-07-23T22:31:19,46.81113,-91.99114,11.7,65.4,64.0,ARTHUR M ANDERSON,IMO5025691,WDH7563,70,0,233,21,8.0,70,A
366972020,2021-07-23T22:32:30,46.8127,-91.98604,11.7,66.0,65.0,ARTHUR M ANDERSON,IMO5025691,WDH7563,70,0,233,21,8.0,70,A
366972020,2021-07-23T23:37:09,46.90181,-91.70414,11.9,65.0,63.0,ARTHUR M ANDERSON,IMO5025691,WDH7563,70,0,233,21,8.0,70,A
366972020,2021-07-23T22:33:40,46.81426,-91.98101,11.7,65.6,64.0,ARTHUR M ANDERSON,IMO5025691,WDH7563,70,0,233,21,8.0,70,A
366972020,2021-07-23T22:53:21,46.84134,-91.896,11.8,64.5,64.0,ARTHUR M ANDERSON,IMO5025691,WDH7563,70,0,233,21,8.0,70,A
366972020,2021-07-23T23:20:50,46.87919,-91.77594,11.9,65.2,64.0,ARTHUR M ANDERSON,IMO5025691,WDH7563,70,0,233,21,8.0,70,A
366972020,2021-07-23T22:41:49,46.82548,-91.94581,11.7,65.1,64.0,ARTHUR M ANDERSON,IMO5025691,WDH7563,70,0,233,21,8.0,70,A
366972020,2021-07-23T23:24:20,46.88402,-91.76056,11.9,65.1,63.0,ARTHUR M ANDERSON,IMO5025691,WDH7563,70,0,233,21,8.0,70,A
366972020,2021-07-23T22:44:09,46.82863,-91.93569,11.7,65.2,64.0,ARTHUR M ANDERSON,IMO5025691,WDH7563,70,0,233,21,8.0,70,A
366972020,2021-07-23T22:45:19,46.83026,-91.93058,11.7,65.2,64.0,ARTHUR M ANDERSON,IMO5025691,WDH7563,70,0,233,21,8.0,70,A
366972020,2021-07-23T22:58:59,46.8491,-91.87151,11.8,65.9,65.0,ARTHUR M ANDERSON,IMO5025691,WDH7563,70,0,233,21,8.0,70,A
366972020,2021-07-23T22:46:30,46.83185,-91.92556,11.7,65.2,64.0,ARTHUR M ANDERSON,IMO5025691,WDH7563,70,0,233,21,8.0,70,A
366972020,2021-07-23T23:50:40,46.92053,-91.64467,11.9,65.3,64.0,ARTHUR M ANDERSON,IMO5025691,WDH7563,70,0,233,21,8.0,70,A
366972020,2021-07-23T23:51:49,46.92216,-91.6396,11.9,64.8,63.0,ARTHUR M ANDERSON,IMO5025691,WDH7563,70,0,233,21,8.0,70,A
366972020,2021-07-23T23:56:30,46.92869,-91.61892,11.9,65.5,64.0,ARTHUR M ANDERSON,IMO5025691,WDH7563,70,0,233,21,8.0,70,A
366972020,2021-07-23T22:51:00,46.83803,-91.90614,11.7,65.1,64.0,ARTHUR M ANDERSON,IMO5025691,WDH7563,70,0,233,21,8.0,70,A
366972020,2021-07-23T23:34:50,46.89865,-91.71429,11.9,65.5,64.0,ARTHUR M ANDERSON,IMO5025691,WDH7563,70,0,233,21,8.0,70,A
366972020,2021-07-23T22:54:29,46.84293,-91.89111,11.8,65.0,64.0,ARTHUR M ANDERSON,IMO5025691,WDH7563,70,0,233,21,8.0,70,A
366972020,2021-07-23T23:58:49,46.93189,-91.6087,11.9,65.6,64.0,ARTHUR M ANDERSON,IMO5025691,WDH7563,70,0,233,21,8.0,70,A
366972020,2021-07-23T22:55:31,46.84436,-91.88662,11.8,65.0,64.0,ARTHUR M ANDERSON,IMO5025691,WDH7563,70,0,233,21,8.0,70,A
366972020,2021-07-23T23:36:01,46.90025,-91.70912,11.9,65.6,64.0,ARTHUR M ANDERSON,IMO5025691,WDH7563,70,0,233,21,8.0,70,A
366972020,2021-07-23T22:56:40,46.84595,-91.8816,11.8,65.5,65.0,ARTHUR M ANDERSON,IMO5025691,WDH7563,70,0,233,21,8.0,70,A
366972020,2021-07-23T23:42:51,46.90968,-91.67909,11.9,64.9,63.0,ARTHUR M ANDERSON,IMO5025691,WDH7563,70,0,233,21,8.0,70,A
366972020,2021-07-23T09:44:32,46.74547,-92.13206,0.0,354.6,136.0,ARTHUR M ANDERSON,IMO5025691,WDH7563,70,0,233,21,8.0,70,A
366972020,2021-07-23T23:01:21,46.85231,-91.86119,11.8,65.1,64.0,ARTHUR M ANDERSON,IMO5025691,WDH7563,70,0,233,21,8.0,70,A
366972020,2021-07-23T23:02:30,46.85389,-91.85622,11.8,65.1,64.0,ARTHUR M ANDERSON,IMO5025691,WDH7563,70,0,233,21,8.0,70,A
366972020,2021-07-23T23:07:10,46.86024,-91.83585,11.8,65.7,64.0,ARTHUR M ANDERSON,IMO5025691,WDH7563,70,0,233,21,8.0,70,A
366972020,2021-07-23T23:08:20,46.86184,-91.83073,11.8,65.5,64.0,ARTHUR M ANDERSON,IMO5025691,WDH7563,70,0,233,21,8.0,70,A
366972020,2021-07-23T23:14:09,46.86994,-91.80517,11.9,65.2,64.0,ARTHUR M ANDERSON,IMO5025691,WDH7563,70,0,233,21,8.0,70,A
366972020,2021-07-23T23:26:39,46.88726,-91.75032,11.9,65.4,64.0,ARTHUR M ANDERSON,IMO5025691,WDH7563,70,0,233,21,8.0,70,A
366972020,2021-07-23T23:15:10,46.87132,-91.80078,11.9,65.1,64.0,ARTHUR M ANDERSON,IMO5025691,WDH7563,70,0,233,21,8.0,70,A
366972020,2021-07-23T20:41:00,46.74584,-92.13257,0.3,316.5,137.0,ARTHUR M ANDERSON,IMO5025691,WDH7563,70,5,233,21,8.0,70,A
366972020,2021-07-23T09:59:32,46.74549,-92.13211,0.1,318.3,136.0,ARTHUR M ANDERSON,IMO5025691,WDH7563,70,0,233,21,8.0,70,A
366972020,2021-07-23T23:22:00,46.88081,-91.7708,11.9,65.5,64.0,ARTHUR M ANDERSON,IMO5025691,WDH7563,70,0,233,21,8.0,70,A
366972020,2021-07-23T10:03:32,46.74555,-92.13215,0.0,249.8,136.0,ARTHUR M ANDERSON,IMO5025691,WDH7563,70,0,233,21,8.0,70,A
366972020,2021-07-23T23:25:29,46.88562,-91.75552,11.9,65.3,63.0,ARTHUR M ANDERSON,IMO5025691,WDH7563,70,0,233,21,8.0,70,A
366972020,2021-07-23T23:27:49,46.88885,-91.74527,11.9,65.2,63.0,ARTHUR M ANDERSON,IMO5025691,WDH7563,70,0,233,21,8.0,70,A
366972020,2021-07-23T23:29:00,46.89051,-91.74007,11.9,65.1,63.0,ARTHUR M ANDERSON,IMO5025691,WDH7563,70,0,233,21,8.0,70,A
366972020,2021-07-23T10:10:42,46.74555,-92.13215,0.0,193.6,137.0,ARTHUR M ANDERSON,IMO5025691,WDH7563,70,0,233,21,8.0,70,A
366972020,2021-07-23T23:48:20,46.9173,-91.65497,11.9,65.6,64.0,ARTHUR M ANDERSON,IMO5025691,WDH7563,70,0,233,21,8.0,70,A
366972020,2021-07-23T10:16:32,46.74554,-92.13215,0.0,217.0,137.0,ARTHUR M ANDERSON,IMO5025691,WDH7563,70,0,233,21,8.0,70,A
366972020,2021-07-23T23:38:19,46.90345,-91.69901,11.9,64.7,63.0,ARTHUR M ANDERSON,IMO5025691,WDH7563,70,0,233,21,8.0,70,A
366972020,2021-07-23T23:49:29,46.9189,-91.64989,11.9,65.3,64.0,ARTHUR M ANDERSON,IMO5025691,WDH7563,70,0,233,21,8.0,70,A
366972020,2021-07-23T20:56:01,46.74597,-92.13273,0.0,247.5,136.0,ARTHUR M ANDERSON,IMO5025691,WDH7563,70,5,233,21,8.0,70,A
366972020,2021-07-23T23:43:59,46.91132,-91.6741,11.9,64.0,62.0,ARTHUR M ANDERSON,IMO5025691,WDH7563,70,0,233,21,8.0,70,A
366972020,2021-07-23T23:41:49,46.90827,-91.68363,11.9,66.0,64.0,ARTHUR M ANDERSON,IMO5025691,WDH7563,70,0,233,21,8.0,70,A
366972020,2021-07-23T23:47:19,46.91593,-91.6594,11.9,65.8,64.0,ARTHUR M ANDERSON,IMO5025691,WDH7563,70,0,233,21,8.0,70,A
366972020,2021-07-23T21:10:57,46.74597,-92.13274,0.0,336.1,136.0,ARTHUR M ANDERSON,IMO5025691,WDH7563,70,5,233,21,8.0,70,A
366972020,2021-07-23T10:40:51,46.74554,-92.13217,0.0,286.7,137.0,ARTHUR M ANDERSON,IMO5025691,WDH7563,70,0,233,21,8.0,70,A
366972020,2021-07-23T10:44:22,46.74554,-92.13217,0.0,254.1,137.0,ARTHUR M ANDERSON,IMO5025691,WDH7563,70,0,233,21,8.0,70,A
366972020,2021-07-23T10:50:21,46.74553,-92.13217,0.0,242.6,137.0,ARTHUR M ANDERSON,IMO5025691,WDH7563,70,0,233,21,8.0,70,A
366972020,2021-07-23T10:53:41,46.74552,-92.13216,0.0,237.9,137.0,ARTHUR M ANDERSON,IMO5025691,WDH7563,70,0,233,21,8.0,70,A
366972020,2021-07-23T11:07:02,46.74553,-92.13216,0.0,205.2,137.0,ARTHUR M ANDERSON,IMO5025691,WDH7563,70,0,233,21,8.0,70,A
366972020,2021-07-23T11:17:22,46.74554,-92.13215,0.0,304.9,137.0,ARTHUR M ANDERSON,IMO5025691,WDH7563,70,0,233,21,8.0,70,A
366972020,2021-07-23T11:20:51,46.74562,-92.13228,0.0,312.2,136.0,ARTHUR M ANDERSON,IMO5025691,WDH7563,70,0,233,21,8.0,70,A
366972020,2021-07-23T21:58:29,46.77419,-92.10116,4.9,14.3,10.0,ARTHUR M ANDERSON,IMO5025691,WDH7563,70,0,233,21,8.0,70,A
366972020,2021-07-23T11:30:12,46.74563,-92.13229,0.0,154.5,136.0,ARTHUR M ANDERSON,IMO5025691,WDH7563,70,0,233,21,8.0,70,A
366972020,2021-07-23T11:32:32,46.74563,-92.13228,0.0,212.2,136.0,ARTHUR M ANDERSON,IMO5025691,WDH7563,70,0,233,21,8.0,70,A
366972020,2021-07-23T11:37:01,46.74562,-92.13228,0.0,217.5,136.0,ARTHUR M ANDERSON,IMO5025691,WDH7563,70,0,233,21,8.0,70,A
366972020,2021-07-23T22:18:30,46.79382,-92.04592,11.3,65.2,65.0,ARTHUR M ANDERSON,IMO5025691,WDH7563,70,0,233,21,8.0,70,A
366972020,2021-07-23T22:22:01,46.79857,-92.03114,11.5,65.1,65.0,ARTHUR M ANDERSON,IMO5025691,WDH7563,70,0,233,21,8.0,70,A
366972020,2021-07-23T22:25:30,46.80324,-92.01624,11.6,65.5,65.0,ARTHUR M ANDERSON,IMO5025691,WDH7563,70,0,233,21,8.0,70,A
366972020,2021-07-23T22:26:39,46.80482,-92.01121,11.6,65.4,65.0,ARTHUR M ANDERSON,IMO5025691,WDH7563,70,0,233,21,8.0,70,A
366972020,2021-07-23T22:34:51,46.8159,-91.97594,11.7,64.3,63.0,ARTHUR M ANDERSON,IMO5025691,WDH7563,70,0,233,21,8.0,70,A
366972020,2021-07-23T22:35:59,46.81751,-91.97109,11.7,64.1,64.0,ARTHUR M ANDERSON,IMO5025691,WDH7563,70,0,233,21,8.0,70,A
366972020,2021-07-23T22:38:20,46.82075,-91.96084,11.7,65.6,65.0,ARTHUR M ANDERSON,IMO5025691,WDH7563,70,0,233,21,8.0,70,A
366972020,2021-07-23T11:55:02,46.74563,-92.13229,0.0,287.9,137.0,ARTHUR M ANDERSON,IMO5025691,WDH7563,70,0,233,21,8.0,70,A
366972020,2021-07-23T11:59:52,46.7456,-92.13229,0.0,208.3,137.0,ARTHUR M ANDERSON,IMO5025691,WDH7563,70,0,233,21,8.0,70,A
366972020,2021-07-23T12:00:02,46.74562,-92.13228,0.0,227.1,137.0,ARTHUR M ANDERSON,IMO5025691,WDH7563,70,0,233,21,8.0,70,A
366972020,2021-07-23T22:49:51,46.83646,-91.91109,11.7,65.1,63.0,ARTHUR M ANDERSON,IMO5025691,WDH7563,70,0,233,21,8.0,70,A
366972020,2021-07-23T12:03:31,46.74562,-92.13229,0.0,120.9,137.0,ARTHUR M ANDERSON,IMO5025691,WDH7563,70,0,233,21,8.0,70,A
366972020,2021-07-23T22:57:51,46.84756,-91.87646,11.8,65.1,64.0,ARTHUR M ANDERSON,IMO5025691,WDH7563,70,0,233,21,8.0,70,A
366972020,2021-07-23T23:04:50,46.85705,-91.84604,11.8,65.2,64.0,ARTHUR M ANDERSON,IMO5025691,WDH7563,70,0,233,21,8.0,70,A
366972020,2021-07-23T12:14:10,46.74561,-92.13228,0.0,121.9,137.0,ARTHUR M ANDERSON,IMO5025691,WDH7563,70,0,233,21,8.0,70,A
366972020,2021-07-23T23:10:40,46.86505,-91.82049,11.9,65.4,64.0,ARTHUR M ANDERSON,IMO5025691,WDH7563,70,0,233,21,8.0,70,A
366972020,2021-07-23T23:19:40,46.87758,-91.78105,11.9,65.5,64.0,ARTHUR M ANDERSON,IMO5025691,WDH7563,70,0,233,21,8.0,70,A
366972020,2021-07-23T23:40:40,46.90672,-91.6887,11.9,65.8,64.0,ARTHUR M ANDERSON,IMO5025691,WDH7563,70,0,233,21,8.0,70,A
366972020,2021-07-23T12:46:32,46.74562,-92.13226,0.0,129.4,137.0,ARTHUR M ANDERSON,IMO5025691,WDH7563,70,0,233,21,8.0,70,A
366972020,2021-07-23T23:46:09,46.91434,-91.66456,11.9,66.0,64.0,ARTHUR M ANDERSON,IMO5025691,WDH7563,70,0,233,21,8.0,70,A
366972020,2021-07-23T23:52:59,46.92381,-91.63447,11.9,64.7,63.0,ARTHUR M ANDERSON,IMO5025691,WDH7563,70,0,233,21,8.0,70,A
366972020,2021-07-23T23:54:09,46.92543,-91.62932,12.0,65.6,64.0,ARTHUR M ANDERSON,IMO5025691,WDH7563,70,0,233,21,8.0,70,A
366972020,2021-07-23T13:37:58,46.74565,-92.13226,0.0,8.9,137.0,ARTHUR M ANDERSON,IMO5025691,WDH7563,70,5,233,21,8.0,70,A
366972020,2021-07-23T15:19:59,46.74591,-92.13266,0.0,325.7,136.0,ARTHUR M ANDERSON,IMO5025691,WDH7563,70,5,233,21,8.0,70,A
366972020,2021-07-23T15:22:59,46.74591,-92.13264,0.0,292.7,136.0,ARTHUR M ANDERSON,IMO5025691,WDH7563,70,5,233,21,8.0,70,A
366972020,2021-07-23T15:49:57,46.74612,-92.13295,0.0,166.7,136.0,ARTHUR M ANDERSON,IMO5025691,WDH7563,70,5,233,21,8.0,70,A
366972020,2021-07-23T16:44:01,46.74628,-92.13319,0.0,301.6,136.0,ARTHUR M ANDERSON,IMO5025691,WDH7563,70,5,233,21,8.0,70,A
366972020,2021-07-23T16:55:58,46.74623,-92.13312,0.0,229.1,136.0,ARTHUR M ANDERSON,IMO5025691,WDH7563,70,5,233,21,8.0,70,A
366972020,2021-07-23T17:10:57,46.74623,-92.13313,0.0,233.7,136.0,ARTHUR M ANDERSON,IMO5025691,WDH7563,70,5,233,21,8.0,70,A
366972020,2021-07-23T18:07:58,46.74623,-92.13313,0.0,190.6,137.0,ARTHUR M ANDERSON,IMO5025691,WDH7563,70,5,233,21,8.0,70,A
366972020,2021-07-23T18:13:57,46.74623,-92.13315,0.0,165.6,137.0,ARTHUR M ANDERSON,IMO5025691,WDH7563,70,5,233,21,8.0,70,A
366972020,2021-07-23T18:19:55,46.74623,-92.13315,0.0,154.3,137.0,ARTHUR M ANDERSON,IMO5025691,WDH7563,70,5,233,21,8.0,70,A
366972020,2021-07-23T19:28:53,46.74551,-92.13208,0.0,85.7,136.0,ARTHUR M ANDERSON,IMO5025691,WDH7563,70,5,233,21,8.0,70,A
366972020,2021-07-23T20:25:59,46.74555,-92.13214,0.0,355.4,136.0,ARTHUR M ANDERSON,IMO5025691,WDH7563,70,5,233,21,8.0,70,A
366972020,2021-07-23T20:31:58,46.74555,-92.13216,0.0,309.2,136.0,ARTHUR M ANDERSON,IMO5025691,WDH7563,70,5,233,21,8.0,70,A
366972020,2021-07-23T21:44:50,46.7555,-92.09264,4.9,349.1,354.0,ARTHUR M ANDERSON,IMO5025691,WDH7563,70,5,233,21,8.0,70,A
366972020,2021-07-23T21:49:29,46.76163,-92.09632,5.6,337.3,336.0,ARTHUR M ANDERSON,IMO5025691,WDH7563,70,0,233,21,8.0,70,A
366972020,2021-07-23T21:51:49,46.76496,-92.09835,5.4,337.2,336.0,ARTHUR M ANDERSON,IMO5025691,WDH7563,70,0,233,21,8.0,70,A
366972020,2021-07-23T22:04:30,46.77926,-92.09204,5.4,65.0,65.0,ARTHUR M ANDERSON,IMO5025691,WDH7563,70,0,233,21,8.0,70,A
366972020,2021-07-23T22:12:39,46.78642,-92.06907,9.8,65.1,65.0,ARTHUR M ANDERSON,IMO5025691,WDH7563,70,0,233,21,8.0,70,A
366972020,2021-07-23T22:30:10,46.80954,-91.99613,11.7,65.6,65.0,ARTHUR M ANDERSON,IMO5025691,WDH7563,70,0,233,21,8.0,70,A
366972020,2021-07-23T22:52:09,46.83964,-91.90117,11.7,64.7,63.0,ARTHUR M ANDERSON,IMO5025691,WDH7563,70,0,233,21,8.0,70,A
366972020,2021-07-23T23:03:40,46.85546,-91.85113,11.8,65.9,65.0,ARTHUR M ANDERSON,IMO5025691,WDH7563,70,0,233,21,8.0,70,A
366972020,2021-07-23T23:06:00,46.85865,-91.84097,11.8,65.6,64.0,ARTHUR M ANDERSON,IMO5025691,WDH7563,70,0,233,21,8.0,70,A
366972020,2021-07-23T23:13:00,46.8683,-91.81027,11.9,65.1,64.0,ARTHUR M ANDERSON,IMO5025691,WDH7563,70,0,233,21,8.0,70,A
366972020,2021-07-23T23:16:19,46.87295,-91.79576,11.9,64.6,63.0,ARTHUR M ANDERSON,IMO5025691,WDH7563,70,0,233,21,8.0,70,A
366972020,2021-07-23T23:32:30,46.89535,-91.72464,11.9,64.8,63.0,ARTHUR M ANDERSON,IMO5025691,WDH7563,70,0,233,21,8.0,70,A
366972020,2021-07-23T23:33:39,46.89699,-91.71957,11.9,65.0,63.0,ARTHUR M ANDERSON,IMO5025691,WDH7563,70,0,233,21,8.0,70,A
366972020,2021-07-23T23:39:30,46.90512,-91.69382,11.8,64.8,63.0,ARTHUR M ANDERSON,IMO5025691,WDH7563,70,0,233,21,8.0,70,A
366972020,2021-07-23T23:45:00,46.91276,-91.66973,11.9,64.9,63.0,ARTHUR M ANDERSON,IMO5025691,WDH7563,70,0,233,21,8.0,70,A
366972020,2021-07-23T23:55:20,46.92707,-91.62407,11.9,65.5,64.0,ARTHUR M ANDERSON,IMO5025691,WDH7563,70,0,233,21,8.0,70,A
366972020,2021-07-23T23:57:39,46.93028,-91.61385,11.9,65.4,64.0,ARTHUR M ANDERSON,IMO5025691,WDH7563,70,0,233,21,8.0,70,A
366972020,2021-07-24T00:00:00,46.93352,-91.60347,11.9,65.4,64.0,ARTHUR M ANDERSON,IMO5025691,WDH7563,70,0,233,21,8.0,70,A
366972020,2021-07-24T00:01:09,46.93511,-91.59839,11.9,65.5,64.0,ARTHUR M ANDERSON,IMO5025691,WDH7563,70,0,233,21,8.0,70,A
366972020,2021-07-24T00:02:19,46.93671,-91.59324,11.9,65.6,64.0,ARTHUR M ANDERSON,IMO5025691,WDH7563,70,0,233,21,8.0,70,A
366972020,2021-07-24T00:03:29,46.93832,-91.58809,11.9,65.3,63.0,ARTHUR M ANDERSON,IMO5025691,WDH7563,70,0,233,21,8.0,70,A
366972020,2021-07-24T00:04:40,46.93997,-91.58287,11.9,65.4,63.0,ARTHUR M ANDERSON,IMO5025691,WDH7563,70,0,233,21,8.0,70,A
366972020,2021-07-24T00:06:59,46.9432,-91.57268,11.9,65.0,63.0,ARTHUR M ANDERSON,IMO5025691,WDH7563,70,0,233,21,8.0,70,A
366972020,2021-07-24T00:08:10,46.94485,-91.5675,11.9,64.9,63.0,ARTHUR M ANDERSON,IMO5025691,WDH7563,70,0,233,21,8.0,70,A
366972020,2021-07-24T00:05:49,46.94156,-91.5778,11.9,65.2,63.0,ARTHUR M ANDERSON,IMO5025691,WDH7563,70,0,233,21,8.0,70,A
366972020,2021-07-24T00:09:20,46.94652,-91.5623,11.9,65.0,63.0,ARTHUR M ANDERSON,IMO5025691,WDH7563,70,0,233,21,8.0,70,A
366972020,2021-07-24T00:10:31,46.94812,-91.55717,11.9,65.1,64.0,ARTHUR M ANDERSON,IMO5025691,WDH7563,70,0,233,21,8.0,70,A
366972020,2021-07-24T00:12:50,46.95137,-91.54698,11.9,65.4,64.0,ARTHUR M ANDERSON,IMO5025691,WDH7563,70,0,233,21,8.0,70,A
366972020,2021-07-24T00:15:10,46.95461,-91.53665,12.0,65.5,64.0,ARTHUR M ANDERSON,IMO5025691,WDH7563,70,0,233,21,8.0,70,A
366972020,2021-07-24T00:13:59,46.95296,-91.54189,11.9,65.4,64.0,ARTHUR M ANDERSON,IMO5025691,WDH7563,70,0,233,21,8.0,70,A
366972020,2021-07-24T00:16:20,46.95621,-91.53149,12.0,65.1,64.0,ARTHUR M ANDERSON,IMO5025691,WDH7563,70,0,233,21,8.0,70,A
366972020,2021-07-24T00:18:39,46.9595,-91.52122,12.0,64.9,63.0,ARTHUR M ANDERSON,IMO5025691,WDH7563,70,0,233,21,8.0,70,A
366972020,2021-07-24T00:21:01,46.96284,-91.51069,12.0,65.4,64.0,ARTHUR M ANDERSON,IMO5025691,WDH7563,70,0,233,21,8.0,70,A
366972020,2021-07-24T00:25:39,46.96928,-91.49,12.0,65.2,63.0,ARTHUR M ANDERSON,IMO5025691,WDH7563,70,0,233,21,8.0,70,A
366972020,2021-07-24T00:23:21,46.96607,-91.50027,12.1,65.6,64.0,ARTHUR M ANDERSON,IMO5025691,WDH7563,70,0,233,21,8.0,70,A
366972020,2021-07-24T00:19:50,46.96117,-91.51597,12.0,64.9,64.0,ARTHUR M ANDERSON,IMO5025691,WDH7563,70,0,233,21,8.0,70,A
366972020,2021-07-24T00:24:30,46.96766,-91.49513,12.0,65.9,64.0,ARTHUR M ANDERSON,IMO5025691,WDH7563,70,0,233,21,8.0,70,A
366972020,2021-07-24T00:27:50,46.97232,-91.48023,12.1,65.6,64.0,ARTHUR M ANDERSON,IMO5025691,WDH7563,70,0,233,21,8.0,70,A
366972020,2021-07-24T00:30:11,46.97556,-91.46971,12.0,65.1,63.0,ARTHUR M ANDERSON,IMO5025691,WDH7563,70,0,233,21,8.0,70,A
366972020,2021-07-24T00:29:00,46.97392,-91.475,12.1,66.2,64.0,ARTHUR M ANDERSON,IMO5025691,WDH7563,70,0,233,21,8.0,70,A
366972020,2021-07-24T00:33:39,46.98055,-91.45423,12.2,64.4,63.0,ARTHUR M ANDERSON,IMO5025691,WDH7563,70,0,233,21,8.0,70,A
366972020,2021-07-24T00:34:40,46.98201,-91.44969,12.2,64.8,63.0,ARTHUR M ANDERSON,IMO5025691,WDH7563,70,0,233,21,8.0,70,A
366972020,2021-07-24T00:35:50,46.98373,-91.44436,12.2,64.8,63.0,ARTHUR M ANDERSON,IMO5025691,WDH7563,70,0,233,21,8.0,70,A
366972020,2021-07-24T00:32:31,46.97892,-91.45931,12.1,65.2,63.0,ARTHUR M ANDERSON,IMO5025691,WDH7563,70,0,233,21,8.0,70,A
366972020,2021-07-24T00:31:21,46.97724,-91.46452,12.1,64.4,62.0,ARTHUR M ANDERSON,IMO5025691,WDH7563,70,0,233,21,8.0,70,A
366972020,2021-07-24T00:37:00,46.98532,-91.43914,12.2,65.9,64.0,ARTHUR M ANDERSON,IMO5025691,WDH7563,70,0,233,21,8.0,70,A
366972020,2021-07-24T00:38:10,46.98693,-91.43387,12.2,65.9,64.0,ARTHUR M ANDERSON,IMO5025691,WDH7563,70,0,233,21,8.0,70,A
366972020,2021-07-24T00:39:19,46.98858,-91.42869,12.2,64.3,62.0,ARTHUR M ANDERSON,IMO5025691,WDH7563,70,0,233,21,8.0,70,A
366972020,2021-07-24T00:41:29,46.99173,-91.41882,12.2,65.6,64.0,ARTHUR M ANDERSON,IMO5025691,WDH7563,70,0,233,21,8.0,70,A
366972020,2021-07-24T00:40:20,46.99009,-91.42404,12.2,64.9,63.0,ARTHUR M ANDERSON,IMO5025691,WDH7563,70,0,233,21,8.0,70,A
366972020,2021-07-24T00:11:39,46.94971,-91.55219,11.9,64.9,63.0,ARTHUR M ANDERSON,IMO5025691,WDH7563,70,0,233,21,8.0,70,A
366972020,2021-07-24T00:46:00,46.99821,-91.3984,12.3,64.5,63.0,ARTHUR M ANDERSON,IMO5025691,WDH7563,70,0,233,21,8.0,70,A
366972020,2021-07-24T00:42:39,46.99339,-91.41354,12.2,64.8,63.0,ARTHUR M ANDERSON,IMO5025691,WDH7563,70,0,233,21,8.0,70,A
366972020,2021-07-24T00:52:50,47.00806,-91.36752,12.2,65.4,66.0,ARTHUR M ANDERSON,IMO5025691,WDH7563,70,0,233,21,8.0,70,A
366972020,2021-07-24T00:17:30,46.95786,-91.52631,12.0,64.8,63.0,ARTHUR M ANDERSON,IMO5025691,WDH7563,70,0,233,21,8.0,70,A
366972020,2021-07-24T00:47:01,46.99966,-91.39389,12.3,64.9,64.0,ARTHUR M ANDERSON,IMO5025691,WDH7563,70,0,233,21,8.0,70,A
366972020,2021-07-24T00:49:19,47.003,-91.38348,12.3,64.3,64.0,ARTHUR M ANDERSON,IMO5025691,WDH7563,70,0,233,21,8.0,70,A
366972020,2021-07-24T00:51:40,47.00637,-91.37286,12.2,65.3,66.0,ARTHUR M ANDERSON,IMO5025691,WDH7563,70,0,233,21,8.0,70,A
366972020,2021-07-24T00:50:31,47.00474,-91.37807,12.2,65.1,66.0,ARTHUR M ANDERSON,IMO5025691,WDH7563,70,0,233,21,8.0,70,A
366972020,2021-07-24T00:53:51,47.00945,-91.36299,12.2,65.9,66.0,ARTHUR M ANDERSON,IMO5025691,WDH7563,70,0,233,21,8.0,70,A
366972020,2021-07-24T00:59:40,47.0176,-91.33683,12.1,65.6,66.0,ARTHUR M ANDERSON,IMO5025691,WDH7563,70,0,233,21,8.0,70,A
366972020,2021-07-24T00:22:09,46.96443,-91.50556,12.1,65.7,64.0,ARTHUR M ANDERSON,IMO5025691,WDH7563,70,0,233,21,8.0,70,A
366972020,2021-07-24T00:57:19,47.01431,-91.34739,12.1,65.2,65.0,ARTHUR M ANDERSON,IMO5025691,WDH7563,70,0,233,21,8.0,70,A
366972020,2021-07-24T00:58:31,47.016,-91.34198,12.1,65.6,66.0,ARTHUR M ANDERSON,IMO5025691,WDH7563,70,0,233,21,8.0,70,A
366972020,2021-07-24T01:00:11,47.01833,-91.33452,12.1,65.4,66.0,ARTHUR M ANDERSON,IMO5025691,WDH7563,70,0,233,21,8.0,70,A
366972020,2021-07-24T01:01:19,47.01991,-91.32943,12.1,65.5,66.0,ARTHUR M ANDERSON,IMO5025691,WDH7563,70,0,233,21,8.0,70,A
366972020,2021-07-24T01:05:50,47.02634,-91.30923,12.1,65.4,66.0,ARTHUR M ANDERSON,IMO5025691,WDH7563,70,0,233,21,8.0,70,A
366972020,2021-07-24T01:04:39,47.02463,-91.31459,12.1,65.0,65.0,ARTHUR M ANDERSON,IMO5025691,WDH7563,70,0,233,21,8.0,70,A
366972020,2021-07-24T00:56:10,47.01265,-91.35253,12.1,65.3,65.0,ARTHUR M ANDERSON,IMO5025691,WDH7563,70,0,233,21,8.0,70,A
366972020,2021-07-24T01:08:11,47.02954,-91.29876,12.0,65.7,66.0,ARTHUR M ANDERSON,IMO5025691,WDH7563,70,0,233,21,8.0,70,A
366972020,2021-07-24T01:09:20,47.03113,-91.29362,12.1,65.6,66.0,ARTHUR M ANDERSON,IMO5025691,WDH7563,70,0,233,21,8.0,70,A
366972020,2021-07-24T01:06:59,47.02789,-91.30416,12.0,66.0,66.0,ARTHUR M ANDERSON,IMO5025691,WDH7563,70,0,233,21,8.0,70,A
366972020,2021-07-24T01:13:59,47.03764,-91.27283,12.1,64.9,65.0,ARTHUR M ANDERSON,IMO5025691,WDH7563,70,0,233,21,8.0,70,A
366972020,2021-07-24T01:02:20,47.02134,-91.32489,12.1,65.0,65.0,ARTHUR M ANDERSON,IMO5025691,WDH7563,70,0,233,21,8.0,70,A
366972020,2021-07-24T01:03:30,47.023,-91.3197,12.1,64.9,65.0,ARTHUR M ANDERSON,IMO5025691,WDH7563,70,0,233,21,8.0,70,A
366972020,2021-07-24T00:26:49,46.97092,-91.48479,12.1,65.6,64.0,ARTHUR M ANDERSON,IMO5025691,WDH7563,70,0,233,21,8.0,70,A
366972020,2021-07-24T01:20:51,47.04728,-91.24214,12.1,66.0,66.0,ARTHUR M ANDERSON,IMO5025691,WDH7563,70,0,233,21,8.0,70,A
366972020,2021-07-24T01:18:31,47.04401,-91.25261,12.1,64.8,65.0,ARTHUR M ANDERSON,IMO5025691,WDH7563,70,0,233,21,8.0,70,A
366972020,2021-07-24T01:11:40,47.03437,-91.28316,12.1,65.7,66.0,ARTHUR M ANDERSON,IMO5025691,WDH7563,70,0,233,21,8.0,70,A
366972020,2021-07-24T01:23:10,47.05051,-91.23175,12.1,65.2,65.0,ARTHUR M ANDERSON,IMO5025691,WDH7563,70,0,233,21,8.0,70,A
366972020,2021-07-24T01:15:00,47.03908,-91.2683,12.0,65.4,65.0,ARTHUR M ANDERSON,IMO5025691,WDH7563,70,0,233,21,8.0,70,A
366972020,2021-07-24T01:25:20,47.05361,-91.22206,12.1,65.2,65.0,ARTHUR M ANDERSON,IMO5025691,WDH7563,70,0,233,21,8.0,70,A
366972020,2021-07-24T01:26:30,47.05526,-91.21685,12.1,64.8,65.0,ARTHUR M ANDERSON,IMO5025691,WDH7563,70,0,233,21,8.0,70,A
366972020,2021-07-24T01:24:19,47.05218,-91.22654,12.1,65.1,65.0,ARTHUR M ANDERSON,IMO5025691,WDH7563,70,0,233,21,8.0,70,A
366972020,2021-07-24T01:19:40,47.04564,-91.24747,12.1,65.3,65.0,ARTHUR M ANDERSON,IMO5025691,WDH7563,70,0,233,21,8.0,70,A
366972020,2021-07-24T01:27:40,47.0569,-91.21165,12.0,64.9,64.0,ARTHUR M ANDERSON,IMO5025691,WDH7563,70,0,233,21,8.0,70,A
366972020,2021-07-24T01:16:10,47.0407,-91.26308,12.0,65.6,65.0,ARTHUR M ANDERSON,IMO5025691,WDH7563,70,0,233,21,8.0,70,A
366972020,2021-07-24T01:36:39,47.06928,-91.17214,11.8,65.4,65.0,ARTHUR M ANDERSON,IMO5025691,WDH7563,70,0,233,21,8.0,70,A
366972020,2021-07-24T01:34:19,47.06607,-91.18228,11.8,65.3,65.0,ARTHUR M ANDERSON,IMO5025691,WDH7563,70,0,233,21,8.0,70,A
366972020,2021-07-24T01:37:49,47.07091,-91.16694,11.9,65.2,65.0,ARTHUR M ANDERSON,IMO5025691,WDH7563,70,0,233,21,8.0,70,A
366972020,2021-07-24T01:43:40,47.07903,-91.1412,12.0,64.7,64.0,ARTHUR M ANDERSON,IMO5025691,WDH7563,70,0,233,21,8.0,70,A
366972020,2021-07-24T01:44:50,47.08067,-91.13604,12.0,65.1,65.0,ARTHUR M ANDERSON,IMO5025691,WDH7563,70,0,233,21,8.0,70,A
366972020,2021-07-24T01:28:49,47.05855,-91.20647,12.0,64.9,64.0,ARTHUR M ANDERSON,IMO5025691,WDH7563,70,0,233,21,8.0,70,A
366972020,2021-07-24T01:29:50,47.05994,-91.20206,11.9,65.3,65.0,ARTHUR M ANDERSON,IMO5025691,WDH7563,70,0,233,21,8.0,70,A
366972020,2021-07-24T01:31:00,47.06154,-91.19692,11.8,65.1,64.0,ARTHUR M ANDERSON,IMO5025691,WDH7563,70,0,233,21,8.0,70,A
366972020,2021-07-24T01:32:09,47.06313,-91.19188,11.8,65.4,65.0,ARTHUR M ANDERSON,IMO5025691,WDH7563,70,0,233,21,8.0,70,A
366972020,2021-07-24T00:43:51,46.99511,-91.40821,12.3,64.8,63.0,ARTHUR M ANDERSON,IMO5025691,WDH7563,70,0,233,21,8.0,70,A
366972020,2021-07-24T01:49:20,47.08697,-91.116,12.0,65.3,65.0,ARTHUR M ANDERSON,IMO5025691,WDH7563,70,0,233,21,8.0,70,A
366972020,2021-07-24T01:33:10,47.0645,-91.1874,11.8,66.0,66.0,ARTHUR M ANDERSON,IMO5025691,WDH7563,70,0,233,21,8.0,70,A
366972020,2021-07-24T00:44:59,46.99675,-91.40301,12.3,65.5,64.0,ARTHUR M ANDERSON,IMO5025691,WDH7563,70,0,233,21,8.0,70,A
366972020,2021-07-24T01:50:29,47.08854,-91.11096,12.0,65.4,66.0,ARTHUR M ANDERSON,IMO5025691,WDH7563,70,0,233,21,8.0,70,A
366972020,2021-07-24T01:35:30,47.06769,-91.17717,11.8,65.0,64.0,ARTHUR M ANDERSON,IMO5025691,WDH7563,70,0,233,21,8.0,70,A
366972020,2021-07-24T01:46:00,47.08231,-91.13086,12.0,65.0,65.0,ARTHUR M ANDERSON,IMO5025691,WDH7563,70,0,233,21,8.0,70,A
366972020,2021-07-24T01:53:49,47.09324,-91.09611,11.9,65.0,65.0,ARTHUR M ANDERSON,IMO5025691,WDH7563,70,0,233,21,8.0,70,A
366972020,2021-07-24T01:56:09,47.09645,-91.08575,11.9,65.3,65.0,ARTHUR M ANDERSON,IMO5025691,WDH7563,70,0,233,21,8.0,70,A
366972020,2021-07-24T01:40:09,47.07415,-91.15675,11.9,64.7,64.0,ARTHUR M ANDERSON,IMO5025691,WDH7563,70,0,233,21,8.0,70,A
366972020,2021-07-24T01:58:30,47.09972,-91.07534,12.0,65.4,65.0,ARTHUR M ANDERSON,IMO5025691,WDH7563,70,0,233,21,8.0,70,A
366972020,2021-07-24T01:47:09,47.08391,-91.12575,12.0,65.7,66.0,ARTHUR M ANDERSON,IMO5025691,WDH7563,70,0,233,21,8.0,70,A
366972020,2021-07-24T01:55:01,47.09488,-91.09086,11.9,65.9,66.0,ARTHUR M ANDERSON,IMO5025691,WDH7563,70,0,233,21,8.0,70,A
366972020,2021-07-24T01:57:21,47.0981,-91.08051,11.9,65.2,65.0,ARTHUR M ANDERSON,IMO5025691,WDH7563,70,0,233,21,8.0,70,A
366972020,2021-07-24T01:51:30,47.08996,-91.10644,12.0,65.3,65.0,ARTHUR M ANDERSON,IMO5025691,WDH7563,70,0,233,21,8.0,70,A
366972020,2021-07-24T02:04:39,47.10832,-91.04794,12.1,65.4,65.0,ARTHUR M ANDERSON,IMO5025691,WDH7563,70,0,233,21,8.0,70,A
366972020,2021-07-24T01:59:39,47.1013,-91.0703,12.0,65.3,65.0,ARTHUR M ANDERSON,IMO5025691,WDH7563,70,0,233,21,8.0,70,A
366972020,2021-07-24T02:05:49,47.10995,-91.04271,12.1,65.2,65.0,ARTHUR M ANDERSON,IMO5025691,WDH7563,70,0,233,21,8.0,70,A
366972020,2021-07-24T01:52:39,47.09158,-91.10134,12.0,65.2,65.0,ARTHUR M ANDERSON,IMO5025691,WDH7563,70,0,233,21,8.0,70,A
366972020,2021-07-24T02:07:00,47.11163,-91.03741,12.1,64.7,64.0,ARTHUR M ANDERSON,IMO5025691,WDH7563,70,0,233,21,8.0,70,A
366972020,2021-07-24T00:48:10,47.00133,-91.38868,12.3,64.9,64.0,ARTHUR M ANDERSON,IMO5025691,WDH7563,70,0,233,21,8.0,70,A
366972020,2021-07-24T02:11:39,47.11821,-91.01656,12.1,65.3,65.0,ARTHUR M ANDERSON,IMO5025691,WDH7563,70,0,233,21,8.0,70,A
366972020,2021-07-24T02:10:30,47.11661,-91.02174,12.1,65.5,65.0,ARTHUR M ANDERSON,IMO5025691,WDH7563,70,0,233,21,8.0,70,A
366972020,2021-07-24T02:14:00,47.12151,-91.00601,12.1,65.5,65.0,ARTHUR M ANDERSON,IMO5025691,WDH7563,70,0,233,21,8.0,70,A
366972020,2021-07-24T02:02:19,47.10504,-91.0584,12.1,65.0,65.0,ARTHUR M ANDERSON,IMO5025691,WDH7563,70,0,233,21,8.0,70,A
366972020,2021-07-24T02:17:20,47.12618,-90.99101,12.1,65.3,65.0,ARTHUR M ANDERSON,IMO5025691,WDH7563,70,0,233,21,8.0,70,A
366972020,2021-07-24T02:20:49,47.13114,-90.9755,12.0,65.0,65.0,ARTHUR M ANDERSON,IMO5025691,WDH7563,70,0,233,21,8.0,70,A
366972020,2021-07-24T02:01:10,47.10343,-91.06354,12.0,65.2,65.0,ARTHUR M ANDERSON,IMO5025691,WDH7563,70,0,233,21,8.0,70,A
366972020,2021-07-24T02:16:10,47.12454,-90.99624,12.1,65.6,65.0,ARTHUR M ANDERSON,IMO5025691,WDH7563,70,0,233,21,8.0,70,A
366972020,2021-07-24T02:25:31,47.13769,-90.95454,12.0,65.5,66.0,ARTHUR M ANDERSON,IMO5025691,WDH7563,70,0,233,21,8.0,70,A
366972020,2021-07-24T02:23:11,47.13444,-90.96494,12.0,65.3,65.0,ARTHUR M ANDERSON,IMO5025691,WDH7563,70,0,233,21,8.0,70,A
366972020,2021-07-24T02:03:30,47.1067,-91.05311,12.1,65.2,65.0,ARTHUR M ANDERSON,IMO5025691,WDH7563,70,0,233,21,8.0,70,A
366972020,2021-07-24T02:31:19,47.1458,-90.92848,12.1,64.9,64.0,ARTHUR M ANDERSON,IMO5025691,WDH7563,70,0,233,21,8.0,70,A
366972020,2021-07-24T02:21:59,47.13276,-90.97029,12.0,65.2,65.0,ARTHUR M ANDERSON,IMO5025691,WDH7563,70,0,233,21,8.0,70,A
366972020,2021-07-24T02:27:49,47.14087,-90.94425,12.0,65.5,65.0,ARTHUR M ANDERSON,IMO5025691,WDH7563,70,0,233,21,8.0,70,A
366972020,2021-07-24T02:30:09,47.14412,-90.93379,12.1,65.1,65.0,ARTHUR M ANDERSON,IMO5025691,WDH7563,70,0,233,21,8.0,70,A
366972020,2021-07-24T02:08:11,47.11333,-91.03212,12.1,64.6,64.0,ARTHUR M ANDERSON,IMO5025691,WDH7563,70,0,233,21,8.0,70,A
366972020,2021-07-24T02:09:19,47.11495,-91.02705,12.1,65.2,65.0,ARTHUR M ANDERSON,IMO5025691,WDH7563,70,0,233,21,8.0,70,A
366972020,2021-07-24T02:12:49,47.11985,-91.01132,12.1,65.2,65.0,ARTHUR M ANDERSON,IMO5025691,WDH7563,70,0,233,21,8.0,70,A
366972020,2021-07-24T02:32:30,47.14744,-90.92324,12.1,65.6,65.0,ARTHUR M ANDERSON,IMO5025691,WDH7563,70,0,233,21,8.0,70,A
366972020,2021-07-24T00:55:01,47.01106,-91.35772,12.1,65.9,66.0,ARTHUR M ANDERSON,IMO5025691,WDH7563,70,0,233,21,8.0,70,A
366972020,2021-07-24T02:36:00,47.15237,-90.9074,12.1,65.6,65.0,ARTHUR M ANDERSON,IMO5025691,WDH7563,70,0,233,21,8.0,70,A
366972020,2021-07-24T02:38:10,47.1554,-90.89777,12.1,64.7,64.0,ARTHUR M ANDERSON,IMO5025691,WDH7563,70,0,233,21,8.0,70,A
366972020,2021-07-24T02:37:01,47.15376,-90.90292,12.1,65.5,65.0,ARTHUR M ANDERSON,IMO5025691,WDH7563,70,0,233,21,8.0,70,A
366972020,2021-07-24T02:15:09,47.12314,-91.00075,12.1,65.5,65.0,ARTHUR M ANDERSON,IMO5025691,WDH7563,70,0,233,21,8.0,70,A
366972020,2021-07-24T02:43:59,47.1636,-90.87181,12.0,65.0,64.0,ARTHUR M ANDERSON,IMO5025691,WDH7563,70,0,233,21,8.0,70,A
366972020,2021-07-24T02:41:40,47.16034,-90.88213,12.0,65.1,64.0,ARTHUR M ANDERSON,IMO5025691,WDH7563,70,0,233,21,8.0,70,A
366972020,2021-07-24T02:34:49,47.15068,-90.91282,12.1,65.3,65.0,ARTHUR M ANDERSON,IMO5025691,WDH7563,70,0,233,21,8.0,70,A
366972020,2021-07-24T02:45:10,47.16527,-90.86655,12.0,64.8,64.0,ARTHUR M ANDERSON,IMO5025691,WDH7563,70,0,233,21,8.0,70,A
366972020,2021-07-24T02:18:30,47.12784,-90.9858,12.1,64.7,64.0,ARTHUR M ANDERSON,IMO5025691,WDH7563,70,0,233,21,8.0,70,A
366972020,2021-07-24T02:19:39,47.12948,-90.9807,12.0,64.7,64.0,ARTHUR M ANDERSON,IMO5025691,WDH7563,70,0,233,21,8.0,70,A
366972020,2021-07-24T02:39:20,47.15709,-90.89249,12.1,64.7,64.0,ARTHUR M ANDERSON,IMO5025691,WDH7563,70,0,233,21,8.0,70,A
366972020,2021-07-24T02:40:29,47.15869,-90.88742,12.0,65.6,65.0,ARTHUR M ANDERSON,IMO5025691,WDH7563,70,0,233,21,8.0,70,A
366972020,2021-07-24T02:29:00,47.14251,-90.93894,12.1,65.5,65.0,ARTHUR M ANDERSON,IMO5025691,WDH7563,70,0,233,21,8.0,70,A
366972020,2021-07-24T02:56:39,47.18138,-90.81548,11.9,65.1,65.0,ARTHUR M ANDERSON,IMO5025691,WDH7563,70,0,233,21,8.0,70,A
366972020,2021-07-24T02:46:21,47.16695,-90.86127,12.0,64.9,64.0,ARTHUR M ANDERSON,IMO5025691,WDH7563,70,0,233,21,8.0,70,A
366972020,2021-07-24T02:53:09,47.17645,-90.83097,12.0,64.8,64.0,ARTHUR M ANDERSON,IMO5025691,WDH7563,70,0,233,21,8.0,70,A
366972020,2021-07-24T02:50:49,47.17317,-90.84133,12.0,65.3,65.0,ARTHUR M ANDERSON,IMO5025691,WDH7563,70,0,233,21,8.0,70,A
366972020,2021-07-24T02:51:59,47.1748,-90.83613,12.0,65.0,64.0,ARTHUR M ANDERSON,IMO5025691,WDH7563,70,0,233,21,8.0,70,A
366972020,2021-07-24T03:00:09,47.18616,-90.80001,11.8,65.3,65.0,ARTHUR M ANDERSON,IMO5025691,WDH7563,70,0,233,21,8.0,70,A
366972020,2021-07-24T03:03:40,47.19058,-90.78434,11.7,74.9,76.0,ARTHUR M ANDERSON,IMO5025691,WDH7563,70,0,233,21,8.0,70,A
366972020,2021-07-24T02:59:09,47.1848,-90.80442,11.9,65.8,66.0,ARTHUR M ANDERSON,IMO5025691,WDH7563,70,0,233,21,8.0,70,A
366972020,2021-07-24T02:33:39,47.14907,-90.91799,12.1,65.4,65.0,ARTHUR M ANDERSON,IMO5025691,WDH7563,70,0,233,21,8.0,70,A
366972020,2021-07-24T03:08:10,47.19381,-90.76329,11.8,77.0,77.0,ARTHUR M ANDERSON,IMO5025691,WDH7563,70,0,233,21,8.0,70,A
366972020,2021-07-24T03:01:19,47.18777,-90.79487,11.8,65.4,65.0,ARTHUR M ANDERSON,IMO5025691,WDH7563,70,0,233,21,8.0,70,A
366972020,2021-07-24T03:14:00,47.19791,-90.73574,11.9,77.9,78.0,ARTHUR M ANDERSON,IMO5025691,WDH7563,70,0,233,21,8.0,70,A
366972020,2021-07-24T03:02:30,47.18939,-90.78966,11.8,66.0,66.0,ARTHUR M ANDERSON,IMO5025691,WDH7563,70,0,233,21,8.0,70,A
366972020,2021-07-24T02:48:31,47.16998,-90.8516,12.0,65.7,65.0,ARTHUR M ANDERSON,IMO5025691,WDH7563,70,0,233,21,8.0,70,A
366972020,2021-07-24T03:10:29,47.19548,-90.75238,11.8,77.5,77.0,ARTHUR M ANDERSON,IMO5025691,WDH7563,70,0,233,21,8.0,70,A
366972020,2021-07-24T03:06:00,47.19225,-90.77344,11.7,77.5,77.0,ARTHUR M ANDERSON,IMO5025691,WDH7563,70,0,233,21,8.0,70,A
366972020,2021-07-24T03:20:50,47.20272,-90.70331,11.9,77.9,78.0,ARTHUR M ANDERSON,IMO5025691,WDH7563,70,0,233,21,8.0,70,A
366972020,2021-07-24T03:07:09,47.19308,-90.76799,11.7,77.0,77.0,ARTHUR M ANDERSON,IMO5025691,WDH7563,70,0,233,21,8.0,70,A
366972020,2021-07-24T02:55:30,47.17977,-90.82056,11.9,64.8,65.0,ARTHUR M ANDERSON,IMO5025691,WDH7563,70,0,233,21,8.0,70,A
366972020,2021-07-24T02:57:59,47.18321,-90.80959,11.9,65.4,65.0,ARTHUR M ANDERSON,IMO5025691,WDH7563,70,0,233,21,8.0,70,A
366972020,2021-07-24T02:47:30,47.1686,-90.85607,12.0,65.2,64.0,ARTHUR M ANDERSON,IMO5025691,WDH7563,70,0,233,21,8.0,70,A
366972020,2021-07-24T02:49:39,47.17154,-90.84653,12.0,65.2,64.0,ARTHUR M ANDERSON,IMO5025691,WDH7563,70,0,233,21,8.0,70,A
366972020,2021-07-24T03:16:11,47.19945,-90.72539,11.9,77.8,78.0,ARTHUR M ANDERSON,IMO5025691,WDH7563,70,0,233,21,8.0,70,A
366972020,2021-07-24T03:17:20,47.20026,-90.71992,11.9,77.9,77.0,ARTHUR M ANDERSON,IMO5025691,WDH7563,70,0,233,21,8.0,70,A
366972020,2021-07-24T03:25:19,47.20592,-90.68211,11.8,77.9,77.0,ARTHUR M ANDERSON,IMO5025691,WDH7563,70,0,233,21,8.0,70,A
366972020,2021-07-24T01:10:30,47.03276,-91.28839,12.1,65.8,66.0,ARTHUR M ANDERSON,IMO5025691,WDH7563,70,0,233,21,8.0,70,A
366972020,2021-07-24T03:26:29,47.20672,-90.67658,11.8,78.2,78.0,ARTHUR M ANDERSON,IMO5025691,WDH7563,70,0,233,21,8.0,70,A
366972020,2021-07-24T03:32:19,47.21084,-90.64902,11.8,77.2,77.0,ARTHUR M ANDERSON,IMO5025691,WDH7563,70,0,233,21,8.0,70,A
366972020,2021-07-24T03:19:39,47.2019,-90.70893,11.9,77.3,77.0,ARTHUR M ANDERSON,IMO5025691,WDH7563,70,0,233,21,8.0,70,A
366972020,2021-07-24T03:27:40,47.20752,-90.67097,11.8,77.7,77.0,ARTHUR M ANDERSON,IMO5025691,WDH7563,70,0,233,21,8.0,70,A
366972020,2021-07-24T03:22:00,47.20356,-90.69771,11.9,77.1,77.0,ARTHUR M ANDERSON,IMO5025691,WDH7563,70,0,233,21,8.0,70,A
366972020,2021-07-24T03:34:40,47.21251,-90.63796,11.8,77.4,77.0,ARTHUR M ANDERSON,IMO5025691,WDH7563,70,0,233,21,8.0,70,A
366972020,2021-07-24T03:30:01,47.20918,-90.65986,11.8,77.3,77.0,ARTHUR M ANDERSON,IMO5025691,WDH7563,70,0,233,21,8.0,70,A
366972020,2021-07-24T03:39:20,47.21582,-90.61596,11.8,77.2,77.0,ARTHUR M ANDERSON,IMO5025691,WDH7563,70,0,233,21,8.0,70,A
366972020,2021-07-24T03:41:40,47.21747,-90.60493,11.8,77.9,77.0,ARTHUR M ANDERSON,IMO5025691,WDH7563,70,0,233,21,8.0,70,A
366972020,2021-07-24T03:37:00,47.21414,-90.62695,11.8,77.6,77.0,ARTHUR M ANDERSON,IMO5025691,WDH7563,70,0,233,21,8.0,70,A
366972020,2021-07-24T03:04:50,47.19144,-90.77881,11.7,78.1,78.0,ARTHUR M ANDERSON,IMO5025691,WDH7563,70,0,233,21,8.0,70,A
366972020,2021-07-24T03:40:30,47.21665,-90.61046,11.8,77.7,77.0,ARTHUR M ANDERSON,IMO5025691,WDH7563,70,0,233,21,8.0,70,A
366972020,2021-07-24T03:24:09,47.20511,-90.68755,11.8,77.5,77.0,ARTHUR M ANDERSON,IMO5025691,WDH7563,70,0,233,21,8.0,70,A
366972020,2021-07-24T03:28:50,47.20834,-90.66545,11.8,77.6,77.0,ARTHUR M ANDERSON,IMO5025691,WDH7563,70,0,233,21,8.0,70,A
366972020,2021-07-24T01:12:49,47.03598,-91.27803,12.1,64.9,65.0,ARTHUR M ANDERSON,IMO5025691,WDH7563,70,0,233,21,8.0,70,A
366972020,2021-07-24T03:48:40,47.22246,-90.57177,11.9,77.4,76.0,ARTHUR M ANDERSON,IMO5025691,WDH7563,70,0,233,21,8.0,70,A
366972020,2021-07-24T03:38:10,47.21498,-90.62146,11.8,77.2,77.0,ARTHUR M ANDERSON,IMO5025691,WDH7563,70,0,233,21,8.0,70,A
366972020,2021-07-24T03:51:00,47.2241,-90.56072,11.9,77.3,76.0,ARTHUR M ANDERSON,IMO5025691,WDH7563,70,0,233,21,8.0,70,A
366972020,2021-07-24T03:42:50,47.21828,-90.59942,11.8,77.6,77.0,ARTHUR M ANDERSON,IMO5025691,WDH7563,70,0,233,21,8.0,70,A
366972020,2021-07-24T03:45:11,47.21995,-90.58829,11.9,77.5,77.0,ARTHUR M ANDERSON,IMO5025691,WDH7563,70,0,233,21,8.0,70,A
366972020,2021-07-24T03:31:09,47.21001,-90.65444,11.8,77.4,77.0,ARTHUR M ANDERSON,IMO5025691,WDH7563,70,0,233,21,8.0,70,A
366972020,2021-07-24T01:17:19,47.04231,-91.25795,12.0,64.9,65.0,ARTHUR M ANDERSON,IMO5025691,WDH7563,70,0,233,21,8.0,70,A
366972020,2021-07-24T03:18:29,47.20107,-90.71447,11.9,77.6,77.0,ARTHUR M ANDERSON,IMO5025691,WDH7563,70,0,233,21,8.0,70,A
366972020,2021-07-24T03:35:50,47.21332,-90.63246,11.8,77.7,77.0,ARTHUR M ANDERSON,IMO5025691,WDH7563,70,0,233,21,8.0,70,A
366972020,2021-07-24T01:21:59,47.04885,-91.23705,12.1,65.6,65.0,ARTHUR M ANDERSON,IMO5025691,WDH7563,70,0,233,21,8.0,70,A
366972020,2021-07-24T03:54:29,47.2266,-90.54421,11.9,77.5,76.0,ARTHUR M ANDERSON,IMO5025691,WDH7563,70,0,233,21,8.0,70,A
366972020,2021-07-24T03:47:30,47.2216,-90.5773,11.9,77.4,76.0,ARTHUR M ANDERSON,IMO5025691,WDH7563,70,0,233,21,8.0,70,A
366972020,2021-07-24T03:23:01,47.20429,-90.69298,11.9,77.6,77.0,ARTHUR M ANDERSON,IMO5025691,WDH7563,70,0,233,21,8.0,70,A
366972020,2021-07-24T03:49:50,47.22327,-90.56624,11.9,77.8,77.0,ARTHUR M ANDERSON,IMO5025691,WDH7563,70,0,233,21,8.0,70,A
366972020,2021-07-24T03:59:20,47.23007,-90.52128,11.8,78.0,77.0,ARTHUR M ANDERSON,IMO5025691,WDH7563,70,0,233,21,8.0,70,A
366972020,2021-07-24T04:01:20,47.23151,-90.51187,11.8,77.5,76.0,ARTHUR M ANDERSON,IMO5025691,WDH7563,70,0,233,21,8.0,70,A
366972020,2021-07-24T04:02:30,47.23235,-90.50639,11.8,77.3,76.0,ARTHUR M ANDERSON,IMO5025691,WDH7563,70,0,233,21,8.0,70,A
366972020,2021-07-24T03:43:59,47.21909,-90.59397,11.9,77.9,77.0,ARTHUR M ANDERSON,IMO5025691,WDH7563,70,0,233,21,8.0,70,A
366972020,2021-07-24T04:10:29,47.238,-90.46887,11.8,77.4,76.0,ARTHUR M ANDERSON,IMO5025691,WDH7563,70,0,233,21,8.0,70,A
366972020,2021-07-24T03:58:10,47.22928,-90.5268,11.8,78.2,78.0,ARTHUR M ANDERSON,IMO5025691,WDH7563,70,0,233,21,8.0,70,A
366972020,2021-07-24T03:55:39,47.22748,-90.53861,11.8,76.6,76.0,ARTHUR M ANDERSON,IMO5025691,WDH7563,70,0,233,21,8.0,70,A
366972020,2021-07-24T04:03:40,47.23319,-90.5009,11.8,77.6,77.0,ARTHUR M ANDERSON,IMO5025691,WDH7563,70,0,233,21,8.0,70,A
366972020,2021-07-24T04:14:00,47.24042,-90.4523,11.8,77.6,76.0,ARTHUR M ANDERSON,IMO5025691,WDH7563,70,0,233,21,8.0,70,A
366972020,2021-07-24T04:09:21,47.23721,-90.4742,11.8,77.5,76.0,ARTHUR M ANDERSON,IMO5025691,WDH7563,70,0,233,21,8.0,70,A
366972020,2021-07-24T04:04:49,47.23401,-90.4955,11.8,77.5,76.0,ARTHUR M ANDERSON,IMO5025691,WDH7563,70,0,233,21,8.0,70,A
366972020,2021-07-24T04:15:09,47.24124,-90.44681,11.8,77.3,76.0,ARTHUR M ANDERSON,IMO5025691,WDH7563,70,0,233,21,8.0,70,A
366972020,2021-07-24T04:24:20,47.24765,-90.40354,11.8,77.4,76.0,ARTHUR M ANDERSON,IMO5025691,WDH7563,70,0,233,21,8.0,70,A
366972020,2021-07-24T04:27:50,47.2501,-90.38699,11.8,77.7,76.0,ARTHUR M ANDERSON,IMO5025691,WDH7563,70,0,233,21,8.0,70,A
366972020,2021-07-24T04:18:41,47.24375,-90.43022,11.8,77.5,76.0,ARTHUR M ANDERSON,IMO5025691,WDH7563,70,0,233,21,8.0,70,A
366972020,2021-07-24T04:05:59,47.23483,-90.48994,11.7,77.9,77.0,ARTHUR M ANDERSON,IMO5025691,WDH7563,70,0,233,21,8.0,70,A
366972020,2021-07-24T04:11:39,47.2388,-90.46337,11.8,78.1,77.0,ARTHUR M ANDERSON,IMO5025691,WDH7563,70,0,233,21,8.0,70,A
366972020,2021-07-24T03:46:19,47.22075,-90.58292,11.9,77.7,77.0,ARTHUR M ANDERSON,IMO5025691,WDH7563,70,0,233,21,8.0,70,A
366972020,2021-07-24T04:32:21,47.25328,-90.36566,11.8,77.3,76.0,ARTHUR M ANDERSON,IMO5025691,WDH7563,70,0,233,21,8.0,70,A
366972020,2021-07-24T04:33:40,47.2542,-90.35945,11.8,77.6,77.0,ARTHUR M ANDERSON,IMO5025691,WDH7563,70,0,233,21,8.0,70,A
366972020,2021-07-24T04:16:20,47.24207,-90.44131,11.8,77.3,76.0,ARTHUR M ANDERSON,IMO5025691,WDH7563,70,0,233,21,8.0,70,A
366972020,2021-07-24T03:52:10,47.22494,-90.55518,11.9,77.4,76.0,ARTHUR M ANDERSON,IMO5025691,WDH7563,70,0,233,21,8.0,70,A
366972020,2021-07-24T04:17:30,47.24291,-90.43581,11.8,77.2,76.0,ARTHUR M ANDERSON,IMO5025691,WDH7563,70,0,233,21,8.0,70,A
366972020,2021-07-24T04:30:09,47.25173,-90.37606,11.8,78.1,77.0,ARTHUR M ANDERSON,IMO5025691,WDH7563,70,0,233,21,8.0,70,A
366972020,2021-07-24T04:22:10,47.24612,-90.41377,11.8,77.7,76.0,ARTHUR M ANDERSON,IMO5025691,WDH7563,70,0,233,21,8.0,70,A
366972020,2021-07-24T04:23:19,47.24694,-90.40834,11.8,77.5,76.0,ARTHUR M ANDERSON,IMO5025691,WDH7563,70,0,233,21,8.0,70,A
366972020,2021-07-24T04:34:41,47.25491,-90.35465,11.8,77.7,77.0,ARTHUR M ANDERSON,IMO5025691,WDH7563,70,0,233,21,8.0,70,A
366972020,2021-07-24T04:39:09,47.25798,-90.33356,11.8,77.8,77.0,ARTHUR M ANDERSON,IMO5025691,WDH7563,70,0,233,21,8.0,70,A
366972020,2021-07-24T04:26:39,47.24927,-90.39259,11.8,77.8,76.0,ARTHUR M ANDERSON,IMO5025691,WDH7563,70,0,233,21,8.0,70,A
366972020,2021-07-24T04:00:10,47.23067,-90.51736,11.8,77.3,76.0,ARTHUR M ANDERSON,IMO5025691,WDH7563,70,0,233,21,8.0,70,A
366972020,2021-07-24T04:41:19,47.25949,-90.32336,11.8,77.4,76.0,ARTHUR M ANDERSON,IMO5025691,WDH7563,70,0,233,21,8.0,70,A
366972020,2021-07-24T04:44:49,47.26198,-90.30683,11.7,77.4,76.0,ARTHUR M ANDERSON,IMO5025691,WDH7563,70,0,233,21,8.0,70,A
366972020,2021-07-24T04:28:59,47.25093,-90.38156,11.8,77.0,76.0,ARTHUR M ANDERSON,IMO5025691,WDH7563,70,0,233,21,8.0,70,A
366972020,2021-07-24T04:52:51,47.26758,-90.26915,11.7,77.9,77.0,ARTHUR M ANDERSON,IMO5025691,WDH7563,70,0,233,21,8.0,70,A
366972020,2021-07-24T01:39:00,47.07252,-91.16179,11.9,65.3,65.0,ARTHUR M ANDERSON,IMO5025691,WDH7563,70,0,233,21,8.0,70,A
366972020,2021-07-24T04:07:00,47.23553,-90.48524,11.7,77.2,76.0,ARTHUR M ANDERSON,IMO5025691,WDH7563,70,0,233,21,8.0,70,A
366972020,2021-07-24T04:08:10,47.23638,-90.47977,11.7,77.2,76.0,ARTHUR M ANDERSON,IMO5025691,WDH7563,70,0,233,21,8.0,70,A
366972020,2021-07-24T01:41:19,47.07576,-91.1516,11.9,65.9,66.0,ARTHUR M ANDERSON,IMO5025691,WDH7563,70,0,233,21,8.0,70,A
366972020,2021-07-24T04:51:39,47.26676,-90.2748,11.8,78.0,77.0,ARTHUR M ANDERSON,IMO5025691,WDH7563,70,0,233,21,8.0,70,A
366972020,2021-07-24T04:12:49,47.23958,-90.45788,11.8,78.0,77.0,ARTHUR M ANDERSON,IMO5025691,WDH7563,70,0,233,21,8.0,70,A
366972020,2021-07-24T04:54:00,47.26838,-90.26375,11.7,77.7,77.0,ARTHUR M ANDERSON,IMO5025691,WDH7563,70,0,233,21,8.0,70,A
366972020,2021-07-24T01:42:30,47.07737,-91.14634,11.9,65.2,65.0,ARTHUR M ANDERSON,IMO5025691,WDH7563,70,0,233,21,8.0,70,A
366972020,2021-07-24T04:40:11,47.25869,-90.32869,11.8,77.6,76.0,ARTHUR M ANDERSON,IMO5025691,WDH7563,70,0,233,21,8.0,70,A
366972020,2021-07-24T04:42:31,47.26035,-90.31772,11.8,77.5,76.0,ARTHUR M ANDERSON,IMO5025691,WDH7563,70,0,233,21,8.0,70,A
366972020,2021-07-24T04:55:10,47.26922,-90.25826,11.7,77.3,76.0,ARTHUR M ANDERSON,IMO5025691,WDH7563,70,0,233,21,8.0,70,A
366972020,2021-07-24T05:00:00,47.27255,-90.23556,11.8,77.8,76.0,ARTHUR M ANDERSON,IMO5025691,WDH7563,70,0,233,21,8.0,70,A
366972020,2021-07-24T04:56:19,47.27002,-90.25288,11.7,77.8,77.0,ARTHUR M ANDERSON,IMO5025691,WDH7563,70,0,233,21,8.0,70,A
366972020,2021-07-24T04:45:50,47.2627,-90.30215,11.7,77.2,76.0,ARTHUR M ANDERSON,IMO5025691,WDH7563,70,0,233,21,8.0,70,A
366972020,2021-07-24T04:47:00,47.26351,-90.29667,11.8,78.1,77.0,ARTHUR M ANDERSON,IMO5025691,WDH7563,70,0,233,21,8.0,70,A
366972020,2021-07-24T04:25:29,47.24845,-90.39811,11.8,77.5,76.0,ARTHUR M ANDERSON,IMO5025691,WDH7563,70,0,233,21,8.0,70,A
366972020,2021-07-24T05:09:10,47.27901,-90.19234,11.7,77.8,76.0,ARTHUR M ANDERSON,IMO5025691,WDH7563,70,0,233,21,8.0,70,A
366972020,2021-07-24T04:31:20,47.25254,-90.37046,11.8,77.6,76.0,ARTHUR M ANDERSON,IMO5025691,WDH7563,70,0,233,21,8.0,70,A
366972020,2021-07-24T05:12:39,47.28136,-90.17605,11.7,77.9,76.0,ARTHUR M ANDERSON,IMO5025691,WDH7563,70,0,233,21,8.0,70,A
366972020,2021-07-24T04:59:49,47.27242,-90.23642,11.7,77.8,76.0,ARTHUR M ANDERSON,IMO5025691,WDH7563,70,0,233,21,8.0,70,A
366972020,2021-07-24T05:03:20,47.27486,-90.21984,11.8,77.4,76.0,ARTHUR M ANDERSON,IMO5025691,WDH7563,70,0,233,21,8.0,70,A
366972020,2021-07-24T05:10:19,47.2798,-90.18702,11.7,77.9,76.0,ARTHUR M ANDERSON,IMO5025691,WDH7563,70,0,233,21,8.0,70,A
366972020,2021-07-24T05:01:10,47.27333,-90.23004,11.8,78.2,76.0,ARTHUR M ANDERSON,IMO5025691,WDH7563,70,0,233,21,8.0,70,A
366972020,2021-07-24T01:48:10,47.08532,-91.12123,12.0,65.1,65.0,ARTHUR M ANDERSON,IMO5025691,WDH7563,70,0,233,21,8.0,70,A
366972020,2021-07-24T05:02:11,47.27404,-90.22525,11.8,77.7,76.0,ARTHUR M ANDERSON,IMO5025691,WDH7563,70,0,233,21,8.0,70,A
366972020,2021-07-24T05:04:30,47.2757,-90.21434,11.8,77.2,76.0,ARTHUR M ANDERSON,IMO5025691,WDH7563,70,0,233,21,8.0,70,A
366972020,2021-07-24T05:18:31,47.28546,-90.14855,11.7,77.7,76.0,ARTHUR M ANDERSON,IMO5025691,WDH7563,70,0,233,21,8.0,70,A
366972020,2021-07-24T04:35:49,47.25572,-90.34931,11.8,77.6,77.0,ARTHUR M ANDERSON,IMO5025691,WDH7563,70,0,233,21,8.0,70,A
366972020,2021-07-24T05:25:40,47.29046,-90.1151,11.7,77.5,76.0,ARTHUR M ANDERSON,IMO5025691,WDH7563,70,0,233,21,8.0,70,A
366972020,2021-07-24T05:07:59,47.27817,-90.19798,11.7,77.3,76.0,ARTHUR M ANDERSON,IMO5025691,WDH7563,70,0,233,21,8.0,70,A
366972020,2021-07-24T05:15:10,47.28314,-90.16416,11.7,77.5,76.0,ARTHUR M ANDERSON,IMO5025691,WDH7563,70,0,233,21,8.0,70,A
366972020,2021-07-24T04:38:00,47.25719,-90.33899,11.8,78.0,77.0,ARTHUR M ANDERSON,IMO5025691,WDH7563,70,0,233,21,8.0,70,A
366972020,2021-07-24T05:16:20,47.28394,-90.15877,11.7,77.8,76.0,ARTHUR M ANDERSON,IMO5025691,WDH7563,70,0,233,21,8.0,70,A
366972020,2021-07-24T05:30:00,47.29347,-90.09488,11.6,77.3,76.0,ARTHUR M ANDERSON,IMO5025691,WDH7563,70,0,233,21,8.0,70,A
366972020,2021-07-24T05:05:39,47.27652,-90.20894,11.7,77.4,76.0,ARTHUR M ANDERSON,IMO5025691,WDH7563,70,0,233,21,8.0,70,A
366972020,2021-07-24T05:17:30,47.28475,-90.1533,11.7,77.8,76.0,ARTHUR M ANDERSON,IMO5025691,WDH7563,70,0,233,21,8.0,70,A
366972020,2021-07-24T05:22:09,47.288,-90.13153,11.7,77.5,76.0,ARTHUR M ANDERSON,IMO5025691,WDH7563,70,0,233,21,8.0,70,A
366972020,2021-07-24T05:27:49,47.29195,-90.10506,11.7,77.9,77.0,ARTHUR M ANDERSON,IMO5025691,WDH7563,70,0,233,21,8.0,70,A
366972020,2021-07-24T04:43:40,47.26116,-90.3123,11.7,77.8,76.0,ARTHUR M ANDERSON,IMO5025691,WDH7563,70,0,233,21,8.0,70,A
366972020,2021-07-24T05:32:19,47.29508,-90.0841,11.6,77.9,77.0,ARTHUR M ANDERSON,IMO5025691,WDH7563,70,0,233,21,8.0,70,A
366972020,2021-07-24T05:36:59,47.29829,-90.06239,11.6,77.8,76.0,ARTHUR M ANDERSON,IMO5025691,WDH7563,70,0,233,21,8.0,70,A
366972020,2021-07-24T04:48:10,47.26432,-90.29118,11.7,77.7,76.0,ARTHUR M ANDERSON,IMO5025691,WDH7563,70,0,233,21,8.0,70,A
366972020,2021-07-24T05:24:30,47.28964,-90.12055,11.7,77.5,76.0,ARTHUR M ANDERSON,IMO5025691,WDH7563,70,0,233,21,8.0,70,A
366972020,2021-07-24T05:26:41,47.29117,-90.11034,11.7,77.6,76.0,ARTHUR M ANDERSON,IMO5025691,WDH7563,70,0,233,21,8.0,70,A
366972020,2021-07-24T02:00:01,47.10181,-91.06866,12.0,65.0,65.0,ARTHUR M ANDERSON,IMO5025691,WDH7563,70,0,233,21,8.0,70,A
366972020,2021-07-24T05:20:59,47.28718,-90.13697,11.7,77.6,76.0,ARTHUR M ANDERSON,IMO5025691,WDH7563,70,0,233,21,8.0,70,A
366972020,2021-07-24T05:42:50,47.30231,-90.03521,11.6,77.5,76.0,ARTHUR M ANDERSON,IMO5025691,WDH7563,70,0,233,21,8.0,70,A
366972020,2021-07-24T05:34:39,47.2967,-90.07325,11.6,77.4,76.0,ARTHUR M ANDERSON,IMO5025691,WDH7563,70,0,233,21,8.0,70,A
366972020,2021-07-24T05:44:00,47.30313,-90.02981,11.6,77.5,76.0,ARTHUR M ANDERSON,IMO5025691,WDH7563,70,0,233,21,8.0,70,A
366972020,2021-07-24T05:35:49,47.2975,-90.06781,11.6,78.0,77.0,ARTHUR M ANDERSON,IMO5025691,WDH7563,70,0,233,21,8.0,70,A
366972020,2021-07-24T05:31:10,47.29429,-90.08945,11.6,77.7,76.0,ARTHUR M ANDERSON,IMO5025691,WDH7563,70,0,233,21,8.0,70,A
366972020,2021-07-24T05:51:19,47.30812,-89.99581,11.6,77.9,76.0,ARTHUR M ANDERSON,IMO5025691,WDH7563,70,0,233,21,8.0,70,A
366972020,2021-07-24T05:45:10,47.30393,-90.02438,11.6,77.8,76.0,ARTHUR M ANDERSON,IMO5025691,WDH7563,70,0,233,21,8.0,70,A
366972020,2021-07-24T05:46:19,47.30473,-90.01905,11.6,77.8,76.0,ARTHUR M ANDERSON,IMO5025691,WDH7563,70,0,233,21,8.0,70,A
366972020,2021-07-24T05:39:19,47.29995,-90.05153,11.6,77.9,76.0,ARTHUR M ANDERSON,IMO5025691,WDH7563,70,0,233,21,8.0,70,A
366972020,2021-07-24T05:40:29,47.30073,-90.04611,11.6,78.0,77.0,ARTHUR M ANDERSON,IMO5025691,WDH7563,70,0,233,21,8.0,70,A
366972020,2021-07-24T05:11:30,47.2806,-90.18146,11.7,78.3,77.0,ARTHUR M ANDERSON,IMO5025691,WDH7563,70,0,233,21,8.0,70,A
366972020,2021-07-24T05:49:00,47.30657,-90.00656,11.6,77.8,76.0,ARTHUR M ANDERSON,IMO5025691,WDH7563,70,0,233,21,8.0,70,A
366972020,2021-07-24T05:58:20,47.31299,-89.96341,11.5,78.1,76.0,ARTHUR M ANDERSON,IMO5025691,WDH7563,70,0,233,21,8.0,70,A
366972020,2021-07-24T05:59:30,47.31378,-89.958,11.5,77.9,76.0,ARTHUR M ANDERSON,IMO5025691,WDH7563,70,0,233,21,8.0,70,A
366972020,2021-07-24T06:02:20,47.31574,-89.94494,11.5,77.1,75.0,ARTHUR M ANDERSON,IMO5025691,WDH7563,70,0,233,21,8.0,70,A
366972020,2021-07-24T05:50:10,47.30734,-90.00115,11.6,78.1,76.0,ARTHUR M ANDERSON,IMO5025691,WDH7563,70,0,233,21,8.0,70,A
366972020,2021-07-24T05:47:41,47.30567,-90.01271,11.6,77.6,76.0,ARTHUR M ANDERSON,IMO5025691,WDH7563,70,0,233,21,8.0,70,A
366972020,2021-07-24T05:13:59,47.2823,-90.16979,11.7,77.3,76.0,ARTHUR M ANDERSON,IMO5025691,WDH7563,70,0,233,21,8.0,70,A
366972020,2021-07-24T06:03:29,47.31656,-89.93957,11.5,77.2,75.0,ARTHUR M ANDERSON,IMO5025691,WDH7563,70,0,233,21,8.0,70,A
366972020,2021-07-24T06:04:30,47.31724,-89.93495,11.5,78.0,76.0,ARTHUR M ANDERSON,IMO5025691,WDH7563,70,0,233,21,8.0,70,A
366972020,2021-07-24T05:56:00,47.31137,-89.97415,11.5,77.5,76.0,ARTHUR M ANDERSON,IMO5025691,WDH7563,70,0,233,21,8.0,70,A
366972020,2021-07-24T05:19:39,47.28626,-90.14322,11.7,77.5,76.0,ARTHUR M ANDERSON,IMO5025691,WDH7563,70,0,233,21,8.0,70,A
366972020,2021-07-24T05:57:09,47.31219,-89.96879,11.5,77.1,75.0,ARTHUR M ANDERSON,IMO5025691,WDH7563,70,0,233,21,8.0,70,A
366972020,2021-07-24T05:53:39,47.30976,-89.98503,11.6,77.5,76.0,ARTHUR M ANDERSON,IMO5025691,WDH7563,70,0,233,21,8.0,70,A
366972020,2021-07-24T06:16:00,47.32514,-89.88178,11.5,77.1,75.0,ARTHUR M ANDERSON,IMO5025691,WDH7563,70,0,233,21,8.0,70,A
366972020,2021-07-24T06:00:01,47.31413,-89.95562,11.5,77.7,76.0,ARTHUR M ANDERSON,IMO5025691,WDH7563,70,0,233,21,8.0,70,A
366972020,2021-07-24T06:08:00,47.3196,-89.91876,11.5,77.2,75.0,ARTHUR M ANDERSON,IMO5025691,WDH7563,70,0,233,21,8.0,70,A
366972020,2021-07-24T06:05:40,47.31801,-89.92947,11.5,78.3,76.0,ARTHUR M ANDERSON,IMO5025691,WDH7563,70,0,233,21,8.0,70,A
366972020,2021-07-24T06:06:49,47.31877,-89.92421,11.5,77.9,76.0,ARTHUR M ANDERSON,IMO5025691,WDH7563,70,0,233,21,8.0,70,A
366972020,2021-07-24T06:22:50,47.32988,-89.85018,11.6,77.8,76.0,ARTHUR M ANDERSON,IMO5025691,WDH7563,70,0,233,21,8.0,70,A
366972020,2021-07-24T06:09:09,47.32041,-89.91343,11.5,77.1,75.0,ARTHUR M ANDERSON,IMO5025691,WDH7563,70,0,233,21,8.0,70,A
366972020,2021-07-24T06:10:20,47.32123,-89.90798,11.6,77.6,75.0,ARTHUR M ANDERSON,IMO5025691,WDH7563,70,0,233,21,8.0,70,A
366972020,2021-07-24T06:13:40,47.3235,-89.89254,11.5,77.6,76.0,ARTHUR M ANDERSON,IMO5025691,WDH7563,70,0,233,21,8.0,70,A
366972020,2021-07-24T06:14:49,47.32431,-89.88723,11.5,77.3,75.0,ARTHUR M ANDERSON,IMO5025691,WDH7563,70,0,233,21,8.0,70,A
366972020,2021-07-24T06:12:31,47.32271,-89.89785,11.6,78.0,76.0,ARTHUR M ANDERSON,IMO5025691,WDH7563,70,0,233,21,8.0,70,A
366972020,2021-07-24T06:18:11,47.32663,-89.87167,11.5,78.3,76.0,ARTHUR M ANDERSON,IMO5025691,WDH7563,70,0,233,21,8.0,70,A
366972020,2021-07-24T05:38:10,47.29913,-90.05689,11.6,77.0,76.0,ARTHUR M ANDERSON,IMO5025691,WDH7563,70,0,233,21,8.0,70,A
366972020,2021-07-24T06:25:10,47.33145,-89.83936,11.6,77.3,75.0,ARTHUR M ANDERSON,IMO5025691,WDH7563,70,0,233,21,8.0,70,A
366972020,2021-07-24T06:21:40,47.32906,-89.8556,11.5,76.9,75.0,ARTHUR M ANDERSON,IMO5025691,WDH7563,70,0,233,21,8.0,70,A
366972020,2021-07-24T06:17:10,47.32595,-89.87629,11.5,77.9,76.0,ARTHUR M ANDERSON,IMO5025691,WDH7563,70,0,233,21,8.0,70,A
366972020,2021-07-24T05:41:40,47.30152,-90.04063,11.6,77.8,76.0,ARTHUR M ANDERSON,IMO5025691,WDH7563,70,0,233,21,8.0,70,A
366972020,2021-07-24T06:36:50,47.33948,-89.78525,11.6,77.8,76.0,ARTHUR M ANDERSON,IMO5025691,WDH7563,70,0,233,21,8.0,70,A
366972020,2021-07-24T06:26:20,47.33227,-89.83396,11.6,77.4,75.0,ARTHUR M ANDERSON,IMO5025691,WDH7563,70,0,233,21,8.0,70,A
366972020,2021-07-24T06:34:30,47.3379,-89.79607,11.6,77.6,76.0,ARTHUR M ANDERSON,IMO5025691,WDH7563,70,0,233,21,8.0,70,A
366972020,2021-07-24T06:31:00,47.33552,-89.8123,11.6,77.9,76.0,ARTHUR M ANDERSON,IMO5025691,WDH7563,70,0,233,21,8.0,70,A
366972020,2021-07-24T06:32:10,47.33629,-89.80688,11.6,77.9,76.0,ARTHUR M ANDERSON,IMO5025691,WDH7563,70,0,233,21,8.0,70,A
366972020,2021-07-24T05:52:31,47.30895,-89.9903,11.6,77.3,76.0,ARTHUR M ANDERSON,IMO5025691,WDH7563,70,0,233,21,8.0,70,A
366972020,2021-07-24T02:24:19,47.13604,-90.95981,12.0,65.4,65.0,ARTHUR M ANDERSON,IMO5025691,WDH7563,70,0,233,21,8.0,70,A
366972020,2021-07-24T06:27:31,47.3331,-89.82846,11.6,77.8,76.0,ARTHUR M ANDERSON,IMO5025691,WDH7563,70,0,233,21,8.0,70,A
366972020,2021-07-24T02:26:39,47.13927,-90.94946,12.0,65.6,66.0,ARTHUR M ANDERSON,IMO5025691,WDH7563,70,0,233,21,8.0,70,A
366972020,2021-07-24T06:28:39,47.33387,-89.82312,11.6,77.5,75.0,ARTHUR M ANDERSON,IMO5025691,WDH7563,70,0,233,21,8.0,70,A
366972020,2021-07-24T06:35:40,47.33868,-89.79066,11.6,77.8,76.0,ARTHUR M ANDERSON,IMO5025691,WDH7563,70,0,233,21,8.0,70,A
366972020,2021-07-24T06:42:29,47.3434,-89.75908,11.5,77.8,76.0,ARTHUR M ANDERSON,IMO5025691,WDH7563,70,0,233,21,8.0,70,A
366972020,2021-07-24T06:47:10,47.34659,-89.7375,11.5,77.7,76.0,ARTHUR M ANDERSON,IMO5025691,WDH7563,70,0,233,21,8.0,70,A
366972020,2021-07-24T06:41:20,47.34263,-89.7644,11.5,77.7,76.0,ARTHUR M ANDERSON,IMO5025691,WDH7563,70,0,233,21,8.0,70,A
366972020,2021-07-24T06:44:49,47.345,-89.74834,11.5,77.5,76.0,ARTHUR M ANDERSON,IMO5025691,WDH7563,70,0,233,21,8.0,70,A
366972020,2021-07-24T06:46:00,47.3458,-89.74288,11.5,77.9,76.0,ARTHUR M ANDERSON,IMO5025691,WDH7563,70,0,233,21,8.0,70,A
366972020,2021-07-24T06:53:01,47.35066,-89.71059,11.5,77.6,76.0,ARTHUR M ANDERSON,IMO5025691,WDH7563,70,0,233,21,8.0,70,A
366972020,2021-07-24T06:01:09,47.31491,-89.9504,11.5,77.3,75.0,ARTHUR M ANDERSON,IMO5025691,WDH7563,70,0,233,21,8.0,70,A
366972020,2021-07-24T06:43:40,47.34421,-89.75364,11.5,77.6,76.0,ARTHUR M ANDERSON,IMO5025691,WDH7563,70,0,233,21,8.0,70,A
366972020,2021-07-24T06:56:20,47.35285,-89.69532,11.5,77.8,76.0,ARTHUR M ANDERSON,IMO5025691,WDH7563,70,0,233,21,8.0,70,A
366972020,2021-07-24T06:55:19,47.35219,-89.70001,11.5,78.2,77.0,ARTHUR M ANDERSON,IMO5025691,WDH7563,70,0,233,21,8.0,70,A
366972020,2021-07-24T06:40:19,47.34194,-89.76902,11.6,77.4,76.0,ARTHUR M ANDERSON,IMO5025691,WDH7563,70,0,233,21,8.0,70,A
366972020,2021-07-24T06:50:39,47.34901,-89.72148,11.5,77.2,76.0,ARTHUR M ANDERSON,IMO5025691,WDH7563,70,0,233,21,8.0,70,A
366972020,2021-07-24T06:11:30,47.32203,-89.9025,11.6,78.1,76.0,ARTHUR M ANDERSON,IMO5025691,WDH7563,70,0,233,21,8.0,70,A
366972020,2021-07-24T07:01:20,47.35631,-89.67229,11.5,77.6,76.0,ARTHUR M ANDERSON,IMO5025691,WDH7563,70,0,233,21,8.0,70,A
366972020,2021-07-24T07:03:40,47.35792,-89.66155,11.5,77.5,76.0,ARTHUR M ANDERSON,IMO5025691,WDH7563,70,0,233,21,8.0,70,A
366972020,2021-07-24T06:58:40,47.35446,-89.68457,11.5,77.5,76.0,ARTHUR M ANDERSON,IMO5025691,WDH7563,70,0,233,21,8.0,70,A
366972020,2021-07-24T07:07:10,47.36038,-89.64542,11.5,77.1,75.0,ARTHUR M ANDERSON,IMO5025691,WDH7563,70,0,233,21,8.0,70,A
366972020,2021-07-24T07:04:50,47.35876,-89.65609,11.5,77.1,75.0,ARTHUR M ANDERSON,IMO5025691,WDH7563,70,0,233,21,8.0,70,A
366972020,2021-07-24T07:02:30,47.35712,-89.66692,11.5,77.2,76.0,ARTHUR M ANDERSON,IMO5025691,WDH7563,70,0,233,21,8.0,70,A
366972020,2021-07-24T07:11:49,47.3636,-89.62393,11.5,77.6,76.0,ARTHUR M ANDERSON,IMO5025691,WDH7563,70,0,233,21,8.0,70,A
366972020,2021-07-24T07:15:20,47.36608,-89.60767,11.5,77.4,76.0,ARTHUR M ANDERSON,IMO5025691,WDH7563,70,0,233,21,8.0,70,A
366972020,2021-07-24T06:19:19,47.3274,-89.86643,11.5,77.9,76.0,ARTHUR M ANDERSON,IMO5025691,WDH7563,70,0,233,21,8.0,70,A
366972020,2021-07-24T07:09:29,47.36201,-89.63472,11.5,77.7,76.0,ARTHUR M ANDERSON,IMO5025691,WDH7563,70,0,233,21,8.0,70,A
366972020,2021-07-24T07:13:00,47.3644,-89.61844,11.5,77.7,76.0,ARTHUR M ANDERSON,IMO5025691,WDH7563,70,0,233,21,8.0,70,A
366972020,2021-07-24T02:42:49,47.16196,-90.87702,12.0,64.9,64.0,ARTHUR M ANDERSON,IMO5025691,WDH7563,70,0,233,21,8.0,70,A
366972020,2021-07-24T07:10:40,47.36284,-89.62918,11.5,77.8,76.0,ARTHUR M ANDERSON,IMO5025691,WDH7563,70,0,233,21,8.0,70,A
366972020,2021-07-24T07:00:10,47.35551,-89.67767,11.5,77.5,76.0,ARTHUR M ANDERSON,IMO5025691,WDH7563,70,0,233,21,8.0,70,A
366972020,2021-07-24T07:17:40,47.36768,-89.59681,11.5,76.7,75.0,ARTHUR M ANDERSON,IMO5025691,WDH7563,70,0,233,21,8.0,70,A
366972020,2021-07-24T07:16:30,47.36685,-89.60226,11.5,78.1,77.0,ARTHUR M ANDERSON,IMO5025691,WDH7563,70,0,233,21,8.0,70,A
366972020,2021-07-24T07:21:19,47.37022,-89.58,11.5,77.7,77.0,ARTHUR M ANDERSON,IMO5025691,WDH7563,70,0,233,21,8.0,70,A
366972020,2021-07-24T07:14:10,47.36524,-89.61305,11.5,76.8,75.0,ARTHUR M ANDERSON,IMO5025691,WDH7563,70,0,233,21,8.0,70,A
366972020,2021-07-24T07:24:31,47.37239,-89.56517,11.6,77.9,77.0,ARTHUR M ANDERSON,IMO5025691,WDH7563,70,0,233,21,8.0,70,A
366972020,2021-07-24T07:19:00,47.36863,-89.59072,11.5,77.2,76.0,ARTHUR M ANDERSON,IMO5025691,WDH7563,70,0,233,21,8.0,70,A
366972020,2021-07-24T07:22:20,47.37093,-89.5753,11.6,77.6,76.0,ARTHUR M ANDERSON,IMO5025691,WDH7563,70,0,233,21,8.0,70,A
366972020,2021-07-24T07:32:31,47.37793,-89.528,11.6,77.2,76.0,ARTHUR M ANDERSON,IMO5025691,WDH7563,70,0,233,21,8.0,70,A
366972020,2021-07-24T07:26:50,47.37398,-89.55442,11.6,77.8,77.0,ARTHUR M ANDERSON,IMO5025691,WDH7563,70,0,233,21,8.0,70,A
366972020,2021-07-24T07:29:01,47.37546,-89.54426,11.6,77.7,77.0,ARTHUR M ANDERSON,IMO5025691,WDH7563,70,0,233,21,8.0,70,A
366972020,2021-07-24T02:54:21,47.17815,-90.82564,12.0,65.0,65.0,ARTHUR M ANDERSON,IMO5025691,WDH7563,70,0,233,21,8.0,70,A
366972020,2021-07-24T07:30:09,47.37625,-89.53901,11.6,77.3,76.0,ARTHUR M ANDERSON,IMO5025691,WDH7563,70,0,233,21,8.0,70,A
366972020,2021-07-24T07:36:59,47.38104,-89.50726,11.6,77.3,76.0,ARTHUR M ANDERSON,IMO5025691,WDH7563,70,0,233,21,8.0,70,A
366972020,2021-07-24T07:34:49,47.37953,-89.51721,11.6,77.7,76.0,ARTHUR M ANDERSON,IMO5025691,WDH7563,70,0,233,21,8.0,70,A
366972020,2021-07-24T07:33:39,47.3787,-89.52273,11.6,77.7,77.0,ARTHUR M ANDERSON,IMO5025691,WDH7563,70,0,233,21,8.0,70,A
366972020,2021-07-24T07:38:11,47.38189,-89.50168,11.6,77.1,76.0,ARTHUR M ANDERSON,IMO5025691,WDH7563,70,0,233,21,8.0,70,A
366972020,2021-07-24T07:35:50,47.38022,-89.51257,11.6,77.4,76.0,ARTHUR M ANDERSON,IMO5025691,WDH7563,70,0,233,21,8.0,70,A
366972020,2021-07-24T07:39:19,47.38267,-89.49642,11.6,77.8,77.0,ARTHUR M ANDERSON,IMO5025691,WDH7563,70,0,233,21,8.0,70,A
366972020,2021-07-24T07:40:30,47.38347,-89.49093,11.6,77.7,76.0,ARTHUR M ANDERSON,IMO5025691,WDH7563,70,0,233,21,8.0,70,A
366972020,2021-07-24T07:42:50,47.38508,-89.48009,11.6,77.8,77.0,ARTHUR M ANDERSON,IMO5025691,WDH7563,70,0,233,21,8.0,70,A
366972020,2021-07-24T07:25:39,47.37316,-89.55992,11.6,77.4,76.0,ARTHUR M ANDERSON,IMO5025691,WDH7563,70,0,233,21,8.0,70,A
366972020,2021-07-24T06:33:20,47.33709,-89.80147,11.6,77.7,76.0,ARTHUR M ANDERSON,IMO5025691,WDH7563,70,0,233,21,8.0,70,A
366972020,2021-07-24T07:44:01,47.38589,-89.47461,11.6,77.8,77.0,ARTHUR M ANDERSON,IMO5025691,WDH7563,70,0,233,21,8.0,70,A
366972020,2021-07-24T03:09:19,47.19463,-90.7579,11.8,77.1,77.0,ARTHUR M ANDERSON,IMO5025691,WDH7563,70,0,233,21,8.0,70,A
366972020,2021-07-24T07:41:40,47.38428,-89.48551,11.6,77.6,76.0,ARTHUR M ANDERSON,IMO5025691,WDH7563,70,0,233,21,8.0,70,A
366972020,2021-07-24T03:11:40,47.1963,-90.7468,11.8,77.8,78.0,ARTHUR M ANDERSON,IMO5025691,WDH7563,70,0,233,21,8.0,70,A
366972020,2021-07-24T07:45:09,47.38667,-89.46937,11.5,77.6,76.0,ARTHUR M ANDERSON,IMO5025691,WDH7563,70,0,233,21,8.0,70,A
366972020,2021-07-24T06:39:10,47.34111,-89.77442,11.6,77.0,75.0,ARTHUR M ANDERSON,IMO5025691,WDH7563,70,0,233,21,8.0,70,A
366972020,2021-07-24T07:52:19,47.39156,-89.43619,11.5,77.6,76.0,ARTHUR M ANDERSON,IMO5025691,WDH7563,70,0,233,21,8.0,70,A
366972020,2021-07-24T07:47:30,47.38831,-89.45851,11.5,77.8,77.0,ARTHUR M ANDERSON,IMO5025691,WDH7563,70,0,233,21,8.0,70,A
366972020,2021-07-24T03:12:49,47.19709,-90.74134,11.8,77.8,78.0,ARTHUR M ANDERSON,IMO5025691,WDH7563,70,0,233,21,8.0,70,A
366972020,2021-07-24T07:48:41,47.38912,-89.45301,11.5,78.0,77.0,ARTHUR M ANDERSON,IMO5025691,WDH7563,70,0,233,21,8.0,70,A
366972020,2021-07-24T03:15:09,47.19872,-90.73028,11.9,77.5,77.0,ARTHUR M ANDERSON,IMO5025691,WDH7563,70,0,233,21,8.0,70,A
366972020,2021-07-24T08:01:00,47.39747,-89.39599,11.5,77.6,77.0,ARTHUR M ANDERSON,IMO5025691,WDH7563,70,0,233,21,8.0,70,A
366972020,2021-07-24T07:59:30,47.39645,-89.40295,11.5,77.7,77.0,ARTHUR M ANDERSON,IMO5025691,WDH7563,70,0,233,21,8.0,70,A
366972020,2021-07-24T07:46:21,47.38752,-89.46382,11.5,77.3,76.0,ARTHUR M ANDERSON,IMO5025691,WDH7563,70,0,233,21,8.0,70,A
366972020,2021-07-24T06:49:30,47.34821,-89.72678,11.5,77.1,75.0,ARTHUR M ANDERSON,IMO5025691,WDH7563,70,0,233,21,8.0,70,A
366972020,2021-07-24T06:51:49,47.34985,-89.71612,11.5,77.3,76.0,ARTHUR M ANDERSON,IMO5025691,WDH7563,70,0,233,21,8.0,70,A
366972020,2021-07-24T08:03:30,47.39918,-89.38441,11.5,77.9,77.0,ARTHUR M ANDERSON,IMO5025691,WDH7563,70,0,233,21,8.0,70,A
366972020,2021-07-24T07:58:21,47.39565,-89.40829,11.5,77.5,76.0,ARTHUR M ANDERSON,IMO5025691,WDH7563,70,0,233,21,8.0,70,A
366972020,2021-07-24T08:09:20,47.40316,-89.35747,11.5,77.6,76.0,ARTHUR M ANDERSON,IMO5025691,WDH7563,70,0,233,21,8.0,70,A
366972020,2021-07-24T07:59:59,47.39679,-89.40071,11.6,77.7,77.0,ARTHUR M ANDERSON,IMO5025691,WDH7563,70,0,233,21,8.0,70,A
366972020,2021-07-24T08:02:21,47.39841,-89.38975,11.6,77.7,76.0,ARTHUR M ANDERSON,IMO5025691,WDH7563,70,0,233,21,8.0,70,A
366972020,2021-07-24T07:53:29,47.39234,-89.43081,11.5,78.1,77.0,ARTHUR M ANDERSON,IMO5025691,WDH7563,70,0,233,21,8.0,70,A
366972020,2021-07-24T08:12:50,47.40556,-89.34136,11.5,77.7,77.0,ARTHUR M ANDERSON,IMO5025691,WDH7563,70,0,233,21,8.0,70,A
366972020,2021-07-24T08:04:39,47.39999,-89.37908,11.5,77.2,76.0,ARTHUR M ANDERSON,IMO5025691,WDH7563,70,0,233,21,8.0,70,A
366972020,2021-07-24T08:14:00,47.40635,-89.33601,11.4,77.3,76.0,ARTHUR M ANDERSON,IMO5025691,WDH7563,70,0,233,21,8.0,70,A
366972020,2021-07-24T06:57:30,47.35365,-89.68994,11.5,77.4,76.0,ARTHUR M ANDERSON,IMO5025691,WDH7563,70,0,233,21,8.0,70,A
366972020,2021-07-24T08:08:10,47.40238,-89.36284,11.5,78.0,77.0,ARTHUR M ANDERSON,IMO5025691,WDH7563,70,0,233,21,8.0,70,A
366972020,2021-07-24T08:15:10,47.40716,-89.33066,11.4,77.5,76.0,ARTHUR M ANDERSON,IMO5025691,WDH7563,70,0,233,21,8.0,70,A
366972020,2021-07-24T06:59:50,47.35528,-89.67921,11.5,77.4,76.0,ARTHUR M ANDERSON,IMO5025691,WDH7563,70,0,233,21,8.0,70,A
366972020,2021-07-24T08:19:50,47.41034,-89.30918,11.4,77.7,77.0,ARTHUR M ANDERSON,IMO5025691,WDH7563,70,0,233,21,8.0,70,A
366972020,2021-07-24T08:17:29,47.40874,-89.31995,11.4,77.6,77.0,ARTHUR M ANDERSON,IMO5025691,WDH7563,70,0,233,21,8.0,70,A
366972020,2021-07-24T08:11:39,47.40476,-89.34682,11.5,77.8,77.0,ARTHUR M ANDERSON,IMO5025691,WDH7563,70,0,233,21,8.0,70,A
366972020,2021-07-24T08:21:00,47.41112,-89.30393,11.4,77.5,77.0,ARTHUR M ANDERSON,IMO5025691,WDH7563,70,0,233,21,8.0,70,A
366972020,2021-07-24T08:22:09,47.41192,-89.29858,11.4,77.1,76.0,ARTHUR M ANDERSON,IMO5025691,WDH7563,70,0,233,21,8.0,70,A
366972020,2021-07-24T07:05:59,47.35956,-89.65088,11.5,77.4,76.0,ARTHUR M ANDERSON,IMO5025691,WDH7563,70,0,233,21,8.0,70,A
366972020,2021-07-24T03:33:30,47.21168,-90.64344,11.8,77.6,77.0,ARTHUR M ANDERSON,IMO5025691,WDH7563,70,0,233,21,8.0,70,A
366972020,2021-07-24T08:24:30,47.41352,-89.28785,11.4,77.5,77.0,ARTHUR M ANDERSON,IMO5025691,WDH7563,70,0,233,21,8.0,70,A
366972020,2021-07-24T08:33:40,47.4197,-89.24599,11.5,77.2,76.0,ARTHUR M ANDERSON,IMO5025691,WDH7563,70,0,233,21,8.0,70,A
366972020,2021-07-24T08:29:09,47.41658,-89.26667,11.4,78.0,77.0,ARTHUR M ANDERSON,IMO5025691,WDH7563,70,0,233,21,8.0,70,A
366972020,2021-07-24T08:31:19,47.41803,-89.25674,11.4,77.6,77.0,ARTHUR M ANDERSON,IMO5025691,WDH7563,70,0,233,21,8.0,70,A
366972020,2021-07-24T08:23:19,47.41271,-89.29333,11.4,77.4,77.0,ARTHUR M ANDERSON,IMO5025691,WDH7563,70,0,233,21,8.0,70,A
366972020,2021-07-24T08:35:59,47.42128,-89.23529,11.5,77.8,77.0,ARTHUR M ANDERSON,IMO5025691,WDH7563,70,0,233,21,8.0,70,A
366972020,2021-07-24T08:39:29,47.42373,-89.2191,11.5,77.4,77.0,ARTHUR M ANDERSON,IMO5025691,WDH7563,70,0,233,21,8.0,70,A
366972020,2021-07-24T08:26:50,47.41506,-89.27724,11.4,78.2,78.0,ARTHUR M ANDERSON,IMO5025691,WDH7563,70,0,233,21,8.0,70,A
366972020,2021-07-24T08:37:10,47.42209,-89.22984,11.5,77.3,76.0,ARTHUR M ANDERSON,IMO5025691,WDH7563,70,0,233,21,8.0,70,A
366972020,2021-07-24T08:41:40,47.42523,-89.20907,11.6,77.7,77.0,ARTHUR M ANDERSON,IMO5025691,WDH7563,70,0,233,21,8.0,70,A
366972020,2021-07-24T08:42:50,47.42604,-89.20367,11.6,77.5,77.0,ARTHUR M ANDERSON,IMO5025691,WDH7563,70,0,233,21,8.0,70,A
366972020,2021-07-24T08:46:20,47.42846,-89.18741,11.6,77.6,77.0,ARTHUR M ANDERSON,IMO5025691,WDH7563,70,0,233,21,8.0,70,A
366972020,2021-07-24T08:28:00,47.41582,-89.27191,11.4,78.1,77.0,ARTHUR M ANDERSON,IMO5025691,WDH7563,70,0,233,21,8.0,70,A
366972020,2021-07-24T08:51:00,47.4317,-89.16562,11.6,77.3,77.0,ARTHUR M ANDERSON,IMO5025691,WDH7563,70,0,233,21,8.0,70,A
366972020,2021-07-24T08:53:20,47.43329,-89.15481,11.6,78.1,77.0,ARTHUR M ANDERSON,IMO5025691,WDH7563,70,0,233,21,8.0,70,A
366972020,2021-07-24T08:45:11,47.42768,-89.19274,11.6,77.6,77.0,ARTHUR M ANDERSON,IMO5025691,WDH7563,70,0,233,21,8.0,70,A
366972020,2021-07-24T08:30:10,47.41725,-89.26201,11.4,78.0,77.0,ARTHUR M ANDERSON,IMO5025691,WDH7563,70,0,233,21,8.0,70,A
366972020,2021-07-24T08:48:40,47.43006,-89.17655,11.6,77.7,77.0,ARTHUR M ANDERSON,IMO5025691,WDH7563,70,0,233,21,8.0,70,A
366972020,2021-07-24T08:54:29,47.43407,-89.14946,11.6,77.6,77.0,ARTHUR M ANDERSON,IMO5025691,WDH7563,70,0,233,21,8.0,70,A
366972020,2021-07-24T08:55:40,47.43489,-89.14388,11.6,77.5,77.0,ARTHUR M ANDERSON,IMO5025691,WDH7563,70,0,233,21,8.0,70,A
366972020,2021-07-24T08:56:50,47.43568,-89.13851,11.6,77.2,77.0,ARTHUR M ANDERSON,IMO5025691,WDH7563,70,0,233,21,8.0,70,A
366972020,2021-07-24T08:57:59,47.43649,-89.13318,11.6,77.7,77.0,ARTHUR M ANDERSON,IMO5025691,WDH7563,70,0,233,21,8.0,70,A
366972020,2021-07-24T03:53:20,47.22577,-90.54965,11.9,77.6,77.0,ARTHUR M ANDERSON,IMO5025691,WDH7563,70,0,233,21,8.0,70,A
366972020,2021-07-24T08:32:29,47.41885,-89.25138,11.4,77.2,76.0,ARTHUR M ANDERSON,IMO5025691,WDH7563,70,0,233,21,8.0,70,A
366972020,2021-07-24T09:03:39,47.44047,-89.10673,11.6,77.1,76.0,ARTHUR M ANDERSON,IMO5025691,WDH7563,70,0,233,21,8.0,70,A
366972020,2021-07-24T08:59:10,47.43733,-89.12759,11.6,77.7,77.0,ARTHUR M ANDERSON,IMO5025691,WDH7563,70,0,233,21,8.0,70,A
366972020,2021-07-24T03:56:59,47.22847,-90.53239,11.8,76.9,76.0,ARTHUR M ANDERSON,IMO5025691,WDH7563,70,0,233,21,8.0,70,A
366972020,2021-07-24T09:04:50,47.44128,-89.10122,11.6,77.6,77.0,ARTHUR M ANDERSON,IMO5025691,WDH7563,70,0,233,21,8.0,70,A
366972020,2021-07-24T09:05:59,47.44208,-89.09585,11.7,77.5,77.0,ARTHUR M ANDERSON,IMO5025691,WDH7563,70,0,233,21,8.0,70,A
366972020,2021-07-24T07:28:00,47.37478,-89.549,11.6,77.9,77.0,ARTHUR M ANDERSON,IMO5025691,WDH7563,70,0,233,21,8.0,70,A
366972020,2021-07-24T08:40:30,47.42442,-89.21447,11.5,77.5,77.0,ARTHUR M ANDERSON,IMO5025691,WDH7563,70,0,233,21,8.0,70,A
366972020,2021-07-24T07:31:20,47.3771,-89.53342,11.6,77.3,76.0,ARTHUR M ANDERSON,IMO5025691,WDH7563,70,0,233,21,8.0,70,A
366972020,2021-07-24T09:07:09,47.44291,-89.09032,11.7,77.4,77.0,ARTHUR M ANDERSON,IMO5025691,WDH7563,70,0,233,21,8.0,70,A
366972020,2021-07-24T09:14:00,47.44779,-89.05818,11.7,77.9,77.0,ARTHUR M ANDERSON,IMO5025691,WDH7563,70,0,233,21,8.0,70,A
366972020,2021-07-24T09:15:11,47.44861,-89.0527,11.7,77.3,77.0,ARTHUR M ANDERSON,IMO5025691,WDH7563,70,0,233,21,8.0,70,A
366972020,2021-07-24T09:08:10,47.44361,-89.08562,11.7,77.3,77.0,ARTHUR M ANDERSON,IMO5025691,WDH7563,70,0,233,21,8.0,70,A
366972020,2021-07-24T08:44:00,47.42686,-89.19825,11.6,77.4,77.0,ARTHUR M ANDERSON,IMO5025691,WDH7563,70,0,233,21,8.0,70,A
366972020,2021-07-24T09:11:40,47.44617,-89.06923,11.7,76.8,77.0,ARTHUR M ANDERSON,IMO5025691,WDH7563,70,0,233,21,8.0,70,A
366972020,2021-07-24T08:47:29,47.42927,-89.18204,11.6,77.8,77.0,ARTHUR M ANDERSON,IMO5025691,WDH7563,70,0,233,21,8.0,70,A
366972020,2021-07-24T09:18:39,47.45101,-89.03641,11.7,77.7,77.0,ARTHUR M ANDERSON,IMO5025691,WDH7563,70,0,233,21,8.0,70,A
366972020,2021-07-24T09:17:30,47.45021,-89.04181,11.7,77.8,77.0,ARTHUR M ANDERSON,IMO5025691,WDH7563,70,0,233,21,8.0,70,A
366972020,2021-07-24T08:52:09,47.43248,-89.16033,11.6,78.1,78.0,ARTHUR M ANDERSON,IMO5025691,WDH7563,70,0,233,21,8.0,70,A
366972020,2021-07-24T09:19:49,47.45181,-89.03086,11.7,77.5,77.0,ARTHUR M ANDERSON,IMO5025691,WDH7563,70,0,233,21,8.0,70,A
366972020,2021-07-24T09:26:40,47.45665,-88.99875,11.7,77.8,77.0,ARTHUR M ANDERSON,IMO5025691,WDH7563,70,0,233,21,8.0,70,A
366972020,2021-07-24T09:10:30,47.4453,-89.0747,11.7,77.0,77.0,ARTHUR M ANDERSON,IMO5025691,WDH7563,70,0,233,21,8.0,70,A
366972020,2021-07-24T09:23:09,47.45418,-89.01531,11.7,77.3,77.0,ARTHUR M ANDERSON,IMO5025691,WDH7563,70,0,233,21,8.0,70,A
366972020,2021-07-24T07:51:00,47.39067,-89.44222,11.5,77.9,77.0,ARTHUR M ANDERSON,IMO5025691,WDH7563,70,0,233,21,8.0,70,A
366972020,2021-07-24T09:32:19,47.46054,-88.9723,11.6,77.2,77.0,ARTHUR M ANDERSON,IMO5025691,WDH7563,70,0,233,21,8.0,70,A
366972020,2021-07-24T09:27:51,47.45745,-88.99329,11.7,77.6,77.0,ARTHUR M ANDERSON,IMO5025691,WDH7563,70,0,233,21,8.0,70,A
366972020,2021-07-24T09:35:40,47.46295,-88.95666,11.6,77.5,77.0,ARTHUR M ANDERSON,IMO5025691,WDH7563,70,0,233,21,8.0,70,A
366972020,2021-07-24T09:30:09,47.45902,-88.98251,11.7,77.9,77.0,ARTHUR M ANDERSON,IMO5025691,WDH7563,70,0,233,21,8.0,70,A
366972020,2021-07-24T07:54:49,47.39322,-89.42463,11.5,77.9,77.0,ARTHUR M ANDERSON,IMO5025691,WDH7563,70,0,233,21,8.0,70,A
366972020,2021-07-24T09:33:21,47.46128,-88.96754,11.6,77.0,77.0,ARTHUR M ANDERSON,IMO5025691,WDH7563,70,0,233,21,8.0,70,A
366972020,2021-07-24T07:57:09,47.3948,-89.41383,11.5,77.1,76.0,ARTHUR M ANDERSON,IMO5025691,WDH7563,70,0,233,21,8.0,70,A
366972020,2021-07-24T09:25:30,47.45583,-89.00429,11.7,77.7,77.0,ARTHUR M ANDERSON,IMO5025691,WDH7563,70,0,233,21,8.0,70,A
366972020,2021-07-24T09:43:50,47.46858,-88.91871,11.5,77.6,77.0,ARTHUR M ANDERSON,IMO5025691,WDH7563,70,0,233,21,8.0,70,A
366972020,2021-07-24T09:39:09,47.46534,-88.9405,11.6,77.5,77.0,ARTHUR M ANDERSON,IMO5025691,WDH7563,70,0,233,21,8.0,70,A
366972020,2021-07-24T09:45:00,47.4694,-88.9133,11.5,77.7,77.0,ARTHUR M ANDERSON,IMO5025691,WDH7563,70,0,233,21,8.0,70,A
366972020,2021-07-24T09:46:10,47.4702,-88.90792,11.5,77.4,77.0,ARTHUR M ANDERSON,IMO5025691,WDH7563,70,0,233,21,8.0,70,A
366972020,2021-07-24T09:49:40,47.4726,-88.8917,11.5,77.7,77.0,ARTHUR M ANDERSON,IMO5025691,WDH7563,70,0,233,21,8.0,70,A
366972020,2021-07-24T09:42:40,47.4678,-88.92404,11.6,77.5,77.0,ARTHUR M ANDERSON,IMO5025691,WDH7563,70,0,233,21,8.0,70,A
366972020,2021-07-24T09:50:49,47.47339,-88.88635,11.6,78.1,77.0,ARTHUR M ANDERSON,IMO5025691,WDH7563,70,0,233,21,8.0,70,A
366972020,2021-07-24T08:05:51,47.40083,-89.37354,11.5,77.7,77.0,ARTHUR M ANDERSON,IMO5025691,WDH7563,70,0,233,21,8.0,70,A
366972020,2021-07-24T09:48:30,47.4718,-88.89712,11.5,77.6,77.0,ARTHUR M ANDERSON,IMO5025691,WDH7563,70,0,233,21,8.0,70,A
366972020,2021-07-24T09:38:00,47.46455,-88.94586,11.6,77.7,77.0,ARTHUR M ANDERSON,IMO5025691,WDH7563,70,0,233,21,8.0,70,A
366972020,2021-07-24T09:24:19,47.45501,-89.00984,11.7,77.5,77.0,ARTHUR M ANDERSON,IMO5025691,WDH7563,70,0,233,21,8.0,70,A
366972020,2021-07-24T04:19:50,47.24455,-90.42479,11.8,78.0,77.0,ARTHUR M ANDERSON,IMO5025691,WDH7563,70,0,233,21,8.0,70,A
366972020,2021-07-24T04:20:59,47.24534,-90.41929,11.8,78.2,77.0,ARTHUR M ANDERSON,IMO5025691,WDH7563,70,0,233,21,8.0,70,A
366972020,2021-07-24T10:05:49,47.48374,-88.81644,11.6,77.5,76.0,ARTHUR M ANDERSON,IMO5025691,WDH7563,70,0,233,21,8.0,70,A
366972020,2021-07-24T10:00:01,47.47973,-88.84355,11.6,77.7,77.0,ARTHUR M ANDERSON,IMO5025691,WDH7563,70,0,233,21,8.0,70,A
366972020,2021-07-24T10:07:00,47.48456,-88.81088,11.7,77.9,76.0,ARTHUR M ANDERSON,IMO5025691,WDH7563,70,0,233,21,8.0,70,A
366972020,2021-07-24T09:31:10,47.45972,-88.97775,11.7,77.5,77.0,ARTHUR M ANDERSON,IMO5025691,WDH7563,70,0,233,21,8.0,70,A
366972020,2021-07-24T10:01:10,47.4805,-88.83818,11.6,77.7,76.0,ARTHUR M ANDERSON,IMO5025691,WDH7563,70,0,233,21,8.0,70,A
366972020,2021-07-24T10:04:40,47.48294,-88.82181,11.6,77.5,76.0,ARTHUR M ANDERSON,IMO5025691,WDH7563,70,0,233,21,8.0,70,A
366972020,2021-07-24T08:25:40,47.41428,-89.28259,11.4,78.0,78.0,ARTHUR M ANDERSON,IMO5025691,WDH7563,70,0,233,21,8.0,70,A
366972020,2021-07-24T09:52:00,47.47418,-88.88085,11.6,77.5,76.0,ARTHUR M ANDERSON,IMO5025691,WDH7563,70,0,233,21,8.0,70,A
366972020,2021-07-24T10:15:10,47.4902,-88.7725,11.7,77.2,76.0,ARTHUR M ANDERSON,IMO5025691,WDH7563,70,0,233,21,8.0,70,A
366972020,2021-07-24T09:56:40,47.47749,-88.85918,11.6,77.8,77.0,ARTHUR M ANDERSON,IMO5025691,WDH7563,70,0,233,21,8.0,70,A
366972020,2021-07-24T10:16:21,47.49103,-88.76704,11.7,77.5,76.0,ARTHUR M ANDERSON,IMO5025691,WDH7563,70,0,233,21,8.0,70,A
366972020,2021-07-24T10:17:30,47.4918,-88.76163,11.7,78.2,77.0,ARTHUR M ANDERSON,IMO5025691,WDH7563,70,0,233,21,8.0,70,A
366972020,2021-07-24T10:18:40,47.49259,-88.75615,11.7,77.5,76.0,ARTHUR M ANDERSON,IMO5025691,WDH7563,70,0,233,21,8.0,70,A
366972020,2021-07-24T04:36:59,47.2565,-90.34379,11.8,78.5,78.0,ARTHUR M ANDERSON,IMO5025691,WDH7563,70,0,233,21,8.0,70,A
366972020,2021-07-24T09:53:09,47.47499,-88.87552,11.6,77.5,77.0,ARTHUR M ANDERSON,IMO5025691,WDH7563,70,0,233,21,8.0,70,A
366972020,2021-07-24T10:25:30,47.4975,-88.72394,11.8,77.6,76.0,ARTHUR M ANDERSON,IMO5025691,WDH7563,70,0,233,21,8.0,70,A
366972020,2021-07-24T09:55:30,47.47668,-88.86461,11.6,77.1,76.0,ARTHUR M ANDERSON,IMO5025691,WDH7563,70,0,233,21,8.0,70,A
366972020,2021-07-24T10:30:09,47.50077,-88.70174,11.9,78.1,77.0,ARTHUR M ANDERSON,IMO5025691,WDH7563,70,0,233,21,8.0,70,A
366972020,2021-07-24T10:02:20,47.48136,-88.83264,11.6,77.4,76.0,ARTHUR M ANDERSON,IMO5025691,WDH7563,70,0,233,21,8.0,70,A
366972020,2021-07-24T10:33:39,47.50326,-88.68508,11.9,77.6,76.0,ARTHUR M ANDERSON,IMO5025691,WDH7563,70,0,233,21,8.0,70,A
366972020,2021-07-24T10:36:00,47.50488,-88.67394,11.9,77.7,76.0,ARTHUR M ANDERSON,IMO5025691,WDH7563,70,0,233,21,8.0,70,A
366972020,2021-07-24T04:49:19,47.26512,-90.28576,11.8,77.6,76.0,ARTHUR M ANDERSON,IMO5025691,WDH7563,70,0,233,21,8.0,70,A
366972020,2021-07-24T10:34:50,47.50408,-88.67951,11.9,77.9,77.0,ARTHUR M ANDERSON,IMO5025691,WDH7563,70,0,233,21,8.0,70,A
366972020,2021-07-24T10:03:31,47.48215,-88.82718,11.6,77.9,77.0,ARTHUR M ANDERSON,IMO5025691,WDH7563,70,0,233,21,8.0,70,A
366972020,2021-07-24T04:50:30,47.26596,-90.28021,11.8,77.1,76.0,ARTHUR M ANDERSON,IMO5025691,WDH7563,70,0,233,21,8.0,70,A
366972020,2021-07-24T10:38:20,47.50656,-88.66279,11.9,77.1,76.0,ARTHUR M ANDERSON,IMO5025691,WDH7563,70,0,233,21,8.0,70,A
366972020,2021-07-24T10:13:59,47.48936,-88.77814,11.7,77.6,76.0,ARTHUR M ANDERSON,IMO5025691,WDH7563,70,0,233,21,8.0,70,A
366972020,2021-07-24T10:09:20,47.48613,-88.79994,11.7,77.7,76.0,ARTHUR M ANDERSON,IMO5025691,WDH7563,70,0,233,21,8.0,70,A
366972020,2021-07-24T10:42:09,47.50935,-88.64453,11.9,77.8,77.0,ARTHUR M ANDERSON,IMO5025691,WDH7563,70,0,233,21,8.0,70,A
366972020,2021-07-24T10:44:30,47.511,-88.63327,11.9,77.7,77.0,ARTHUR M ANDERSON,IMO5025691,WDH7563,70,0,233,21,8.0,70,A
366972020,2021-07-24T10:45:39,47.51181,-88.62766,11.9,77.8,77.0,ARTHUR M ANDERSON,IMO5025691,WDH7563,70,0,233,21,8.0,70,A
366972020,2021-07-24T04:57:29,47.27083,-90.2474,11.7,77.9,77.0,ARTHUR M ANDERSON,IMO5025691,WDH7563,70,0,233,21,8.0,70,A
366972020,2021-07-24T04:58:40,47.27164,-90.24184,11.7,77.8,76.0,ARTHUR M ANDERSON,IMO5025691,WDH7563,70,0,233,21,8.0,70,A
366972020,2021-07-24T10:50:10,47.51503,-88.60609,11.9,77.8,77.0,ARTHUR M ANDERSON,IMO5025691,WDH7563,70,0,233,21,8.0,70,A
366972020,2021-07-24T10:46:40,47.51252,-88.62287,11.9,77.4,76.0,ARTHUR M ANDERSON,IMO5025691,WDH7563,70,0,233,21,8.0,70,A
366972020,2021-07-24T10:52:30,47.5167,-88.59487,12.0,77.5,77.0,ARTHUR M ANDERSON,IMO5025691,WDH7563,70,0,233,21,8.0,70,A
366972020,2021-07-24T10:24:20,47.49666,-88.72946,11.8,77.3,76.0,ARTHUR M ANDERSON,IMO5025691,WDH7563,70,0,233,21,8.0,70,A
366972020,2021-07-24T10:53:40,47.51752,-88.58926,12.0,78.0,77.0,ARTHUR M ANDERSON,IMO5025691,WDH7563,70,0,233,21,8.0,70,A
366972020,2021-07-24T10:19:49,47.49343,-88.75076,11.7,77.0,75.0,ARTHUR M ANDERSON,IMO5025691,WDH7563,70,0,233,21,8.0,70,A
366972020,2021-07-24T10:58:19,47.52085,-88.56671,12.0,78.1,77.0,ARTHUR M ANDERSON,IMO5025691,WDH7563,70,0,233,21,8.0,70,A
366972020,2021-07-24T05:06:49,47.27732,-90.20347,11.7,77.4,76.0,ARTHUR M ANDERSON,IMO5025691,WDH7563,70,0,233,21,8.0,70,A
366972020,2021-07-24T10:59:20,47.52156,-88.56189,12.0,77.8,77.0,ARTHUR M ANDERSON,IMO5025691,WDH7563,70,0,233,21,8.0,70,A
366972020,2021-07-24T11:01:30,47.52311,-88.55138,12.1,77.7,77.0,ARTHUR M ANDERSON,IMO5025691,WDH7563,70,0,233,21,8.0,70,A
366972020,2021-07-24T11:02:39,47.52394,-88.54581,12.1,77.5,76.0,ARTHUR M ANDERSON,IMO5025691,WDH7563,70,0,233,21,8.0,70,A
366972020,2021-07-24T11:06:10,47.52649,-88.5287,12.1,77.4,76.0,ARTHUR M ANDERSON,IMO5025691,WDH7563,70,0,233,21,8.0,70,A
366972020,2021-07-24T11:07:20,47.52733,-88.52303,12.1,77.6,76.0,ARTHUR M ANDERSON,IMO5025691,WDH7563,70,0,233,21,8.0,70,A
366972020,2021-07-24T10:27:50,47.49914,-88.71284,11.8,77.6,76.0,ARTHUR M ANDERSON,IMO5025691,WDH7563,70,0,233,21,8.0,70,A
366972020,2021-07-24T11:09:40,47.52902,-88.51168,12.1,77.5,76.0,ARTHUR M ANDERSON,IMO5025691,WDH7563,70,0,233,21,8.0,70,A
366972020,2021-07-24T10:41:00,47.50853,-88.65004,11.9,77.5,77.0,ARTHUR M ANDERSON,IMO5025691,WDH7563,70,0,233,21,8.0,70,A
366972020,2021-07-24T11:10:51,47.52986,-88.5059,12.1,78.0,76.0,ARTHUR M ANDERSON,IMO5025691,WDH7563,70,0,233,21,8.0,70,A
366972020,2021-07-24T11:14:09,47.53231,-88.48986,12.1,77.2,76.0,ARTHUR M ANDERSON,IMO5025691,WDH7563,70,0,233,21,8.0,70,A
366972020,2021-07-24T11:13:00,47.53145,-88.49546,12.1,76.9,75.0,ARTHUR M ANDERSON,IMO5025691,WDH7563,70,0,233,21,8.0,70,A
366972020,2021-07-24T11:18:40,47.53554,-88.46788,12.1,77.3,76.0,ARTHUR M ANDERSON,IMO5025691,WDH7563,70,0,233,21,8.0,70,A
366972020,2021-07-24T10:39:49,47.50767,-88.65563,11.9,77.0,76.0,ARTHUR M ANDERSON,IMO5025691,WDH7563,70,0,233,21,8.0,70,A
366972020,2021-07-24T11:22:10,47.53811,-88.45077,12.1,77.3,76.0,ARTHUR M ANDERSON,IMO5025691,WDH7563,70,0,233,21,8.0,70,A
366972020,2021-07-24T05:23:19,47.28882,-90.12607,11.7,77.5,76.0,ARTHUR M ANDERSON,IMO5025691,WDH7563,70,0,233,21,8.0,70,A
366972020,2021-07-24T10:43:21,47.5102,-88.63877,11.9,77.7,77.0,ARTHUR M ANDERSON,IMO5025691,WDH7563,70,0,233,21,8.0,70,A
366972020,2021-07-24T11:21:00,47.53726,-88.45654,12.1,77.7,76.0,ARTHUR M ANDERSON,IMO5025691,WDH7563,70,0,233,21,8.0,70,A
366972020,2021-07-24T10:54:50,47.51837,-88.58356,12.0,77.5,76.0,ARTHUR M ANDERSON,IMO5025691,WDH7563,70,0,233,21,8.0,70,A
366972020,2021-07-24T11:28:00,47.5423,-88.42236,12.2,77.6,76.0,ARTHUR M ANDERSON,IMO5025691,WDH7563,70,0,233,21,8.0,70,A
366972020,2021-07-24T05:28:50,47.29265,-90.10031,11.6,77.6,76.0,ARTHUR M ANDERSON,IMO5025691,WDH7563,70,0,233,21,8.0,70,A
366972020,2021-07-24T11:31:19,47.54471,-88.40612,12.2,78.2,77.0,ARTHUR M ANDERSON,IMO5025691,WDH7563,70,0,233,21,8.0,70,A
366972020,2021-07-24T10:49:00,47.5142,-88.6117,11.9,77.6,77.0,ARTHUR M ANDERSON,IMO5025691,WDH7563,70,0,233,21,8.0,70,A
366972020,2021-07-24T11:32:30,47.54556,-88.4003,12.2,78.1,76.0,ARTHUR M ANDERSON,IMO5025691,WDH7563,70,0,233,21,8.0,70,A
366972020,2021-07-24T11:29:10,47.54316,-88.41663,12.2,77.2,76.0,ARTHUR M ANDERSON,IMO5025691,WDH7563,70,0,233,21,8.0,70,A
366972020,2021-07-24T05:33:30,47.29589,-90.07857,11.6,77.9,77.0,ARTHUR M ANDERSON,IMO5025691,WDH7563,70,0,233,21,8.0,70,A
366972020,2021-07-24T11:30:11,47.54391,-88.41167,12.2,77.7,76.0,ARTHUR M ANDERSON,IMO5025691,WDH7563,70,0,233,21,8.0,70,A
366972020,2021-07-24T11:33:40,47.54641,-88.39459,12.2,77.4,75.0,ARTHUR M ANDERSON,IMO5025691,WDH7563,70,0,233,21,8.0,70,A
366972020,2021-07-24T10:57:10,47.52006,-88.57228,12.0,77.7,77.0,ARTHUR M ANDERSON,IMO5025691,WDH7563,70,0,233,21,8.0,70,A
366972020,2021-07-24T11:37:10,47.54891,-88.37746,12.2,77.9,76.0,ARTHUR M ANDERSON,IMO5025691,WDH7563,70,0,233,21,8.0,70,A
366972020,2021-07-24T11:36:00,47.54811,-88.38318,12.2,78.2,76.0,ARTHUR M ANDERSON,IMO5025691,WDH7563,70,0,233,21,8.0,70,A
366972020,2021-07-24T11:08:30,47.52817,-88.51735,12.1,77.4,76.0,ARTHUR M ANDERSON,IMO5025691,WDH7563,70,0,233,21,8.0,70,A
366972020,2021-07-24T11:41:50,47.55238,-88.35466,12.2,77.0,75.0,ARTHUR M ANDERSON,IMO5025691,WDH7563,70,0,233,21,8.0,70,A
366972020,2021-07-24T09:21:59,47.45335,-89.02079,11.7,77.7,77.0,ARTHUR M ANDERSON,IMO5025691,WDH7563,70,0,233,21,8.0,70,A
366972020,2021-07-24T11:39:29,47.55061,-88.36613,12.2,77.1,75.0,ARTHUR M ANDERSON,IMO5025691,WDH7563,70,0,233,21,8.0,70,A
366972020,2021-07-24T11:03:50,47.52479,-88.54005,12.1,77.6,76.0,ARTHUR M ANDERSON,IMO5025691,WDH7563,70,0,233,21,8.0,70,A
366972020,2021-07-24T11:45:10,47.55482,-88.33837,12.1,77.3,75.0,ARTHUR M ANDERSON,IMO5025691,WDH7563,70,0,233,21,8.0,70,A
366972020,2021-07-24T11:44:09,47.55409,-88.34337,12.1,77.4,76.0,ARTHUR M ANDERSON,IMO5025691,WDH7563,70,0,233,21,8.0,70,A
366972020,2021-07-24T11:48:40,47.55732,-88.32128,12.1,78.1,76.0,ARTHUR M ANDERSON,IMO5025691,WDH7563,70,0,233,21,8.0,70,A
366972020,2021-07-24T11:17:29,47.5347,-88.47355,12.1,77.8,76.0,ARTHUR M ANDERSON,IMO5025691,WDH7563,70,0,233,21,8.0,70,A
366972020,2021-07-24T09:28:59,47.45823,-88.98798,11.7,77.6,77.0,ARTHUR M ANDERSON,IMO5025691,WDH7563,70,0,233,21,8.0,70,A
366972020,2021-07-24T11:11:59,47.53066,-88.50038,12.1,77.3,76.0,ARTHUR M ANDERSON,IMO5025691,WDH7563,70,0,233,21,8.0,70,A
366972020,2021-07-24T11:52:10,47.55983,-88.30438,12.1,76.6,74.0,ARTHUR M ANDERSON,IMO5025691,WDH7563,70,0,233,21,8.0,70,A
366972020,2021-07-24T11:54:29,47.56154,-88.29315,12.0,77.3,75.0,ARTHUR M ANDERSON,IMO5025691,WDH7563,70,0,233,21,8.0,70,A
366972020,2021-07-24T11:51:00,47.55893,-88.31002,12.1,77.3,75.0,ARTHUR M ANDERSON,IMO5025691,WDH7563,70,0,233,21,8.0,70,A
366972020,2021-07-24T11:55:40,47.5624,-88.28745,12.0,77.7,76.0,ARTHUR M ANDERSON,IMO5025691,WDH7563,70,0,233,21,8.0,70,A
366972020,2021-07-24T11:58:00,47.56407,-88.27622,11.9,77.8,76.0,ARTHUR M ANDERSON,IMO5025691,WDH7563,70,0,233,21,8.0,70,A
366972020,2021-07-24T05:54:49,47.31055,-89.97964,11.5,77.4,76.0,ARTHUR M ANDERSON,IMO5025691,WDH7563,70,0,233,21,8.0,70,A
366972020,2021-07-24T11:59:10,47.56487,-88.27061,11.9,78.0,76.0,ARTHUR M ANDERSON,IMO5025691,WDH7563,70,0,233,21,8.0,70,A
366972020,2021-07-24T09:36:50,47.46375,-88.95129,11.6,77.6,77.0,ARTHUR M ANDERSON,IMO5025691,WDH7563,70,0,233,21,8.0,70,A
366972020,2021-07-24T11:19:49,47.53639,-88.46229,12.1,77.3,76.0,ARTHUR M ANDERSON,IMO5025691,WDH7563,70,0,233,21,8.0,70,A
366972020,2021-07-24T12:02:19,47.56712,-88.2555,11.9,76.7,75.0,ARTHUR M ANDERSON,IMO5025691,WDH7563,70,0,233,21,8.0,70,A
366972020,2021-07-24T12:04:39,47.56877,-88.24436,11.9,77.8,76.0,ARTHUR M ANDERSON,IMO5025691,WDH7563,70,0,233,21,8.0,70,A
366972020,2021-07-24T12:07:00,47.57047,-88.23314,11.9,77.5,76.0,ARTHUR M ANDERSON,IMO5025691,WDH7563,70,0,233,21,8.0,70,A
366972020,2021-07-24T11:24:29,47.53975,-88.43956,12.1,77.8,77.0,ARTHUR M ANDERSON,IMO5025691,WDH7563,70,0,233,21,8.0,70,A
366972020,2021-07-24T12:10:30,47.57295,-88.21646,11.8,78.3,77.0,ARTHUR M ANDERSON,IMO5025691,WDH7563,70,0,233,21,8.0,70,A
366972020,2021-07-24T11:38:20,47.54976,-88.37176,12.2,77.6,76.0,ARTHUR M ANDERSON,IMO5025691,WDH7563,70,0,233,21,8.0,70,A
366972020,2021-07-24T09:40:19,47.46616,-88.93506,11.6,77.6,77.0,ARTHUR M ANDERSON,IMO5025691,WDH7563,70,0,233,21,8.0,70,A
366972020,2021-07-24T11:26:50,47.54144,-88.42808,12.2,77.5,76.0,ARTHUR M ANDERSON,IMO5025691,WDH7563,70,0,233,21,8.0,70,A
366972020,2021-07-24T12:11:41,47.57374,-88.21081,11.8,78.2,76.0,ARTHUR M ANDERSON,IMO5025691,WDH7563,70,0,233,21,8.0,70,A
366972020,2021-07-24T12:12:50,47.57455,-88.20536,11.8,77.1,75.0,ARTHUR M ANDERSON,IMO5025691,WDH7563,70,0,233,21,8.0,70,A
366972020,2021-07-24T11:47:30,47.5565,-88.32703,12.1,77.9,76.0,ARTHUR M ANDERSON,IMO5025691,WDH7563,70,0,233,21,8.0,70,A
366972020,2021-07-24T09:47:20,47.47101,-88.90251,11.5,77.6,77.0,ARTHUR M ANDERSON,IMO5025691,WDH7563,70,0,233,21,8.0,70,A
366972020,2021-07-24T12:19:50,47.57574,-88.1718,11.7,89.3,88.0,ARTHUR M ANDERSON,IMO5025691,WDH7563,70,0,233,21,8.0,70,A
366972020,2021-07-24T12:23:19,47.57583,-88.15492,11.8,90.0,89.0,ARTHUR M ANDERSON,IMO5025691,WDH7563,70,0,233,21,8.0,70,A
366972020,2021-07-24T12:25:39,47.57584,-88.14349,11.8,89.7,89.0,ARTHUR M ANDERSON,IMO5025691,WDH7563,70,0,233,21,8.0,70,A
366972020,2021-07-24T11:40:39,47.55148,-88.36044,12.2,77.0,75.0,ARTHUR M ANDERSON,IMO5025691,WDH7563,70,0,233,21,8.0,70,A
366972020,2021-07-24T09:54:20,47.47583,-88.87004,11.6,77.2,76.0,ARTHUR M ANDERSON,IMO5025691,WDH7563,70,0,233,21,8.0,70,A
366972020,2021-07-24T12:27:59,47.5759,-88.13218,11.9,89.5,88.0,ARTHUR M ANDERSON,IMO5025691,WDH7563,70,0,233,21,8.0,70,A
366972020,2021-07-24T12:24:29,47.57582,-88.14924,11.8,89.9,89.0,ARTHUR M ANDERSON,IMO5025691,WDH7563,70,0,233,21,8.0,70,A
366972020,2021-07-24T11:56:50,47.56324,-88.28183,12.0,77.4,76.0,ARTHUR M ANDERSON,IMO5025691,WDH7563,70,0,233,21,8.0,70,A
366972020,2021-07-24T12:29:10,47.57593,-88.1264,11.9,89.3,88.0,ARTHUR M ANDERSON,IMO5025691,WDH7563,70,0,233,21,8.0,70,A
366972020,2021-07-24T12:32:39,47.576,-88.10934,11.9,89.7,89.0,ARTHUR M ANDERSON,IMO5025691,WDH7563,70,0,233,21,8.0,70,A
366972020,2021-07-24T09:57:51,47.47828,-88.85367,11.6,77.9,77.0,ARTHUR M ANDERSON,IMO5025691,WDH7563,70,0,233,21,8.0,70,A
366972020,2021-07-24T11:46:20,47.55568,-88.3327,12.1,77.5,76.0,ARTHUR M ANDERSON,IMO5025691,WDH7563,70,0,233,21,8.0,70,A
366972020,2021-07-24T12:36:00,47.57609,-88.09291,11.9,89.5,89.0,ARTHUR M ANDERSON,IMO5025691,WDH7563,70,0,233,21,8.0,70,A
366972020,2021-07-24T12:05:49,47.5696,-88.23878,11.9,77.2,75.0,ARTHUR M ANDERSON,IMO5025691,WDH7563,70,0,233,21,8.0,70,A
366972020,2021-07-24T11:53:20,47.56069,-88.29873,12.1,77.4,75.0,ARTHUR M ANDERSON,IMO5025691,WDH7563,70,0,233,21,8.0,70,A
366972020,2021-07-24T10:08:10,47.48534,-88.80541,11.7,77.7,76.0,ARTHUR M ANDERSON,IMO5025691,WDH7563,70,0,233,21,8.0,70,A
366972020,2021-07-24T12:09:20,47.57214,-88.22202,11.8,77.5,76.0,ARTHUR M ANDERSON,IMO5025691,WDH7563,70,0,233,21,8.0,70,A
366972020,2021-07-24T12:40:39,47.57613,-88.07012,11.9,89.8,89.0,ARTHUR M ANDERSON,IMO5025691,WDH7563,70,0,233,21,8.0,70,A
366972020,2021-07-24T12:47:40,47.5762,-88.03588,11.8,89.7,89.0,ARTHUR M ANDERSON,IMO5025691,WDH7563,70,0,233,21,8.0,70,A
366972020,2021-07-24T10:10:30,47.48695,-88.79439,11.7,77.8,76.0,ARTHUR M ANDERSON,IMO5025691,WDH7563,70,0,233,21,8.0,70,A
366972020,2021-07-24T10:11:40,47.48774,-88.78899,11.7,77.8,76.0,ARTHUR M ANDERSON,IMO5025691,WDH7563,70,0,233,21,8.0,70,A
366972020,2021-07-24T10:12:49,47.48854,-88.7836,11.7,77.4,76.0,ARTHUR M ANDERSON,IMO5025691,WDH7563,70,0,233,21,8.0,70,A
366972020,2021-07-24T12:45:20,47.57617,-88.04724,11.8,90.0,90.0,ARTHUR M ANDERSON,IMO5025691,WDH7563,70,0,233,21,8.0,70,A
366972020,2021-07-24T12:52:20,47.57621,-88.01311,11.8,90.1,89.0,ARTHUR M ANDERSON,IMO5025691,WDH7563,70,0,233,21,8.0,70,A
366972020,2021-07-24T10:21:01,47.49432,-88.74511,11.7,77.2,76.0,ARTHUR M ANDERSON,IMO5025691,WDH7563,70,0,233,21,8.0,70,A
366972020,2021-07-24T12:53:31,47.57622,-88.00736,11.8,90.0,89.0,ARTHUR M ANDERSON,IMO5025691,WDH7563,70,0,233,21,8.0,70,A
366972020,2021-07-24T12:22:09,47.57582,-88.16058,11.8,89.3,88.0,ARTHUR M ANDERSON,IMO5025691,WDH7563,70,0,233,21,8.0,70,A
366972020,2021-07-24T10:22:09,47.49513,-88.73978,11.8,77.5,76.0,ARTHUR M ANDERSON,IMO5025691,WDH7563,70,0,233,21,8.0,70,A
366972020,2021-07-24T12:56:50,47.57624,-87.99129,11.8,90.2,89.0,ARTHUR M ANDERSON,IMO5025691,WDH7563,70,0,233,21,8.0,70,A
366972020,2021-07-24T12:54:40,47.57624,-88.0018,11.8,89.6,89.0,ARTHUR M ANDERSON,IMO5025691,WDH7563,70,0,233,21,8.0,70,A
366972020,2021-07-24T12:59:10,47.57626,-87.98,11.7,89.1,88.0,ARTHUR M ANDERSON,IMO5025691,WDH7563,70,0,233,21,8.0,70,A
366972020,2021-07-24T10:26:39,47.4983,-88.71848,11.8,77.9,77.0,ARTHUR M ANDERSON,IMO5025691,WDH7563,70,0,233,21,8.0,70,A
366972020,2021-07-24T06:20:29,47.32821,-89.86103,11.5,77.4,75.0,ARTHUR M ANDERSON,IMO5025691,WDH7563,70,0,233,21,8.0,70,A
366972020,2021-07-24T12:26:51,47.57587,-88.13773,11.8,89.4,88.0,ARTHUR M ANDERSON,IMO5025691,WDH7563,70,0,233,21,8.0,70,A
366972020,2021-07-24T10:29:00,47.49996,-88.7073,11.8,77.4,76.0,ARTHUR M ANDERSON,IMO5025691,WDH7563,70,0,233,21,8.0,70,A
366972020,2021-07-24T12:16:10,47.57556,-88.18946,11.6,89.3,88.0,ARTHUR M ANDERSON,IMO5025691,WDH7563,70,0,233,21,8.0,70,A
366972020,2021-07-24T13:02:21,47.57631,-87.96464,11.7,90.3,89.0,ARTHUR M ANDERSON,IMO5025691,WDH7563,70,0,233,21,8.0,70,A
366972020,2021-07-24T10:31:20,47.50158,-88.69618,11.9,77.2,76.0,ARTHUR M ANDERSON,IMO5025691,WDH7563,70,0,233,21,8.0,70,A
366972020,2021-07-24T12:30:20,47.57596,-88.12069,11.9,89.6,89.0,ARTHUR M ANDERSON,IMO5025691,WDH7563,70,0,233,21,8.0,70,A
366972020,2021-07-24T12:17:20,47.57562,-88.18385,11.7,89.2,87.0,ARTHUR M ANDERSON,IMO5025691,WDH7563,70,0,233,21,8.0,70,A
366972020,2021-07-24T12:31:30,47.57599,-88.11498,11.9,89.4,89.0,ARTHUR M ANDERSON,IMO5025691,WDH7563,70,0,233,21,8.0,70,A
366972020,2021-07-24T12:18:41,47.57569,-88.17734,11.7,89.0,88.0,ARTHUR M ANDERSON,IMO5025691,WDH7563,70,0,233,21,8.0,70,A
366972020,2021-07-24T13:09:20,47.57641,-87.93113,11.6,89.3,89.0,ARTHUR M ANDERSON,IMO5025691,WDH7563,70,0,233,21,8.0,70,A
366972020,2021-07-24T13:04:40,47.57631,-87.95348,11.6,89.8,89.0,ARTHUR M ANDERSON,IMO5025691,WDH7563,70,0,233,21,8.0,70,A
366972020,2021-07-24T12:33:49,47.57601,-88.10354,11.9,89.9,89.0,ARTHUR M ANDERSON,IMO5025691,WDH7563,70,0,233,21,8.0,70,A
366972020,2021-07-24T13:01:10,47.57632,-87.97035,11.7,89.8,89.0,ARTHUR M ANDERSON,IMO5025691,WDH7563,70,0,233,21,8.0,70,A
366972020,2021-07-24T06:24:00,47.33067,-89.84475,11.6,78.0,76.0,ARTHUR M ANDERSON,IMO5025691,WDH7563,70,0,233,21,8.0,70,A
366972020,2021-07-24T13:12:41,47.57652,-87.91503,11.7,89.6,89.0,ARTHUR M ANDERSON,IMO5025691,WDH7563,70,0,233,21,8.0,70,A
366972020,2021-07-24T13:05:50,47.57634,-87.94791,11.6,89.4,88.0,ARTHUR M ANDERSON,IMO5025691,WDH7563,70,0,233,21,8.0,70,A
366972020,2021-07-24T13:14:51,47.57652,-87.90458,11.7,90.1,90.0,ARTHUR M ANDERSON,IMO5025691,WDH7563,70,0,233,21,8.0,70,A
366972020,2021-07-24T12:38:20,47.57612,-88.0814,11.9,89.9,89.0,ARTHUR M ANDERSON,IMO5025691,WDH7563,70,0,233,21,8.0,70,A
366972020,2021-07-24T13:07:00,47.57637,-87.94232,11.6,89.7,89.0,ARTHUR M ANDERSON,IMO5025691,WDH7563,70,0,233,21,8.0,70,A
366972020,2021-07-24T12:39:29,47.57612,-88.07583,11.9,89.7,89.0,ARTHUR M ANDERSON,IMO5025691,WDH7563,70,0,233,21,8.0,70,A
366972020,2021-07-24T13:08:11,47.57638,-87.93664,11.6,89.8,89.0,ARTHUR M ANDERSON,IMO5025691,WDH7563,70,0,233,21,8.0,70,A
366972020,2021-07-24T06:29:50,47.3347,-89.8177,11.6,77.2,75.0,ARTHUR M ANDERSON,IMO5025691,WDH7563,70,0,233,21,8.0,70,A
366972020,2021-07-24T12:42:59,47.57621,-88.05872,11.9,89.7,89.0,ARTHUR M ANDERSON,IMO5025691,WDH7563,70,0,233,21,8.0,70,A
366972020,2021-07-24T13:10:29,47.57645,-87.92561,11.7,89.5,89.0,ARTHUR M ANDERSON,IMO5025691,WDH7563,70,0,233,21,8.0,70,A
366972020,2021-07-24T13:27:40,47.5765,-87.84295,11.7,89.9,89.0,ARTHUR M ANDERSON,IMO5025691,WDH7563,70,0,233,21,8.0,70,A
366972020,2021-07-24T13:18:20,47.57644,-87.88782,11.7,89.8,89.0,ARTHUR M ANDERSON,IMO5025691,WDH7563,70,0,233,21,8.0,70,A
366972020,2021-07-24T13:26:30,47.57649,-87.84854,11.7,89.9,89.0,ARTHUR M ANDERSON,IMO5025691,WDH7563,70,0,233,21,8.0,70,A
366972020,2021-07-24T13:19:29,47.57646,-87.88229,11.7,89.6,89.0,ARTHUR M ANDERSON,IMO5025691,WDH7563,70,0,233,21,8.0,70,A
366972020,2021-07-24T12:41:50,47.57617,-88.06434,11.9,89.4,89.0,ARTHUR M ANDERSON,IMO5025691,WDH7563,70,0,233,21,8.0,70,A
366972020,2021-07-24T13:28:50,47.57651,-87.83726,11.7,89.6,89.0,ARTHUR M ANDERSON,IMO5025691,WDH7563,70,0,233,21,8.0,70,A
366972020,2021-07-24T10:56:00,47.51922,-88.57792,12.0,77.3,76.0,ARTHUR M ANDERSON,IMO5025691,WDH7563,70,0,233,21,8.0,70,A
366972020,2021-07-24T12:55:49,47.57625,-87.99622,11.8,89.8,89.0,ARTHUR M ANDERSON,IMO5025691,WDH7563,70,0,233,21,8.0,70,A
366972020,2021-07-24T13:25:20,47.57648,-87.85413,11.7,89.4,88.0,ARTHUR M ANDERSON,IMO5025691,WDH7563,70,0,233,21,8.0,70,A
366972020,2021-07-24T12:50:00,47.57622,-88.0245,11.8,89.7,89.0,ARTHUR M ANDERSON,IMO5025691,WDH7563,70,0,233,21,8.0,70,A
366972020,2021-07-24T12:51:09,47.57622,-88.0189,11.8,89.9,89.0,ARTHUR M ANDERSON,IMO5025691,WDH7563,70,0,233,21,8.0,70,A
366972020,2021-07-24T13:42:20,47.57669,-87.77239,11.7,88.9,89.0,ARTHUR M ANDERSON,IMO5025691,WDH7563,70,0,233,21,8.0,70,A
366972020,2021-07-24T13:34:31,47.57653,-87.81002,11.7,90.3,89.0,ARTHUR M ANDERSON,IMO5025691,WDH7563,70,0,233,21,8.0,70,A
366972020,2021-07-24T11:04:59,47.52562,-88.53445,12.1,77.6,76.0,ARTHUR M ANDERSON,IMO5025691,WDH7563,70,0,233,21,8.0,70,A
366972020,2021-07-24T06:38:00,47.34027,-89.77982,11.6,77.5,75.0,ARTHUR M ANDERSON,IMO5025691,WDH7563,70,0,233,21,8.0,70,A
366972020,2021-07-24T13:38:00,47.57653,-87.79327,11.7,89.8,89.0,ARTHUR M ANDERSON,IMO5025691,WDH7563,70,0,233,21,8.0,70,A
366972020,2021-07-24T12:58:01,47.57623,-87.98556,11.7,89.9,89.0,ARTHUR M ANDERSON,IMO5025691,WDH7563,70,0,233,21,8.0,70,A
366972020,2021-07-24T13:35:41,47.57652,-87.80441,11.7,89.9,89.0,ARTHUR M ANDERSON,IMO5025691,WDH7563,70,0,233,21,8.0,70,A
366972020,2021-07-24T13:41:19,47.57663,-87.77731,11.7,89.1,88.0,ARTHUR M ANDERSON,IMO5025691,WDH7563,70,0,233,21,8.0,70,A
366972020,2021-07-24T13:39:09,47.57654,-87.78766,11.7,89.8,89.0,ARTHUR M ANDERSON,IMO5025691,WDH7563,70,0,233,21,8.0,70,A
366972020,2021-07-24T13:52:40,47.5767,-87.72258,11.7,90.1,89.0,ARTHUR M ANDERSON,IMO5025691,WDH7563,70,0,233,21,8.0,70,A
366972020,2021-07-24T13:40:10,47.57658,-87.78278,11.7,88.9,88.0,ARTHUR M ANDERSON,IMO5025691,WDH7563,70,0,233,21,8.0,70,A
366972020,2021-07-24T13:51:30,47.5767,-87.72821,11.7,90.2,89.0,ARTHUR M ANDERSON,IMO5025691,WDH7563,70,0,233,21,8.0,70,A
366972020,2021-07-24T13:57:29,47.57672,-87.69919,11.8,89.9,89.0,ARTHUR M ANDERSON,IMO5025691,WDH7563,70,0,233,21,8.0,70,A
366972020,2021-07-24T13:56:20,47.57671,-87.70479,11.8,89.8,89.0,ARTHUR M ANDERSON,IMO5025691,WDH7563,70,0,233,21,8.0,70,A
366972020,2021-07-24T13:48:00,47.57679,-87.74506,11.7,90.1,90.0,ARTHUR M ANDERSON,IMO5025691,WDH7563,70,0,233,21,8.0,70,A
366972020,2021-07-24T13:22:59,47.57643,-87.86543,11.7,90.2,89.0,ARTHUR M ANDERSON,IMO5025691,WDH7563,70,0,233,21,8.0,70,A
366972020,2021-07-24T13:49:09,47.57679,-87.73954,11.7,90.3,90.0,ARTHUR M ANDERSON,IMO5025691,WDH7563,70,0,233,21,8.0,70,A
366972020,2021-07-24T11:23:19,47.53894,-88.44525,12.1,77.5,76.0,ARTHUR M ANDERSON,IMO5025691,WDH7563,70,0,233,21,8.0,70,A
366972020,2021-07-24T11:25:41,47.54063,-88.43366,12.1,77.7,76.0,ARTHUR M ANDERSON,IMO5025691,WDH7563,70,0,233,21,8.0,70,A
366972020,2021-07-24T14:04:50,47.57681,-87.66363,11.7,89.3,88.0,ARTHUR M ANDERSON,IMO5025691,WDH7563,70,0,233,21,8.0,70,A
366972020,2021-07-24T13:31:10,47.57652,-87.8261,11.7,90.0,89.0,ARTHUR M ANDERSON,IMO5025691,WDH7563,70,0,233,21,8.0,70,A
366972020,2021-07-24T13:32:20,47.57652,-87.82049,11.7,89.8,89.0,ARTHUR M ANDERSON,IMO5025691,WDH7563,70,0,233,21,8.0,70,A
366972020,2021-07-24T06:48:21,47.3474,-89.73205,11.5,77.8,76.0,ARTHUR M ANDERSON,IMO5025691,WDH7563,70,0,233,21,8.0,70,A
366972020,2021-07-24T13:36:49,47.57652,-87.79895,11.7,89.7,89.0,ARTHUR M ANDERSON,IMO5025691,WDH7563,70,0,233,21,8.0,70,A
366972020,2021-07-24T11:34:50,47.54728,-88.3889,12.2,76.8,75.0,ARTHUR M ANDERSON,IMO5025691,WDH7563,70,0,233,21,8.0,70,A
366972020,2021-07-24T14:09:30,47.57682,-87.64113,11.7,90.3,90.0,ARTHUR M ANDERSON,IMO5025691,WDH7563,70,0,233,21,8.0,70,A
366972020,2021-07-24T06:54:09,47.35141,-89.70539,11.5,77.8,76.0,ARTHUR M ANDERSON,IMO5025691,WDH7563,70,0,233,21,8.0,70,A
366972020,2021-07-24T13:43:30,47.57675,-87.76675,11.7,88.7,89.0,ARTHUR M ANDERSON,IMO5025691,WDH7563,70,0,233,21,8.0,70,A
366972020,2021-07-24T13:46:50,47.57679,-87.75059,11.7,89.9,90.0,ARTHUR M ANDERSON,IMO5025691,WDH7563,70,0,233,21,8.0,70,A
366972020,2021-07-24T14:25:30,47.56968,-87.56602,11.6,112.5,111.0,ARTHUR M ANDERSON,IMO5025691,WDH7563,70,0,233,21,8.0,70,A
366972020,2021-07-24T14:26:39,47.56823,-87.56093,11.7,112.6,112.0,ARTHUR M ANDERSON,IMO5025691,WDH7563,70,0,233,21,8.0,70,A
366972020,2021-07-24T11:42:59,47.55324,-88.34897,12.1,77.4,76.0,ARTHUR M ANDERSON,IMO5025691,WDH7563,70,0,233,21,8.0,70,A
366972020,2021-07-24T14:20:59,47.57526,-87.58571,11.4,112.7,114.0,ARTHUR M ANDERSON,IMO5025691,WDH7563,70,0,233,21,8.0,70,A
366972020,2021-07-24T14:31:20,47.56227,-87.54019,11.7,113.7,113.0,ARTHUR M ANDERSON,IMO5025691,WDH7563,70,0,233,21,8.0,70,A
366972020,2021-07-24T07:08:19,47.3612,-89.64004,11.5,77.2,75.0,ARTHUR M ANDERSON,IMO5025691,WDH7563,70,0,233,21,8.0,70,A
366972020,2021-07-24T14:32:30,47.56076,-87.53504,11.7,113.0,112.0,ARTHUR M ANDERSON,IMO5025691,WDH7563,70,0,233,21,8.0,70,A
366972020,2021-07-24T14:22:10,47.57374,-87.58071,11.4,113.6,113.0,ARTHUR M ANDERSON,IMO5025691,WDH7563,70,0,233,21,8.0,70,A
366972020,2021-07-24T14:24:21,47.57108,-87.57113,11.6,111.9,111.0,ARTHUR M ANDERSON,IMO5025691,WDH7563,70,0,233,21,8.0,70,A
366972020,2021-07-24T14:30:10,47.56376,-87.54526,11.7,113.5,112.0,ARTHUR M ANDERSON,IMO5025691,WDH7563,70,0,233,21,8.0,70,A
366972020,2021-07-24T14:38:09,47.55356,-87.51006,11.7,113.1,112.0,ARTHUR M ANDERSON,IMO5025691,WDH7563,70,0,233,21,8.0,70,A
366972020,2021-07-24T13:50:20,47.57675,-87.73385,11.7,91.0,90.0,ARTHUR M ANDERSON,IMO5025691,WDH7563,70,0,233,21,8.0,70,A
366972020,2021-07-24T14:39:20,47.55205,-87.50482,11.7,113.2,112.0,ARTHUR M ANDERSON,IMO5025691,WDH7563,70,0,233,21,8.0,70,A
366972020,2021-07-24T14:28:59,47.56526,-87.5505,11.7,112.6,112.0,ARTHUR M ANDERSON,IMO5025691,WDH7563,70,0,233,21,8.0,70,A
366972020,2021-07-24T14:43:00,47.54738,-87.48855,11.7,113.0,112.0,ARTHUR M ANDERSON,IMO5025691,WDH7563,70,0,233,21,8.0,70,A
366972020,2021-07-24T13:58:39,47.57671,-87.69346,11.8,90.0,89.0,ARTHUR M ANDERSON,IMO5025691,WDH7563,70,0,233,21,8.0,70,A
366972020,2021-07-24T13:55:01,47.5767,-87.71117,11.8,89.9,89.0,ARTHUR M ANDERSON,IMO5025691,WDH7563,70,0,233,21,8.0,70,A
366972020,2021-07-24T14:44:10,47.54588,-87.48337,11.7,112.9,112.0,ARTHUR M ANDERSON,IMO5025691,WDH7563,70,0,233,21,8.0,70,A
366972020,2021-07-24T14:36:59,47.55506,-87.5152,11.7,113.1,112.0,ARTHUR M ANDERSON,IMO5025691,WDH7563,70,0,233,21,8.0,70,A
366972020,2021-07-24T13:59:50,47.57672,-87.68781,11.8,89.6,88.0,ARTHUR M ANDERSON,IMO5025691,WDH7563,70,0,233,21,8.0,70,A
366972020,2021-07-24T14:00:09,47.57673,-87.68619,11.8,89.7,88.0,ARTHUR M ANDERSON,IMO5025691,WDH7563,70,0,233,21,8.0,70,A
366972020,2021-07-24T12:01:10,47.56627,-88.261,11.9,77.2,75.0,ARTHUR M ANDERSON,IMO5025691,WDH7563,70,0,233,21,8.0,70,A
366972020,2021-07-24T14:46:30,47.5429,-87.47301,11.7,113.0,112.0,ARTHUR M ANDERSON,IMO5025691,WDH7563,70,0,233,21,8.0,70,A
366972020,2021-07-24T14:40:30,47.55057,-87.49964,11.7,112.5,111.0,ARTHUR M ANDERSON,IMO5025691,WDH7563,70,0,233,21,8.0,70,A
366972020,2021-07-24T14:02:29,47.57675,-87.67497,11.7,89.7,89.0,ARTHUR M ANDERSON,IMO5025691,WDH7563,70,0,233,21,8.0,70,A
366972020,2021-07-24T14:03:39,47.57677,-87.66926,11.7,89.4,88.0,ARTHUR M ANDERSON,IMO5025691,WDH7563,70,0,233,21,8.0,70,A
366972020,2021-07-24T14:41:40,47.54909,-87.49446,11.7,112.9,112.0,ARTHUR M ANDERSON,IMO5025691,WDH7563,70,0,233,21,8.0,70,A
366972020,2021-07-24T14:06:00,47.57684,-87.658,11.7,89.7,89.0,ARTHUR M ANDERSON,IMO5025691,WDH7563,70,0,233,21,8.0,70,A
366972020,2021-07-24T14:11:49,47.5768,-87.62984,11.8,89.7,89.0,ARTHUR M ANDERSON,IMO5025691,WDH7563,70,0,233,21,8.0,70,A
366972020,2021-07-24T14:13:00,47.57686,-87.62409,11.8,89.0,88.0,ARTHUR M ANDERSON,IMO5025691,WDH7563,70,0,233,21,8.0,70,A
366972020,2021-07-24T07:20:10,47.36944,-89.58532,11.5,77.3,76.0,ARTHUR M ANDERSON,IMO5025691,WDH7563,70,0,233,21,8.0,70,A
366972020,2021-07-24T15:03:31,47.52096,-87.39739,11.8,113.5,113.0,ARTHUR M ANDERSON,IMO5025691,WDH7563,70,0,233,21,8.0,70,A
366972020,2021-07-24T14:16:29,47.5769,-87.6072,11.8,90.1,90.0,ARTHUR M ANDERSON,IMO5025691,WDH7563,70,0,233,21,8.0,70,A
366972020,2021-07-24T14:55:50,47.53083,-87.4316,11.7,112.6,111.0,ARTHUR M ANDERSON,IMO5025691,WDH7563,70,0,233,21,8.0,70,A
366972020,2021-07-24T15:08:09,47.51496,-87.37681,11.8,112.5,112.0,ARTHUR M ANDERSON,IMO5025691,WDH7563,70,0,233,21,8.0,70,A
366972020,2021-07-24T12:21:00,47.57579,-88.16617,11.7,89.2,88.0,ARTHUR M ANDERSON,IMO5025691,WDH7563,70,0,233,21,8.0,70,A
366972020,2021-07-24T14:59:21,47.52634,-87.4159,11.7,113.2,112.0,ARTHUR M ANDERSON,IMO5025691,WDH7563,70,0,233,21,8.0,70,A
366972020,2021-07-24T07:23:30,47.37171,-89.56981,11.6,78.0,77.0,ARTHUR M ANDERSON,IMO5025691,WDH7563,70,0,233,21,8.0,70,A
366972020,2021-07-24T15:04:39,47.51947,-87.39237,11.8,113.5,113.0,ARTHUR M ANDERSON,IMO5025691,WDH7563,70,0,233,21,8.0,70,A
366972020,2021-07-24T15:05:49,47.51795,-87.38721,11.8,113.6,113.0,ARTHUR M ANDERSON,IMO5025691,WDH7563,70,0,233,21,8.0,70,A
366972020,2021-07-24T14:33:39,47.55932,-87.52993,11.7,112.7,111.0,ARTHUR M ANDERSON,IMO5025691,WDH7563,70,0,233,21,8.0,70,A
366972020,2021-07-24T15:17:19,47.5031,-87.33594,11.8,113.0,113.0,ARTHUR M ANDERSON,IMO5025691,WDH7563,70,0,233,21,8.0,70,A
366972020,2021-07-24T14:34:40,47.55803,-87.52534,11.7,112.8,112.0,ARTHUR M ANDERSON,IMO5025691,WDH7563,70,0,233,21,8.0,70,A
366972020,2021-07-24T15:20:40,47.49877,-87.32111,11.7,113.4,113.0,ARTHUR M ANDERSON,IMO5025691,WDH7563,70,0,233,21,8.0,70,A
366972020,2021-07-24T12:34:50,47.57605,-88.09864,11.9,88.9,88.0,ARTHUR M ANDERSON,IMO5025691,WDH7563,70,0,233,21,8.0,70,A
366972020,2021-07-24T15:16:09,47.50461,-87.34114,11.8,113.0,113.0,ARTHUR M ANDERSON,IMO5025691,WDH7563,70,0,233,21,8.0,70,A
366972020,2021-07-24T14:45:21,47.54438,-87.47811,11.7,112.9,112.0,ARTHUR M ANDERSON,IMO5025691,WDH7563,70,0,233,21,8.0,70,A
366972020,2021-07-24T15:21:49,47.49726,-87.31593,11.7,113.1,113.0,ARTHUR M ANDERSON,IMO5025691,WDH7563,70,0,233,21,8.0,70,A
366972020,2021-07-24T14:48:49,47.53986,-87.46266,11.7,113.4,112.0,ARTHUR M ANDERSON,IMO5025691,WDH7563,70,0,233,21,8.0,70,A
366972020,2021-07-24T15:33:30,47.48221,-87.26427,11.7,113.2,113.0,ARTHUR M ANDERSON,IMO5025691,WDH7563,70,0,233,21,8.0,70,A
366972020,2021-07-24T15:22:59,47.49577,-87.31085,11.7,113.1,113.0,ARTHUR M ANDERSON,IMO5025691,WDH7563,70,0,233,21,8.0,70,A
366972020,2021-07-24T15:24:09,47.49424,-87.30563,11.7,113.6,114.0,ARTHUR M ANDERSON,IMO5025691,WDH7563,70,0,233,21,8.0,70,A
366972020,2021-07-24T12:46:29,47.57619,-88.04164,11.8,89.9,89.0,ARTHUR M ANDERSON,IMO5025691,WDH7563,70,0,233,21,8.0,70,A
366972020,2021-07-24T15:38:09,47.47627,-87.24383,11.7,112.9,113.0,ARTHUR M ANDERSON,IMO5025691,WDH7563,70,0,233,21,8.0,70,A
366972020,2021-07-24T15:25:19,47.49275,-87.30052,11.7,113.0,113.0,ARTHUR M ANDERSON,IMO5025691,WDH7563,70,0,233,21,8.0,70,A
366972020,2021-07-24T14:53:31,47.53381,-87.4419,11.7,113.5,112.0,ARTHUR M ANDERSON,IMO5025691,WDH7563,70,0,233,21,8.0,70,A
366972020,2021-07-24T15:39:19,47.47477,-87.23868,11.7,113.6,114.0,ARTHUR M ANDERSON,IMO5025691,WDH7563,70,0,233,21,8.0,70,A
366972020,2021-07-24T15:27:40,47.48972,-87.29011,11.7,113.3,114.0,ARTHUR M ANDERSON,IMO5025691,WDH7563,70,0,233,21,8.0,70,A
366972020,2021-07-24T14:57:00,47.52935,-87.42639,11.8,112.9,112.0,ARTHUR M ANDERSON,IMO5025691,WDH7563,70,0,233,21,8.0,70,A
366972020,2021-07-24T14:58:10,47.52787,-87.42118,11.8,112.9,112.0,ARTHUR M ANDERSON,IMO5025691,WDH7563,70,0,233,21,8.0,70,A
366972020,2021-07-24T15:44:01,47.46877,-87.21795,11.6,113.0,113.0,ARTHUR M ANDERSON,IMO5025691,WDH7563,70,0,233,21,8.0,70,A
366972020,2021-07-24T15:32:21,47.48371,-87.26941,11.7,113.2,113.0,ARTHUR M ANDERSON,IMO5025691,WDH7563,70,0,233,21,8.0,70,A
366972020,2021-07-24T15:01:09,47.52402,-87.40791,11.8,113.4,113.0,ARTHUR M ANDERSON,IMO5025691,WDH7563,70,0,233,21,8.0,70,A
366972020,2021-07-24T15:46:19,47.46579,-87.20786,11.6,113.8,114.0,ARTHUR M ANDERSON,IMO5025691,WDH7563,70,0,233,21,8.0,70,A
366972020,2021-07-24T15:35:49,47.4792,-87.25415,11.7,113.2,113.0,ARTHUR M ANDERSON,IMO5025691,WDH7563,70,0,233,21,8.0,70,A
366972020,2021-07-24T15:06:59,47.51644,-87.38201,11.8,113.2,112.0,ARTHUR M ANDERSON,IMO5025691,WDH7563,70,0,233,21,8.0,70,A
366972020,2021-07-24T15:49:49,47.4613,-87.19251,11.6,112.9,113.0,ARTHUR M ANDERSON,IMO5025691,WDH7563,70,0,233,21,8.0,70,A
366972020,2021-07-24T15:51:00,47.45979,-87.18731,11.6,113.1,113.0,ARTHUR M ANDERSON,IMO5025691,WDH7563,70,0,233,21,8.0,70,A
366972020,2021-07-24T13:00:01,47.57629,-87.9759,11.7,89.6,89.0,ARTHUR M ANDERSON,IMO5025691,WDH7563,70,0,233,21,8.0,70,A
366972020,2021-07-24T15:12:40,47.50908,-87.35668,11.8,113.4,113.0,ARTHUR M ANDERSON,IMO5025691,WDH7563,70,0,233,21,8.0,70,A
366972020,2021-07-24T15:54:30,47.4553,-87.17194,11.7,112.8,113.0,ARTHUR M ANDERSON,IMO5025691,WDH7563,70,0,233,21,8.0,70,A
366972020,2021-07-24T15:58:00,47.45083,-87.15648,11.7,113.3,113.0,ARTHUR M ANDERSON,IMO5025691,WDH7563,70,0,233,21,8.0,70,A
366972020,2021-07-24T15:59:11,47.44931,-87.15128,11.7,113.2,114.0,ARTHUR M ANDERSON,IMO5025691,WDH7563,70,0,233,21,8.0,70,A
366972020,2021-07-24T16:00:00,47.44828,-87.14766,11.7,112.9,113.0,ARTHUR M ANDERSON,IMO5025691,WDH7563,70,0,233,21,8.0,70,A
366972020,2021-07-24T15:18:30,47.50157,-87.3307,11.7,113.4,113.0,ARTHUR M ANDERSON,IMO5025691,WDH7563,70,0,233,21,8.0,70,A
366972020,2021-07-24T13:11:30,47.57648,-87.92072,11.7,89.2,89.0,ARTHUR M ANDERSON,IMO5025691,WDH7563,70,0,233,21,8.0,70,A
366972020,2021-07-24T16:03:30,47.44376,-87.13225,11.6,113.3,114.0,ARTHUR M ANDERSON,IMO5025691,WDH7563,70,0,233,21,8.0,70,A
366972020,2021-07-24T16:04:40,47.44225,-87.12713,11.7,113.3,114.0,ARTHUR M ANDERSON,IMO5025691,WDH7563,70,0,233,21,8.0,70,A
366972020,2021-07-24T15:53:20,47.4568,-87.17708,11.6,113.4,114.0,ARTHUR M ANDERSON,IMO5025691,WDH7563,70,0,233,21,8.0,70,A
366972020,2021-07-24T16:06:59,47.43926,-87.11695,11.6,113.1,113.0,ARTHUR M ANDERSON,IMO5025691,WDH7563,70,0,233,21,8.0,70,A
366972020,2021-07-24T15:55:39,47.45384,-87.16686,11.7,113.2,113.0,ARTHUR M ANDERSON,IMO5025691,WDH7563,70,0,233,21,8.0,70,A
366972020,2021-07-24T13:15:59,47.57651,-87.89905,11.7,90.6,90.0,ARTHUR M ANDERSON,IMO5025691,WDH7563,70,0,233,21,8.0,70,A
366972020,2021-07-24T16:09:20,47.43626,-87.10664,11.6,113.4,114.0,ARTHUR M ANDERSON,IMO5025691,WDH7563,70,0,233,21,8.0,70,A
366972020,2021-07-24T15:56:49,47.45235,-87.1617,11.7,113.3,114.0,ARTHUR M ANDERSON,IMO5025691,WDH7563,70,0,233,21,8.0,70,A
366972020,2021-07-24T15:26:31,47.49121,-87.29519,11.7,112.8,113.0,ARTHUR M ANDERSON,IMO5025691,WDH7563,70,0,233,21,8.0,70,A
366972020,2021-07-24T13:17:09,47.57646,-87.89344,11.7,90.5,89.0,ARTHUR M ANDERSON,IMO5025691,WDH7563,70,0,233,21,8.0,70,A
366972020,2021-07-24T15:28:50,47.48822,-87.28494,11.7,113.2,113.0,ARTHUR M ANDERSON,IMO5025691,WDH7563,70,0,233,21,8.0,70,A
366972020,2021-07-24T16:11:40,47.43325,-87.09642,11.6,113.4,114.0,ARTHUR M ANDERSON,IMO5025691,WDH7563,70,0,233,21,8.0,70,A
366972020,2021-07-24T16:01:11,47.44676,-87.14243,11.7,113.1,114.0,ARTHUR M ANDERSON,IMO5025691,WDH7563,70,0,233,21,8.0,70,A
366972020,2021-07-24T15:34:39,47.48072,-87.25929,11.7,113.8,114.0,ARTHUR M ANDERSON,IMO5025691,WDH7563,70,0,233,21,8.0,70,A
366972020,2021-07-24T16:05:49,47.44076,-87.12207,11.6,113.4,114.0,ARTHUR M ANDERSON,IMO5025691,WDH7563,70,0,233,21,8.0,70,A
366972020,2021-07-24T07:49:49,47.38988,-89.44777,11.5,78.0,77.0,ARTHUR M ANDERSON,IMO5025691,WDH7563,70,0,233,21,8.0,70,A
366972020,2021-07-24T13:30:01,47.57652,-87.83162,11.7,89.8,89.0,ARTHUR M ANDERSON,IMO5025691,WDH7563,70,0,233,21,8.0,70,A
366972020,2021-07-24T16:25:31,47.41541,-87.03529,11.7,113.1,114.0,ARTHUR M ANDERSON,IMO5025691,WDH7563,70,0,233,21,8.0,70,A
366972020,2021-07-24T13:33:30,47.57654,-87.8149,11.7,90.0,89.0,ARTHUR M ANDERSON,IMO5025691,WDH7563,70,0,233,21,8.0,70,A
366972020,2021-07-24T16:16:19,47.42726,-87.076,11.7,112.5,113.0,ARTHUR M ANDERSON,IMO5025691,WDH7563,70,0,233,21,8.0,70,A
366972020,2021-07-24T15:47:30,47.46426,-87.20267,11.6,113.2,113.0,ARTHUR M ANDERSON,IMO5025691,WDH7563,70,0,233,21,8.0,70,A
366972020,2021-07-24T16:31:10,47.40807,-87.01028,11.7,113.7,115.0,ARTHUR M ANDERSON,IMO5025691,WDH7563,70,0,233,21,8.0,70,A
366972020,2021-07-24T07:55:59,47.39399,-89.41923,11.5,77.8,77.0,ARTHUR M ANDERSON,IMO5025691,WDH7563,70,0,233,21,8.0,70,A
366972020,2021-07-24T16:19:51,47.42271,-87.0604,11.7,113.2,114.0,ARTHUR M ANDERSON,IMO5025691,WDH7563,70,0,233,21,8.0,70,A
366972020,2021-07-24T16:23:11,47.41842,-87.04565,11.8,113.4,114.0,ARTHUR M ANDERSON,IMO5025691,WDH7563,70,0,233,21,8.0,70,A
366972020,2021-07-24T16:27:40,47.41262,-87.02576,11.7,113.2,114.0,ARTHUR M ANDERSON,IMO5025691,WDH7563,70,0,233,21,8.0,70,A
366972020,2021-07-24T16:41:50,47.39424,-86.96304,11.7,113.1,114.0,ARTHUR M ANDERSON,IMO5025691,WDH7563,70,0,233,21,8.0,70,A
366972020,2021-07-24T16:02:20,47.44528,-87.13737,11.7,113.5,114.0,ARTHUR M ANDERSON,IMO5025691,WDH7563,70,0,233,21,8.0,70,A
366972020,2021-07-24T16:43:00,47.39274,-86.9579,11.7,113.0,114.0,ARTHUR M ANDERSON,IMO5025691,WDH7563,70,0,233,21,8.0,70,A
366972020,2021-07-24T16:44:10,47.39122,-86.95267,11.7,113.2,114.0,ARTHUR M ANDERSON,IMO5025691,WDH7563,70,0,233,21,8.0,70,A
366972020,2021-07-24T16:33:29,47.40505,-87.00003,11.8,113.1,114.0,ARTHUR M ANDERSON,IMO5025691,WDH7563,70,0,233,21,8.0,70,A
366972020,2021-07-24T16:35:49,47.40203,-86.98968,11.7,113.4,114.0,ARTHUR M ANDERSON,IMO5025691,WDH7563,70,0,233,21,8.0,70,A
366972020,2021-07-24T08:07:00,47.40161,-89.36823,11.5,77.8,77.0,ARTHUR M ANDERSON,IMO5025691,WDH7563,70,0,233,21,8.0,70,A
366972020,2021-07-24T16:15:09,47.42875,-87.08115,11.6,113.4,114.0,ARTHUR M ANDERSON,IMO5025691,WDH7563,70,0,233,21,8.0,70,A
366972020,2021-07-24T16:45:20,47.38973,-86.9476,11.7,113.3,114.0,ARTHUR M ANDERSON,IMO5025691,WDH7563,70,0,233,21,8.0,70,A
366972020,2021-07-24T16:52:29,47.38047,-86.91611,11.6,113.2,114.0,ARTHUR M ANDERSON,IMO5025691,WDH7563,70,0,233,21,8.0,70,A
366972020,2021-07-24T08:10:30,47.40398,-89.35211,11.5,77.4,76.0,ARTHUR M ANDERSON,IMO5025691,WDH7563,70,0,233,21,8.0,70,A
366972020,2021-07-24T16:17:29,47.42579,-87.07086,11.7,113.2,114.0,ARTHUR M ANDERSON,IMO5025691,WDH7563,70,0,233,21,8.0,70,A
366972020,2021-07-24T16:57:09,47.37465,-86.89561,11.6,112.9,113.0,ARTHUR M ANDERSON,IMO5025691,WDH7563,70,0,233,21,8.0,70,A
366972020,2021-07-24T16:18:40,47.42425,-87.06565,11.7,113.8,114.0,ARTHUR M ANDERSON,IMO5025691,WDH7563,70,0,233,21,8.0,70,A
366972020,2021-07-24T16:20:59,47.42126,-87.05539,11.7,113.1,114.0,ARTHUR M ANDERSON,IMO5025691,WDH7563,70,0,233,21,8.0,70,A
366972020,2021-07-24T16:50:10,47.38345,-86.9263,11.7,112.9,113.0,ARTHUR M ANDERSON,IMO5025691,WDH7563,70,0,233,21,8.0,70,A
366972020,2021-07-24T16:59:30,47.37163,-86.88523,11.6,113.4,114.0,ARTHUR M ANDERSON,IMO5025691,WDH7563,70,0,233,21,8.0,70,A
366972020,2021-07-24T16:22:09,47.41976,-87.05021,11.8,113.4,114.0,ARTHUR M ANDERSON,IMO5025691,WDH7563,70,0,233,21,8.0,70,A
366972020,2021-07-24T16:51:20,47.38194,-86.92117,11.6,113.1,114.0,ARTHUR M ANDERSON,IMO5025691,WDH7563,70,0,233,21,8.0,70,A
366972020,2021-07-24T17:02:19,47.36803,-86.87298,11.6,113.1,113.0,ARTHUR M ANDERSON,IMO5025691,WDH7563,70,0,233,21,8.0,70,A
366972020,2021-07-24T16:55:59,47.37608,-86.90066,11.6,112.5,113.0,ARTHUR M ANDERSON,IMO5025691,WDH7563,70,0,233,21,8.0,70,A
366972020,2021-07-24T16:30:00,47.40961,-87.01543,11.7,113.3,114.0,ARTHUR M ANDERSON,IMO5025691,WDH7563,70,0,233,21,8.0,70,A
366972020,2021-07-24T17:05:39,47.36379,-86.85833,11.6,113.3,114.0,ARTHUR M ANDERSON,IMO5025691,WDH7563,70,0,233,21,8.0,70,A
366972020,2021-07-24T17:06:40,47.36247,-86.8539,11.6,113.8,114.0,ARTHUR M ANDERSON,IMO5025691,WDH7563,70,0,233,21,8.0,70,A
366972020,2021-07-24T14:07:10,47.57687,-87.65238,11.7,89.8,89.0,ARTHUR M ANDERSON,IMO5025691,WDH7563,70,0,233,21,8.0,70,A
366972020,2021-07-24T14:08:20,47.57685,-87.64677,11.7,90.3,90.0,ARTHUR M ANDERSON,IMO5025691,WDH7563,70,0,233,21,8.0,70,A
366972020,2021-07-24T16:32:20,47.40654,-87.00512,11.7,113.4,114.0,ARTHUR M ANDERSON,IMO5025691,WDH7563,70,0,233,21,8.0,70,A
366972020,2021-07-24T17:12:39,47.35481,-86.8276,11.7,113.0,114.0,ARTHUR M ANDERSON,IMO5025691,WDH7563,70,0,233,21,8.0,70,A
366972020,2021-07-24T14:10:39,47.57681,-87.63557,11.7,90.2,90.0,ARTHUR M ANDERSON,IMO5025691,WDH7563,70,0,233,21,8.0,70,A
366972020,2021-07-24T17:15:00,47.35177,-86.81717,11.7,113.4,114.0,ARTHUR M ANDERSON,IMO5025691,WDH7563,70,0,233,21,8.0,70,A
366972020,2021-07-24T17:16:09,47.35029,-86.8122,11.7,113.8,114.0,ARTHUR M ANDERSON,IMO5025691,WDH7563,70,0,233,21,8.0,70,A
366972020,2021-07-24T14:14:11,47.57689,-87.61841,11.8,89.6,89.0,ARTHUR M ANDERSON,IMO5025691,WDH7563,70,0,233,21,8.0,70,A
366972020,2021-07-24T16:36:59,47.40052,-86.98452,11.8,113.0,114.0,ARTHUR M ANDERSON,IMO5025691,WDH7563,70,0,233,21,8.0,70,A
366972020,2021-07-24T17:13:50,47.35329,-86.82238,11.7,113.0,113.0,ARTHUR M ANDERSON,IMO5025691,WDH7563,70,0,233,21,8.0,70,A
366972020,2021-07-24T16:39:19,47.39752,-86.97416,11.7,113.5,114.0,ARTHUR M ANDERSON,IMO5025691,WDH7563,70,0,233,21,8.0,70,A
366972020,2021-07-24T14:17:39,47.5769,-87.60141,11.9,90.4,90.0,ARTHUR M ANDERSON,IMO5025691,WDH7563,70,0,233,21,8.0,70,A
366972020,2021-07-24T08:16:20,47.40795,-89.32529,11.4,77.9,77.0,ARTHUR M ANDERSON,IMO5025691,WDH7563,70,0,233,21,8.0,70,A
366972020,2021-07-24T16:40:40,47.39576,-86.96819,11.7,113.3,114.0,ARTHUR M ANDERSON,IMO5025691,WDH7563,70,0,233,21,8.0,70,A
366972020,2021-07-24T17:21:00,47.34408,-86.79082,11.7,112.7,113.0,ARTHUR M ANDERSON,IMO5025691,WDH7563,70,0,233,21,8.0,70,A
366972020,2021-07-24T14:19:53,47.57648,-87.59068,11.7,102.7,103.0,ARTHUR M ANDERSON,IMO5025691,WDH7563,70,0,233,21,8.0,70,A
366972020,2021-07-24T17:18:40,47.34702,-86.80112,11.7,112.9,113.0,ARTHUR M ANDERSON,IMO5025691,WDH7563,70,0,233,21,8.0,70,A
366972020,2021-07-24T17:10:20,47.35777,-86.83779,11.7,113.0,114.0,ARTHUR M ANDERSON,IMO5025691,WDH7563,70,0,233,21,8.0,70,A
366972020,2021-07-24T14:23:20,47.57229,-87.57555,11.5,112.1,111.0,ARTHUR M ANDERSON,IMO5025691,WDH7563,70,0,233,21,8.0,70,A
366972020,2021-07-24T17:11:30,47.35628,-86.83267,11.7,113.3,114.0,ARTHUR M ANDERSON,IMO5025691,WDH7563,70,0,233,21,8.0,70,A
366972020,2021-07-24T17:24:30,47.33958,-86.77541,11.7,113.5,114.0,ARTHUR M ANDERSON,IMO5025691,WDH7563,70,0,233,21,8.0,70,A
366972020,2021-07-24T08:18:40,47.40955,-89.31461,11.4,77.7,77.0,ARTHUR M ANDERSON,IMO5025691,WDH7563,70,0,233,21,8.0,70,A
366972020,2021-07-24T14:27:50,47.56673,-87.55568,11.7,112.5,112.0,ARTHUR M ANDERSON,IMO5025691,WDH7563,70,0,233,21,8.0,70,A
366972020,2021-07-24T17:27:59,47.33508,-86.76006,11.7,113.0,113.0,ARTHUR M ANDERSON,IMO5025691,WDH7563,70,0,233,21,8.0,70,A
366972020,2021-07-24T17:32:49,47.32887,-86.73872,11.7,113.3,113.0,ARTHUR M ANDERSON,IMO5025691,WDH7563,70,0,233,21,8.0,70,A
366972020,2021-07-24T16:53:40,47.37898,-86.91091,11.6,112.7,113.0,ARTHUR M ANDERSON,IMO5025691,WDH7563,70,0,233,21,8.0,70,A
366972020,2021-07-24T16:54:51,47.37751,-86.9057,11.6,112.6,113.0,ARTHUR M ANDERSON,IMO5025691,WDH7563,70,0,233,21,8.0,70,A
366972020,2021-07-24T17:23:20,47.34109,-86.78054,11.7,113.2,113.0,ARTHUR M ANDERSON,IMO5025691,WDH7563,70,0,233,21,8.0,70,A
366972020,2021-07-24T17:25:40,47.33807,-86.77027,11.7,113.5,114.0,ARTHUR M ANDERSON,IMO5025691,WDH7563,70,0,233,21,8.0,70,A
366972020,2021-07-24T16:59:59,47.37101,-86.88311,11.6,113.4,114.0,ARTHUR M ANDERSON,IMO5025691,WDH7563,70,0,233,21,8.0,70,A
366972020,2021-07-24T17:37:39,47.32258,-86.71741,11.7,113.2,113.0,ARTHUR M ANDERSON,IMO5025691,WDH7563,70,0,233,21,8.0,70,A
366972020,2021-07-24T17:38:51,47.32102,-86.7121,11.7,113.0,113.0,ARTHUR M ANDERSON,IMO5025691,WDH7563,70,0,233,21,8.0,70,A
366972020,2021-07-24T17:03:30,47.3665,-86.86769,11.6,113.2,114.0,ARTHUR M ANDERSON,IMO5025691,WDH7563,70,0,233,21,8.0,70,A
366972020,2021-07-24T17:41:09,47.31808,-86.7019,11.8,113.2,113.0,ARTHUR M ANDERSON,IMO5025691,WDH7563,70,0,233,21,8.0,70,A
366972020,2021-07-24T17:43:19,47.3153,-86.69232,11.7,113.3,113.0,ARTHUR M ANDERSON,IMO5025691,WDH7563,70,0,233,21,8.0,70,A
366972020,2021-07-24T17:48:00,47.30922,-86.67158,11.8,113.4,113.0,ARTHUR M ANDERSON,IMO5025691,WDH7563,70,0,233,21,8.0,70,A
366972020,2021-07-24T14:52:19,47.53535,-87.44715,11.7,113.2,112.0,ARTHUR M ANDERSON,IMO5025691,WDH7563,70,0,233,21,8.0,70,A
366972020,2021-07-24T17:42:10,47.31677,-86.69742,11.7,113.0,113.0,ARTHUR M ANDERSON,IMO5025691,WDH7563,70,0,233,21,8.0,70,A
366972020,2021-07-24T17:17:19,47.34875,-86.80708,11.7,113.5,114.0,ARTHUR M ANDERSON,IMO5025691,WDH7563,70,0,233,21,8.0,70,A
366972020,2021-07-24T17:55:00,47.30017,-86.64069,11.7,113.3,112.0,ARTHUR M ANDERSON,IMO5025691,WDH7563,70,0,233,21,8.0,70,A
366972020,2021-07-24T17:45:40,47.31224,-86.68191,11.8,113.3,113.0,ARTHUR M ANDERSON,IMO5025691,WDH7563,70,0,233,21,8.0,70,A
366972020,2021-07-24T17:46:50,47.31073,-86.67675,11.8,113.3,113.0,ARTHUR M ANDERSON,IMO5025691,WDH7563,70,0,233,21,8.0,70,A
366972020,2021-07-24T17:19:50,47.34555,-86.79597,11.7,112.7,113.0,ARTHUR M ANDERSON,IMO5025691,WDH7563,70,0,233,21,8.0,70,A
366972020,2021-07-24T18:01:10,47.29227,-86.61357,11.6,113.6,112.0,ARTHUR M ANDERSON,IMO5025691,WDH7563,70,0,233,21,8.0,70,A
366972020,2021-07-24T17:30:29,47.33185,-86.74904,11.7,112.9,113.0,ARTHUR M ANDERSON,IMO5025691,WDH7563,70,0,233,21,8.0,70,A
366972020,2021-07-24T18:10:20,47.28057,-86.57375,11.5,113.1,112.0,ARTHUR M ANDERSON,IMO5025691,WDH7563,70,0,233,21,8.0,70,A
366972020,2021-07-24T17:29:19,47.33335,-86.75419,11.7,113.5,114.0,ARTHUR M ANDERSON,IMO5025691,WDH7563,70,0,233,21,8.0,70,A
366972020,2021-07-24T17:57:19,47.29721,-86.63047,11.7,112.7,112.0,ARTHUR M ANDERSON,IMO5025691,WDH7563,70,0,233,21,8.0,70,A
366972020,2021-07-24T18:11:30,47.2791,-86.56869,11.5,113.3,112.0,ARTHUR M ANDERSON,IMO5025691,WDH7563,70,0,233,21,8.0,70,A
366972020,2021-07-24T17:31:39,47.33037,-86.74388,11.7,112.7,113.0,ARTHUR M ANDERSON,IMO5025691,WDH7563,70,0,233,21,8.0,70,A
366972020,2021-07-24T17:34:00,47.32734,-86.73351,11.7,113.1,113.0,ARTHUR M ANDERSON,IMO5025691,WDH7563,70,0,233,21,8.0,70,A
366972020,2021-07-24T18:15:00,47.27472,-86.55349,11.5,113.3,112.0,ARTHUR M ANDERSON,IMO5025691,WDH7563,70,0,233,21,8.0,70,A
366972020,2021-07-24T18:02:19,47.29078,-86.60856,11.6,113.3,112.0,ARTHUR M ANDERSON,IMO5025691,WDH7563,70,0,233,21,8.0,70,A
366972020,2021-07-24T18:03:20,47.28949,-86.60411,11.6,112.7,111.0,ARTHUR M ANDERSON,IMO5025691,WDH7563,70,0,233,21,8.0,70,A
366972020,2021-07-24T15:10:19,47.51213,-87.36708,11.8,113.4,113.0,ARTHUR M ANDERSON,IMO5025691,WDH7563,70,0,233,21,8.0,70,A
366972020,2021-07-24T15:11:30,47.51061,-87.36187,11.8,113.4,113.0,ARTHUR M ANDERSON,IMO5025691,WDH7563,70,0,233,21,8.0,70,A
366972020,2021-07-24T18:06:49,47.28499,-86.58893,11.5,114.0,113.0,ARTHUR M ANDERSON,IMO5025691,WDH7563,70,0,233,21,8.0,70,A
366972020,2021-07-24T18:19:40,47.26879,-86.53329,11.5,113.4,112.0,ARTHUR M ANDERSON,IMO5025691,WDH7563,70,0,233,21,8.0,70,A
366972020,2021-07-24T18:08:00,47.28351,-86.58387,11.5,112.9,111.0,ARTHUR M ANDERSON,IMO5025691,WDH7563,70,0,233,21,8.0,70,A
366972020,2021-07-24T18:09:11,47.28202,-86.57873,11.5,113.2,112.0,ARTHUR M ANDERSON,IMO5025691,WDH7563,70,0,233,21,8.0,70,A
366972020,2021-07-24T15:14:59,47.5061,-87.34634,11.8,113.0,113.0,ARTHUR M ANDERSON,IMO5025691,WDH7563,70,0,233,21,8.0,70,A
366972020,2021-07-24T18:16:09,47.27324,-86.54846,11.5,113.1,112.0,ARTHUR M ANDERSON,IMO5025691,WDH7563,70,0,233,21,8.0,70,A
366972020,2021-07-24T17:49:10,47.30771,-86.66642,11.7,113.0,112.0,ARTHUR M ANDERSON,IMO5025691,WDH7563,70,0,233,21,8.0,70,A
366972020,2021-07-24T17:50:19,47.30623,-86.66133,11.7,113.4,112.0,ARTHUR M ANDERSON,IMO5025691,WDH7563,70,0,233,21,8.0,70,A
366972020,2021-07-24T18:21:51,47.26611,-86.52393,11.4,112.8,111.0,ARTHUR M ANDERSON,IMO5025691,WDH7563,70,0,233,21,8.0,70,A
366972020,2021-07-24T08:34:49,47.42049,-89.24068,11.5,77.7,77.0,ARTHUR M ANDERSON,IMO5025691,WDH7563,70,0,233,21,8.0,70,A
366972020,2021-07-24T18:17:20,47.27175,-86.54343,11.5,113.4,112.0,ARTHUR M ANDERSON,IMO5025691,WDH7563,70,0,233,21,8.0,70,A
366972020,2021-07-24T18:33:20,47.25168,-86.47464,11.4,113.4,111.0,ARTHUR M ANDERSON,IMO5025691,WDH7563,70,0,233,21,8.0,70,A
366972020,2021-07-24T18:25:19,47.26173,-86.50905,11.4,112.8,111.0,ARTHUR M ANDERSON,IMO5025691,WDH7563,70,0,233,21,8.0,70,A
366972020,2021-07-24T17:53:50,47.30165,-86.64574,11.7,113.3,112.0,ARTHUR M ANDERSON,IMO5025691,WDH7563,70,0,233,21,8.0,70,A
366972020,2021-07-24T15:30:01,47.48672,-87.27971,11.7,112.9,113.0,ARTHUR M ANDERSON,IMO5025691,WDH7563,70,0,233,21,8.0,70,A
366972020,2021-07-24T18:38:00,47.24581,-86.45467,11.4,113.1,111.0,ARTHUR M ANDERSON,IMO5025691,WDH7563,70,0,233,21,8.0,70,A
366972020,2021-07-24T17:58:30,47.2957,-86.62528,11.7,113.0,112.0,ARTHUR M ANDERSON,IMO5025691,WDH7563,70,0,233,21,8.0,70,A
366972020,2021-07-24T18:26:31,47.26022,-86.5039,11.4,113.2,112.0,ARTHUR M ANDERSON,IMO5025691,WDH7563,70,0,233,21,8.0,70,A
366972020,2021-07-24T08:38:19,47.42289,-89.22455,11.5,77.1,76.0,ARTHUR M ANDERSON,IMO5025691,WDH7563,70,0,233,21,8.0,70,A
366972020,2021-07-24T18:35:40,47.24871,-86.4646,11.4,113.2,111.0,ARTHUR M ANDERSON,IMO5025691,WDH7563,70,0,233,21,8.0,70,A
366972020,2021-07-24T18:45:00,47.23703,-86.42454,11.4,112.8,111.0,ARTHUR M ANDERSON,IMO5025691,WDH7563,70,0,233,21,8.0,70,A
366972020,2021-07-24T18:46:09,47.23556,-86.41959,11.4,113.6,112.0,ARTHUR M ANDERSON,IMO5025691,WDH7563,70,0,233,21,8.0,70,A
366972020,2021-07-24T15:36:59,47.47774,-87.24899,11.7,112.6,112.0,ARTHUR M ANDERSON,IMO5025691,WDH7563,70,0,233,21,8.0,70,A
366972020,2021-07-24T18:30:01,47.25587,-86.48885,11.4,113.6,112.0,ARTHUR M ANDERSON,IMO5025691,WDH7563,70,0,233,21,8.0,70,A
366972020,2021-07-24T18:05:39,47.28652,-86.59396,11.6,114.1,113.0,ARTHUR M ANDERSON,IMO5025691,WDH7563,70,0,233,21,8.0,70,A
366972020,2021-07-24T15:41:39,47.47174,-87.22843,11.7,113.1,113.0,ARTHUR M ANDERSON,IMO5025691,WDH7563,70,0,233,21,8.0,70,A
366972020,2021-07-24T15:42:49,47.47025,-87.22319,11.7,112.6,113.0,ARTHUR M ANDERSON,IMO5025691,WDH7563,70,0,233,21,8.0,70,A
366972020,2021-07-24T18:34:29,47.25022,-86.46972,11.4,113.9,112.0,ARTHUR M ANDERSON,IMO5025691,WDH7563,70,0,233,21,8.0,70,A
366972020,2021-07-24T18:55:29,47.22387,-86.37956,11.4,112.8,111.0,ARTHUR M ANDERSON,IMO5025691,WDH7563,70,0,233,21,8.0,70,A
366972020,2021-07-24T18:47:19,47.23409,-86.41459,11.4,113.0,111.0,ARTHUR M ANDERSON,IMO5025691,WDH7563,70,0,233,21,8.0,70,A
366972020,2021-07-24T18:36:49,47.24728,-86.45975,11.4,113.1,111.0,ARTHUR M ANDERSON,IMO5025691,WDH7563,70,0,233,21,8.0,70,A
366972020,2021-07-24T18:43:49,47.2385,-86.42963,11.4,112.8,111.0,ARTHUR M ANDERSON,IMO5025691,WDH7563,70,0,233,21,8.0,70,A
366972020,2021-07-24T15:48:39,47.46277,-87.19757,11.6,112.9,113.0,ARTHUR M ANDERSON,IMO5025691,WDH7563,70,0,233,21,8.0,70,A
366972020,2021-07-24T18:18:30,47.27028,-86.53838,11.5,113.1,112.0,ARTHUR M ANDERSON,IMO5025691,WDH7563,70,0,233,21,8.0,70,A
366972020,2021-07-24T18:49:39,47.23116,-86.40457,11.4,113.2,111.0,ARTHUR M ANDERSON,IMO5025691,WDH7563,70,0,233,21,8.0,70,A
366972020,2021-07-24T15:52:09,47.45833,-87.18225,11.6,113.4,114.0,ARTHUR M ANDERSON,IMO5025691,WDH7563,70,0,233,21,8.0,70,A
366972020,2021-07-24T18:42:40,47.23993,-86.43461,11.5,113.4,111.0,ARTHUR M ANDERSON,IMO5025691,WDH7563,70,0,233,21,8.0,70,A
366972020,2021-07-24T18:23:00,47.26465,-86.519,11.4,113.7,112.0,ARTHUR M ANDERSON,IMO5025691,WDH7563,70,0,233,21,8.0,70,A
366972020,2021-07-24T18:58:00,47.22074,-86.36875,11.4,113.5,112.0,ARTHUR M ANDERSON,IMO5025691,WDH7563,70,0,233,21,8.0,70,A
366972020,2021-07-24T18:20:41,47.26755,-86.52897,11.4,112.6,111.0,ARTHUR M ANDERSON,IMO5025691,WDH7563,70,0,233,21,8.0,70,A
366972020,2021-07-24T19:10:30,47.20504,-86.3155,11.3,113.7,113.0,ARTHUR M ANDERSON,IMO5025691,WDH7563,70,0,233,21,8.0,70,A
366972020,2021-07-24T18:27:40,47.25877,-86.49889,11.4,112.8,111.0,ARTHUR M ANDERSON,IMO5025691,WDH7563,70,0,233,21,8.0,70,A
366972020,2021-07-24T18:50:49,47.22968,-86.3995,11.4,113.4,112.0,ARTHUR M ANDERSON,IMO5025691,WDH7563,70,0,233,21,8.0,70,A
366972020,2021-07-24T18:56:49,47.22221,-86.37375,11.4,112.6,111.0,ARTHUR M ANDERSON,IMO5025691,WDH7563,70,0,233,21,8.0,70,A
366972020,2021-07-24T18:24:10,47.26317,-86.514,11.4,113.3,112.0,ARTHUR M ANDERSON,IMO5025691,WDH7563,70,0,233,21,8.0,70,A
366972020,2021-07-24T18:52:00,47.22821,-86.39451,11.4,113.3,111.0,ARTHUR M ANDERSON,IMO5025691,WDH7563,70,0,233,21,8.0,70,A
366972020,2021-07-24T18:31:09,47.25444,-86.48399,11.4,113.1,111.0,ARTHUR M ANDERSON,IMO5025691,WDH7563,70,0,233,21,8.0,70,A
366972020,2021-07-24T19:02:19,47.21533,-86.35032,11.3,113.6,112.0,ARTHUR M ANDERSON,IMO5025691,WDH7563,70,0,233,21,8.0,70,A
366972020,2021-07-24T18:28:50,47.25735,-86.49393,11.4,112.7,111.0,ARTHUR M ANDERSON,IMO5025691,WDH7563,70,0,233,21,8.0,70,A
366972020,2021-07-24T19:04:40,47.21238,-86.34029,11.3,113.0,112.0,ARTHUR M ANDERSON,IMO5025691,WDH7563,70,0,233,21,8.0,70,A
366972020,2021-07-24T19:11:40,47.20361,-86.31053,11.3,112.7,112.0,ARTHUR M ANDERSON,IMO5025691,WDH7563,70,0,233,21,8.0,70,A
366972020,2021-07-24T19:07:01,47.20946,-86.33028,11.3,113.2,112.0,ARTHUR M ANDERSON,IMO5025691,WDH7563,70,0,233,21,8.0,70,A
366972020,2021-07-24T08:49:50,47.43088,-89.17112,11.6,77.5,77.0,ARTHUR M ANDERSON,IMO5025691,WDH7563,70,0,233,21,8.0,70,A
366972020,2021-07-24T16:10:30,47.43476,-87.10153,11.6,113.5,114.0,ARTHUR M ANDERSON,IMO5025691,WDH7563,70,0,233,21,8.0,70,A
366972020,2021-07-24T19:18:39,47.19489,-86.28083,11.3,113.2,112.0,ARTHUR M ANDERSON,IMO5025691,WDH7563,70,0,233,21,8.0,70,A
366972020,2021-07-24T19:31:21,47.17911,-86.22701,11.3,113.2,113.0,ARTHUR M ANDERSON,IMO5025691,WDH7563,70,0,233,21,8.0,70,A
366972020,2021-07-24T18:39:10,47.24435,-86.44967,11.4,113.3,111.0,ARTHUR M ANDERSON,IMO5025691,WDH7563,70,0,233,21,8.0,70,A
366972020,2021-07-24T16:14:00,47.43024,-87.08618,11.6,113.6,114.0,ARTHUR M ANDERSON,IMO5025691,WDH7563,70,0,233,21,8.0,70,A
366972020,2021-07-24T19:34:50,47.17477,-86.21216,11.3,112.8,112.0,ARTHUR M ANDERSON,IMO5025691,WDH7563,70,0,233,21,8.0,70,A
366972020,2021-07-24T19:38:21,47.17041,-86.19719,11.3,113.1,113.0,ARTHUR M ANDERSON,IMO5025691,WDH7563,70,0,233,21,8.0,70,A
366972020,2021-07-24T19:25:40,47.18617,-86.25113,11.3,113.9,114.0,ARTHUR M ANDERSON,IMO5025691,WDH7563,70,0,233,21,8.0,70,A
366972020,2021-07-24T19:28:01,47.18327,-86.24116,11.3,113.3,113.0,ARTHUR M ANDERSON,IMO5025691,WDH7563,70,0,233,21,8.0,70,A
366972020,2021-07-24T19:45:20,47.16165,-86.16742,11.4,112.9,113.0,ARTHUR M ANDERSON,IMO5025691,WDH7563,70,0,233,21,8.0,70,A
366972020,2021-07-24T19:47:39,47.15877,-86.15748,11.4,113.3,113.0,ARTHUR M ANDERSON,IMO5025691,WDH7563,70,0,233,21,8.0,70,A
366972020,2021-07-24T16:28:50,47.41112,-87.02059,11.7,113.4,114.0,ARTHUR M ANDERSON,IMO5025691,WDH7563,70,0,233,21,8.0,70,A
366972020,2021-07-24T18:59:10,47.21927,-86.36376,11.4,113.6,112.0,ARTHUR M ANDERSON,IMO5025691,WDH7563,70,0,233,21,8.0,70,A
366972020,2021-07-24T19:52:20,47.15296,-86.13724,11.5,112.8,112.0,ARTHUR M ANDERSON,IMO5025691,WDH7563,70,0,233,21,8.0,70,A
366972020,2021-07-24T19:35:59,47.17335,-86.20727,11.3,112.9,113.0,ARTHUR M ANDERSON,IMO5025691,WDH7563,70,0,233,21,8.0,70,A
366972020,2021-07-24T19:17:30,47.19631,-86.2857,11.3,113.0,112.0,ARTHUR M ANDERSON,IMO5025691,WDH7563,70,0,233,21,8.0,70,A
366972020,2021-07-24T09:00:11,47.43802,-89.12292,11.6,77.6,77.0,ARTHUR M ANDERSON,IMO5025691,WDH7563,70,0,233,21,8.0,70,A
366972020,2021-07-24T16:34:40,47.40352,-86.99477,11.8,113.3,114.0,ARTHUR M ANDERSON,IMO5025691,WDH7563,70,0,233,21,8.0,70,A
366972020,2021-07-24T09:01:20,47.43883,-89.11755,11.6,77.6,77.0,ARTHUR M ANDERSON,IMO5025691,WDH7563,70,0,233,21,8.0,70,A
366972020,2021-07-24T09:02:30,47.43964,-89.11211,11.6,77.6,77.0,ARTHUR M ANDERSON,IMO5025691,WDH7563,70,0,233,21,8.0,70,A
366972020,2021-07-24T19:19:50,47.1934,-86.2758,11.3,113.4,113.0,ARTHUR M ANDERSON,IMO5025691,WDH7563,70,0,233,21,8.0,70,A
366972020,2021-07-24T09:09:20,47.44445,-89.08016,11.7,77.1,77.0,ARTHUR M ANDERSON,IMO5025691,WDH7563,70,0,233,21,8.0,70,A
366972020,2021-07-24T19:08:09,47.20802,-86.32538,11.3,113.6,113.0,ARTHUR M ANDERSON,IMO5025691,WDH7563,70,0,233,21,8.0,70,A
366972020,2021-07-24T19:42:59,47.16461,-86.17744,11.4,113.3,113.0,ARTHUR M ANDERSON,IMO5025691,WDH7563,70,0,233,21,8.0,70,A
366972020,2021-07-24T19:09:19,47.20654,-86.32052,11.3,114.1,113.0,ARTHUR M ANDERSON,IMO5025691,WDH7563,70,0,233,21,8.0,70,A
366972020,2021-07-24T19:41:50,47.16605,-86.18234,11.4,113.2,113.0,ARTHUR M ANDERSON,IMO5025691,WDH7563,70,0,233,21,8.0,70,A
366972020,2021-07-24T16:46:39,47.38803,-86.94181,11.7,113.6,114.0,ARTHUR M ANDERSON,IMO5025691,WDH7563,70,0,233,21,8.0,70,A
366972020,2021-07-24T19:14:00,47.20067,-86.30062,11.3,113.3,113.0,ARTHUR M ANDERSON,IMO5025691,WDH7563,70,0,233,21,8.0,70,A
366972020,2021-07-24T19:26:49,47.18474,-86.24625,11.3,113.1,112.0,ARTHUR M ANDERSON,IMO5025691,WDH7563,70,0,233,21,8.0,70,A
366972020,2021-07-24T19:50:01,47.15584,-86.14725,11.5,112.3,112.0,ARTHUR M ANDERSON,IMO5025691,WDH7563,70,0,233,21,8.0,70,A
366972020,2021-07-24T09:12:50,47.44698,-89.06366,11.7,78.1,78.0,ARTHUR M ANDERSON,IMO5025691,WDH7563,70,0,233,21,8.0,70,A
366972020,2021-07-24T16:47:50,47.38647,-86.93659,11.7,113.6,114.0,ARTHUR M ANDERSON,IMO5025691,WDH7563,70,0,233,21,8.0,70,A
366972020,2021-07-24T19:51:09,47.15443,-86.14226,11.5,112.6,112.0,ARTHUR M ANDERSON,IMO5025691,WDH7563,70,0,233,21,8.0,70,A
366972020,2021-07-24T19:54:39,47.15002,-86.12722,11.5,113.0,112.0,ARTHUR M ANDERSON,IMO5025691,WDH7563,70,0,233,21,8.0,70,A
366972020,2021-07-24T19:21:01,47.19193,-86.27078,11.3,113.1,112.0,ARTHUR M ANDERSON,IMO5025691,WDH7563,70,0,233,21,8.0,70,A
366972020,2021-07-24T20:18:19,47.11966,-86.02367,11.7,113.3,112.0,ARTHUR M ANDERSON,IMO5025691,WDH7563,70,0,233,21,8.0,70,A
366972020,2021-07-24T20:20:40,47.11664,-86.01336,11.7,112.9,112.0,ARTHUR M ANDERSON,IMO5025691,WDH7563,70,0,233,21,8.0,70,A
366972020,2021-07-24T19:59:19,47.14405,-86.10685,11.6,112.8,112.0,ARTHUR M ANDERSON,IMO5025691,WDH7563,70,0,233,21,8.0,70,A
366972020,2021-07-24T19:32:30,47.17764,-86.22204,11.3,113.2,113.0,ARTHUR M ANDERSON,IMO5025691,WDH7563,70,0,233,21,8.0,70,A
366972020,2021-07-24T17:01:10,47.3695,-86.87795,11.6,113.5,114.0,ARTHUR M ANDERSON,IMO5025691,WDH7563,70,0,233,21,8.0,70,A
366972020,2021-07-24T20:26:29,47.1092,-85.98782,11.7,112.7,112.0,ARTHUR M ANDERSON,IMO5025691,WDH7563,70,0,233,21,8.0,70,A
366972020,2021-07-24T19:33:41,47.17619,-86.21706,11.3,113.2,113.0,ARTHUR M ANDERSON,IMO5025691,WDH7563,70,0,233,21,8.0,70,A
366972020,2021-07-24T20:03:19,47.13894,-86.08938,11.6,113.5,113.0,ARTHUR M ANDERSON,IMO5025691,WDH7563,70,0,233,21,8.0,70,A
366972020,2021-07-24T20:04:20,47.13766,-86.08504,11.7,113.5,113.0,ARTHUR M ANDERSON,IMO5025691,WDH7563,70,0,233,21,8.0,70,A
366972020,2021-07-24T20:05:30,47.13614,-86.07991,11.7,113.5,113.0,ARTHUR M ANDERSON,IMO5025691,WDH7563,70,0,233,21,8.0,70,A
366972020,2021-07-24T20:32:09,47.10187,-85.96287,11.7,113.0,112.0,ARTHUR M ANDERSON,IMO5025691,WDH7563,70,0,233,21,8.0,70,A
366972020,2021-07-24T20:06:41,47.13462,-86.07475,11.7,113.6,113.0,ARTHUR M ANDERSON,IMO5025691,WDH7563,70,0,233,21,8.0,70,A
366972020,2021-07-24T19:39:30,47.16896,-86.19228,11.3,113.3,113.0,ARTHUR M ANDERSON,IMO5025691,WDH7563,70,0,233,21,8.0,70,A
366972020,2021-07-24T19:46:29,47.16023,-86.16248,11.4,112.7,112.0,ARTHUR M ANDERSON,IMO5025691,WDH7563,70,0,233,21,8.0,70,A
366972020,2021-07-24T09:16:19,47.44938,-89.04736,11.7,77.9,78.0,ARTHUR M ANDERSON,IMO5025691,WDH7563,70,0,233,21,8.0,70,A
366972020,2021-07-24T19:40:41,47.16748,-86.18724,11.3,112.9,113.0,ARTHUR M ANDERSON,IMO5025691,WDH7563,70,0,233,21,8.0,70,A
366972020,2021-07-24T19:48:50,47.15728,-86.1523,11.4,112.7,112.0,ARTHUR M ANDERSON,IMO5025691,WDH7563,70,0,233,21,8.0,70,A
366972020,2021-07-24T20:11:20,47.12863,-86.05436,11.7,112.9,112.0,ARTHUR M ANDERSON,IMO5025691,WDH7563,70,0,233,21,8.0,70,A
366972020,2021-07-24T20:36:50,47.09588,-85.94231,11.7,113.0,112.0,ARTHUR M ANDERSON,IMO5025691,WDH7563,70,0,233,21,8.0,70,A
366972020,2021-07-24T17:22:09,47.34257,-86.78568,11.7,113.1,113.0,ARTHUR M ANDERSON,IMO5025691,WDH7563,70,0,233,21,8.0,70,A
366972020,2021-07-24T19:53:29,47.1515,-86.13227,11.5,113.4,113.0,ARTHUR M ANDERSON,IMO5025691,WDH7563,70,0,233,21,8.0,70,A
366972020,2021-07-24T20:47:20,47.08225,-85.89611,11.8,112.8,112.0,ARTHUR M ANDERSON,IMO5025691,WDH7563,70,0,233,21,8.0,70,A
366972020,2021-07-24T19:59:59,47.14322,-86.10401,11.6,113.1,112.0,ARTHUR M ANDERSON,IMO5025691,WDH7563,70,0,233,21,8.0,70,A
366972020,2021-07-24T20:01:10,47.1417,-86.09877,11.6,113.3,113.0,ARTHUR M ANDERSON,IMO5025691,WDH7563,70,0,233,21,8.0,70,A
366972020,2021-07-24T20:29:49,47.10489,-85.97322,11.7,113.2,112.0,ARTHUR M ANDERSON,IMO5025691,WDH7563,70,0,233,21,8.0,70,A
366972020,2021-07-24T20:10:09,47.13015,-86.05956,11.7,113.7,113.0,ARTHUR M ANDERSON,IMO5025691,WDH7563,70,0,233,21,8.0,70,A
366972020,2021-07-24T20:33:20,47.10036,-85.95766,11.7,113.3,113.0,ARTHUR M ANDERSON,IMO5025691,WDH7563,70,0,233,21,8.0,70,A
366972020,2021-07-24T17:36:29,47.32408,-86.72247,11.7,113.6,113.0,ARTHUR M ANDERSON,IMO5025691,WDH7563,70,0,233,21,8.0,70,A
366972020,2021-07-24T20:12:29,47.12716,-86.04931,11.7,113.0,112.0,ARTHUR M ANDERSON,IMO5025691,WDH7563,70,0,233,21,8.0,70,A
366972020,2021-07-24T20:02:11,47.14042,-86.0944,11.6,113.4,113.0,ARTHUR M ANDERSON,IMO5025691,WDH7563,70,0,233,21,8.0,70,A
366972020,2021-07-24T20:35:40,47.09738,-85.94746,11.7,113.1,112.0,ARTHUR M ANDERSON,IMO5025691,WDH7563,70,0,233,21,8.0,70,A
366972020,2021-07-24T20:13:39,47.12566,-86.04417,11.7,113.2,112.0,ARTHUR M ANDERSON,IMO5025691,WDH7563,70,0,233,21,8.0,70,A
366972020,2021-07-24T20:39:10,47.09289,-85.93204,11.7,113.2,113.0,ARTHUR M ANDERSON,IMO5025691,WDH7563,70,0,233,21,8.0,70,A
366972020,2021-07-24T17:40:00,47.31956,-86.707,11.7,112.9,112.0,ARTHUR M ANDERSON,IMO5025691,WDH7563,70,0,233,21,8.0,70,A
366972020,2021-07-24T20:14:49,47.12415,-86.03904,11.7,113.2,112.0,ARTHUR M ANDERSON,IMO5025691,WDH7563,70,0,233,21,8.0,70,A
366972020,2021-07-24T21:10:39,47.05211,-85.79382,11.7,113.1,113.0,ARTHUR M ANDERSON,IMO5025691,WDH7563,70,0,233,21,8.0,70,A
366972020,2021-07-24T20:42:40,47.08832,-85.91666,11.7,113.8,113.0,ARTHUR M ANDERSON,IMO5025691,WDH7563,70,0,233,21,8.0,70,A
366972020,2021-07-24T20:21:49,47.11515,-86.0083,11.7,113.0,112.0,ARTHUR M ANDERSON,IMO5025691,WDH7563,70,0,233,21,8.0,70,A
366972020,2021-07-24T09:20:51,47.45255,-89.0261,11.7,76.7,76.0,ARTHUR M ANDERSON,IMO5025691,WDH7563,70,0,233,21,8.0,70,A
366972020,2021-07-24T20:22:59,47.11366,-86.00318,11.7,113.0,112.0,ARTHUR M ANDERSON,IMO5025691,WDH7563,70,0,233,21,8.0,70,A
366972020,2021-07-24T17:51:29,47.3047,-86.65619,11.7,113.5,113.0,ARTHUR M ANDERSON,IMO5025691,WDH7563,70,0,233,21,8.0,70,A
366972020,2021-07-24T20:17:09,47.12115,-86.02878,11.7,112.9,112.0,ARTHUR M ANDERSON,IMO5025691,WDH7563,70,0,233,21,8.0,70,A
366972020,2021-07-24T20:54:20,47.07316,-85.86531,11.7,113.7,114.0,ARTHUR M ANDERSON,IMO5025691,WDH7563,70,0,233,21,8.0,70,A
366972020,2021-07-24T17:56:09,47.29868,-86.63562,11.7,113.0,112.0,ARTHUR M ANDERSON,IMO5025691,WDH7563,70,0,233,21,8.0,70,A
366972020,2021-07-24T20:55:30,47.07164,-85.86019,11.7,113.9,114.0,ARTHUR M ANDERSON,IMO5025691,WDH7563,70,0,233,21,8.0,70,A
366972020,2021-07-24T20:57:49,47.06862,-85.85003,11.7,113.2,113.0,ARTHUR M ANDERSON,IMO5025691,WDH7563,70,0,233,21,8.0,70,A
366972020,2021-07-24T17:59:39,47.29423,-86.62023,11.6,113.0,112.0,ARTHUR M ANDERSON,IMO5025691,WDH7563,70,0,233,21,8.0,70,A
366972020,2021-07-24T20:28:40,47.10638,-85.97824,11.7,113.2,112.0,ARTHUR M ANDERSON,IMO5025691,WDH7563,70,0,233,21,8.0,70,A
366972020,2021-07-24T20:37:59,47.09441,-85.93724,11.7,113.2,113.0,ARTHUR M ANDERSON,IMO5025691,WDH7563,70,0,233,21,8.0,70,A
366972020,2021-07-24T20:40:29,47.09117,-85.92626,11.7,113.4,113.0,ARTHUR M ANDERSON,IMO5025691,WDH7563,70,0,233,21,8.0,70,A
366972020,2021-07-24T21:36:09,47.01954,-85.68277,11.6,113.2,113.0,ARTHUR M ANDERSON,IMO5025691,WDH7563,70,0,233,21,8.0,70,A
366972020,2021-07-24T21:04:49,47.05958,-85.81941,11.7,113.3,113.0,ARTHUR M ANDERSON,IMO5025691,WDH7563,70,0,233,21,8.0,70,A
366972020,2021-07-24T18:13:50,47.27618,-86.55855,11.5,112.4,111.0,ARTHUR M ANDERSON,IMO5025691,WDH7563,70,0,233,21,8.0,70,A
366972020,2021-07-24T20:41:30,47.08984,-85.92179,11.7,113.7,113.0,ARTHUR M ANDERSON,IMO5025691,WDH7563,70,0,233,21,8.0,70,A
366972020,2021-07-24T21:45:21,47.00776,-85.64259,11.7,113.3,113.0,ARTHUR M ANDERSON,IMO5025691,WDH7563,70,0,233,21,8.0,70,A
366972020,2021-07-24T21:46:30,47.00625,-85.63759,11.7,113.7,114.0,ARTHUR M ANDERSON,IMO5025691,WDH7563,70,0,233,21,8.0,70,A
366972020,2021-07-24T20:50:51,47.0777,-85.8806,11.7,113.0,113.0,ARTHUR M ANDERSON,IMO5025691,WDH7563,70,0,233,21,8.0,70,A
366972020,2021-07-24T20:46:10,47.08375,-85.90127,11.7,113.0,113.0,ARTHUR M ANDERSON,IMO5025691,WDH7563,70,0,233,21,8.0,70,A
366972020,2021-07-24T21:24:39,47.03426,-85.73281,11.6,113.0,113.0,ARTHUR M ANDERSON,IMO5025691,WDH7563,70,0,233,21,8.0,70,A
366972020,2021-07-24T20:49:39,47.07926,-85.88587,11.8,113.2,113.0,ARTHUR M ANDERSON,IMO5025691,WDH7563,70,0,233,21,8.0,70,A
366972020,2021-07-24T09:34:30,47.46212,-88.96218,11.6,77.2,77.0,ARTHUR M ANDERSON,IMO5025691,WDH7563,70,0,233,21,8.0,70,A
366972020,2021-07-24T22:01:20,46.98713,-85.57252,11.8,113.0,113.0,ARTHUR M ANDERSON,IMO5025691,WDH7563,70,0,233,21,8.0,70,A
366972020,2021-07-24T21:00:10,47.0656,-85.83973,11.7,113.7,113.0,ARTHUR M ANDERSON,IMO5025691,WDH7563,70,0,233,21,8.0,70,A
366972020,2021-07-24T21:07:09,47.05656,-85.80918,11.7,113.4,113.0,ARTHUR M ANDERSON,IMO5025691,WDH7563,70,0,233,21,8.0,70,A
366972020,2021-07-24T21:25:41,47.03293,-85.72831,11.6,113.5,114.0,ARTHUR M ANDERSON,IMO5025691,WDH7563,70,0,233,21,8.0,70,A
366972020,2021-07-24T20:56:40,47.0701,-85.85508,11.7,113.3,113.0,ARTHUR M ANDERSON,IMO5025691,WDH7563,70,0,233,21,8.0,70,A
366972020,2021-07-24T21:08:19,47.05508,-85.80406,11.7,113.1,113.0,ARTHUR M ANDERSON,IMO5025691,WDH7563,70,0,233,21,8.0,70,A
366972020,2021-07-24T21:05:59,47.05807,-85.81429,11.7,113.2,113.0,ARTHUR M ANDERSON,IMO5025691,WDH7563,70,0,233,21,8.0,70,A
366972020,2021-07-24T21:11:50,47.05061,-85.78864,11.7,112.9,113.0,ARTHUR M ANDERSON,IMO5025691,WDH7563,70,0,233,21,8.0,70,A
366972020,2021-07-24T21:29:10,47.02848,-85.71313,11.6,113.3,114.0,ARTHUR M ANDERSON,IMO5025691,WDH7563,70,0,233,21,8.0,70,A
366972020,2021-07-24T21:01:20,47.06405,-85.83465,11.7,113.4,113.0,ARTHUR M ANDERSON,IMO5025691,WDH7563,70,0,233,21,8.0,70,A
366972020,2021-07-24T21:31:30,47.02547,-85.70298,11.6,113.6,114.0,ARTHUR M ANDERSON,IMO5025691,WDH7563,70,0,233,21,8.0,70,A
366972020,2021-07-24T18:32:10,47.25316,-86.47963,11.4,113.4,112.0,ARTHUR M ANDERSON,IMO5025691,WDH7563,70,0,233,21,8.0,70,A
366972020,2021-07-24T21:18:49,47.04168,-85.7582,11.6,113.1,113.0,ARTHUR M ANDERSON,IMO5025691,WDH7563,70,0,233,21,8.0,70,A
366972020,2021-07-24T21:39:40,47.01503,-85.66745,11.6,113.8,114.0,ARTHUR M ANDERSON,IMO5025691,WDH7563,70,0,233,21,8.0,70,A
366972020,2021-07-24T22:15:29,46.96862,-85.50972,11.9,113.7,113.0,ARTHUR M ANDERSON,IMO5025691,WDH7563,70,0,233,21,8.0,70,A
366972020,2021-07-24T22:16:39,46.96706,-85.50461,11.9,113.9,113.0,ARTHUR M ANDERSON,IMO5025691,WDH7563,70,0,233,21,8.0,70,A
366972020,2021-07-24T21:22:20,47.03717,-85.74293,11.6,113.4,114.0,ARTHUR M ANDERSON,IMO5025691,WDH7563,70,0,233,21,8.0,70,A
366972020,2021-07-24T22:17:50,46.9655,-85.49932,11.9,113.0,112.0,ARTHUR M ANDERSON,IMO5025691,WDH7563,70,0,233,21,8.0,70,A
366972020,2021-07-24T21:14:10,47.04762,-85.77845,11.6,113.4,113.0,ARTHUR M ANDERSON,IMO5025691,WDH7563,70,0,233,21,8.0,70,A
366972020,2021-07-24T18:41:30,47.24143,-86.43963,11.4,113.5,111.0,ARTHUR M ANDERSON,IMO5025691,WDH7563,70,0,233,21,8.0,70,A
366972020,2021-07-24T21:30:19,47.02701,-85.70812,11.6,113.4,114.0,ARTHUR M ANDERSON,IMO5025691,WDH7563,70,0,233,21,8.0,70,A
366972020,2021-07-24T22:25:50,46.95502,-85.4635,12.0,112.7,112.0,ARTHUR M ANDERSON,IMO5025691,WDH7563,70,0,233,21,8.0,70,A
366972020,2021-07-24T22:27:01,46.95347,-85.4582,12.0,113.3,113.0,ARTHUR M ANDERSON,IMO5025691,WDH7563,70,0,233,21,8.0,70,A
366972020,2021-07-24T09:41:29,47.46698,-88.92955,11.6,77.8,77.0,ARTHUR M ANDERSON,IMO5025691,WDH7563,70,0,233,21,8.0,70,A
366972020,2021-07-24T21:52:20,46.9988,-85.61204,11.7,113.0,113.0,ARTHUR M ANDERSON,IMO5025691,WDH7563,70,0,233,21,8.0,70,A
366972020,2021-07-24T21:58:10,46.99121,-85.58649,11.7,113.3,113.0,ARTHUR M ANDERSON,IMO5025691,WDH7563,70,0,233,21,8.0,70,A
366972020,2021-07-24T21:41:59,47.01204,-85.65735,11.7,112.9,113.0,ARTHUR M ANDERSON,IMO5025691,WDH7563,70,0,233,21,8.0,70,A
366972020,2021-07-24T18:53:09,47.22675,-86.38958,11.4,113.2,111.0,ARTHUR M ANDERSON,IMO5025691,WDH7563,70,0,233,21,8.0,70,A
366972020,2021-07-24T21:28:00,47.02997,-85.7182,11.6,113.1,113.0,ARTHUR M ANDERSON,IMO5025691,WDH7563,70,0,233,21,8.0,70,A
366972020,2021-07-24T22:36:29,46.94106,-85.41615,11.8,113.7,113.0,ARTHUR M ANDERSON,IMO5025691,WDH7563,70,0,233,21,8.0,70,A
366972020,2021-07-24T18:54:20,47.22529,-86.3845,11.4,112.7,111.0,ARTHUR M ANDERSON,IMO5025691,WDH7563,70,0,233,21,8.0,70,A
366972020,2021-07-24T21:47:39,47.00477,-85.63255,11.7,112.9,113.0,ARTHUR M ANDERSON,IMO5025691,WDH7563,70,0,233,21,8.0,70,A
366972020,2021-07-24T21:35:00,47.02101,-85.68779,11.6,113.1,113.0,ARTHUR M ANDERSON,IMO5025691,WDH7563,70,0,233,21,8.0,70,A
366972020,2021-07-24T22:00:00,46.98884,-85.57842,11.8,112.8,113.0,ARTHUR M ANDERSON,IMO5025691,WDH7563,70,0,233,21,8.0,70,A
366972020,2021-07-24T21:48:50,47.00325,-85.62736,11.7,113.0,113.0,ARTHUR M ANDERSON,IMO5025691,WDH7563,70,0,233,21,8.0,70,A
366972020,2021-07-24T19:00:00,47.21823,-86.3602,11.4,113.0,112.0,ARTHUR M ANDERSON,IMO5025691,WDH7563,70,0,233,21,8.0,70,A
366972020,2021-07-24T22:07:10,46.97954,-85.54674,11.8,112.9,113.0,ARTHUR M ANDERSON,IMO5025691,WDH7563,70,0,233,21,8.0,70,A
366972020,2021-07-24T21:54:39,46.99581,-85.60188,11.7,113.2,113.0,ARTHUR M ANDERSON,IMO5025691,WDH7563,70,0,233,21,8.0,70,A
366972020,2021-07-24T19:01:10,47.21677,-86.35513,11.4,113.2,112.0,ARTHUR M ANDERSON,IMO5025691,WDH7563,70,0,233,21,8.0,70,A
366972020,2021-07-24T22:45:50,46.92887,-85.37457,11.9,112.6,112.0,ARTHUR M ANDERSON,IMO5025691,WDH7563,70,0,233,21,8.0,70,A
366972020,2021-07-24T19:03:29,47.21386,-86.34534,11.3,113.5,112.0,ARTHUR M ANDERSON,IMO5025691,WDH7563,70,0,233,21,8.0,70,A
366972020,2021-07-24T21:38:30,47.01654,-85.67253,11.6,112.8,113.0,ARTHUR M ANDERSON,IMO5025691,WDH7563,70,0,233,21,8.0,70,A
366972020,2021-07-24T22:50:30,46.92273,-85.35366,12.0,112.6,112.0,ARTHUR M ANDERSON,IMO5025691,WDH7563,70,0,233,21,8.0,70,A
366972020,2021-07-24T22:03:39,46.98414,-85.56228,11.8,113.3,113.0,ARTHUR M ANDERSON,IMO5025691,WDH7563,70,0,233,21,8.0,70,A
366972020,2021-07-24T22:19:00,46.96396,-85.49413,11.9,113.5,113.0,ARTHUR M ANDERSON,IMO5025691,WDH7563,70,0,233,21,8.0,70,A
366972020,2021-07-24T21:51:10,47.00028,-85.61714,11.7,112.9,113.0,ARTHUR M ANDERSON,IMO5025691,WDH7563,70,0,233,21,8.0,70,A
366972020,2021-07-24T21:44:10,47.00927,-85.64778,11.7,113.1,113.0,ARTHUR M ANDERSON,IMO5025691,WDH7563,70,0,233,21,8.0,70,A
366972020,2021-07-24T19:16:20,47.19775,-86.29068,11.3,113.4,112.0,ARTHUR M ANDERSON,IMO5025691,WDH7563,70,0,233,21,8.0,70,A
366972020,2021-07-24T21:55:51,46.99425,-85.59663,11.7,113.2,113.0,ARTHUR M ANDERSON,IMO5025691,WDH7563,70,0,233,21,8.0,70,A
366972020,2021-07-24T23:00:00,46.91011,-85.31099,12.0,113.8,113.0,ARTHUR M ANDERSON,IMO5025691,WDH7563,70,0,233,21,8.0,70,A
366972020,2021-07-24T21:57:00,46.99275,-85.5916,11.7,113.7,114.0,ARTHUR M ANDERSON,IMO5025691,WDH7563,70,0,233,21,8.0,70,A
366972020,2021-07-24T22:11:59,46.97326,-85.52535,11.9,113.1,113.0,ARTHUR M ANDERSON,IMO5025691,WDH7563,70,0,233,21,8.0,70,A
366972020,2021-07-24T23:07:00,46.90084,-85.27952,12.0,112.6,112.0,ARTHUR M ANDERSON,IMO5025691,WDH7563,70,0,233,21,8.0,70,A
366972020,2021-07-24T22:30:41,46.94863,-85.44184,11.9,113.1,112.0,ARTHUR M ANDERSON,IMO5025691,WDH7563,70,0,233,21,8.0,70,A
366972020,2021-07-24T22:05:59,46.98108,-85.55198,11.8,113.3,113.0,ARTHUR M ANDERSON,IMO5025691,WDH7563,70,0,233,21,8.0,70,A
366972020,2021-07-24T22:34:09,46.94416,-85.42644,11.8,113.6,113.0,ARTHUR M ANDERSON,IMO5025691,WDH7563,70,0,233,21,8.0,70,A
366972020,2021-07-24T19:30:19,47.18041,-86.23139,11.3,113.4,113.0,ARTHUR M ANDERSON,IMO5025691,WDH7563,70,0,233,21,8.0,70,A
366972020,2021-07-24T23:15:19,46.88992,-85.24222,11.9,113.7,113.0,ARTHUR M ANDERSON,IMO5025691,WDH7563,70,0,233,21,8.0,70,A
366972020,2021-07-24T09:59:01,47.47906,-88.84823,11.6,78.1,77.0,ARTHUR M ANDERSON,IMO5025691,WDH7563,70,0,233,21,8.0,70,A
366972020,2021-07-24T22:09:39,46.9763,-85.53571,11.9,113.6,113.0,ARTHUR M ANDERSON,IMO5025691,WDH7563,70,0,233,21,8.0,70,A
366972020,2021-07-24T22:42:20,46.93344,-85.39018,11.9,113.6,113.0,ARTHUR M ANDERSON,IMO5025691,WDH7563,70,0,233,21,8.0,70,A
366972020,2021-07-24T22:10:49,46.97475,-85.53047,11.9,113.4,113.0,ARTHUR M ANDERSON,IMO5025691,WDH7563,70,0,233,21,8.0,70,A
366972020,2021-07-24T22:04:50,46.98258,-85.55706,11.8,113.8,114.0,ARTHUR M ANDERSON,IMO5025691,WDH7563,70,0,233,21,8.0,70,A
366972020,2021-07-24T22:28:19,46.95174,-85.45238,12.0,113.7,113.0,ARTHUR M ANDERSON,IMO5025691,WDH7563,70,0,233,21,8.0,70,A
366972020,2021-07-24T19:37:10,47.17189,-86.20222,11.3,113.0,113.0,ARTHUR M ANDERSON,IMO5025691,WDH7563,70,0,233,21,8.0,70,A
366972020,2021-07-24T22:48:09,46.92584,-85.3642,12.0,113.5,113.0,ARTHUR M ANDERSON,IMO5025691,WDH7563,70,0,233,21,8.0,70,A
366972020,2021-07-24T23:24:40,46.87773,-85.20098,11.7,112.8,111.0,ARTHUR M ANDERSON,IMO5025691,WDH7563,70,0,233,21,8.0,70,A
366972020,2021-07-24T22:35:20,46.94259,-85.42122,11.8,114.2,114.0,ARTHUR M ANDERSON,IMO5025691,WDH7563,70,0,233,21,8.0,70,A
366972020,2021-07-24T22:51:39,46.92122,-85.34847,12.0,112.9,112.0,ARTHUR M ANDERSON,IMO5025691,WDH7563,70,0,233,21,8.0,70,A
366972020,2021-07-24T22:52:49,46.91966,-85.34323,12.0,113.5,113.0,ARTHUR M ANDERSON,IMO5025691,WDH7563,70,0,233,21,8.0,70,A
366972020,2021-07-24T22:20:09,46.96243,-85.489,11.9,113.5,113.0,ARTHUR M ANDERSON,IMO5025691,WDH7563,70,0,233,21,8.0,70,A
366972020,2021-07-24T19:44:10,47.16313,-86.17239,11.4,113.4,113.0,ARTHUR M ANDERSON,IMO5025691,WDH7563,70,0,233,21,8.0,70,A
366972020,2021-07-24T22:40:01,46.93649,-85.40047,11.9,112.8,112.0,ARTHUR M ANDERSON,IMO5025691,WDH7563,70,0,233,21,8.0,70,A
366972020,2021-07-24T23:31:41,46.86872,-85.17037,11.7,113.2,112.0,ARTHUR M ANDERSON,IMO5025691,WDH7563,70,0,233,21,8.0,70,A
366972020,2021-07-24T23:32:49,46.86724,-85.16544,11.7,113.8,112.0,ARTHUR M ANDERSON,IMO5025691,WDH7563,70,0,233,21,8.0,70,A
366972020,2021-07-24T22:21:20,46.96086,-85.4837,11.9,113.5,113.0,ARTHUR M ANDERSON,IMO5025691,WDH7563,70,0,233,21,8.0,70,A
366972020,2021-07-24T23:35:20,46.86398,-85.15452,11.6,113.6,112.0,ARTHUR M ANDERSON,IMO5025691,WDH7563,70,0,233,21,8.0,70,A
366972020,2021-07-24T23:36:29,46.8625,-85.14953,11.6,113.3,112.0,ARTHUR M ANDERSON,IMO5025691,WDH7563,70,0,233,21,8.0,70,A
366972020,2021-07-24T22:23:40,46.95783,-85.47324,12.0,113.0,113.0,ARTHUR M ANDERSON,IMO5025691,WDH7563,70,0,233,21,8.0,70,A
366972020,2021-07-24T22:24:41,46.95652,-85.46867,12.0,113.0,112.0,ARTHUR M ANDERSON,IMO5025691,WDH7563,70,0,233,21,8.0,70,A
366972020,2021-07-24T23:04:40,46.90392,-85.29001,12.0,113.5,112.0,ARTHUR M ANDERSON,IMO5025691,WDH7563,70,0,233,21,8.0,70,A
366972020,2021-07-24T23:42:19,46.85497,-85.12379,11.8,112.6,111.0,ARTHUR M ANDERSON,IMO5025691,WDH7563,70,0,233,21,8.0,70,A
366972020,2021-07-24T22:54:00,46.91809,-85.33793,12.0,113.6,112.0,ARTHUR M ANDERSON,IMO5025691,WDH7563,70,0,233,21,8.0,70,A
366972020,2021-07-24T22:37:39,46.93955,-85.41099,11.8,113.0,112.0,ARTHUR M ANDERSON,IMO5025691,WDH7563,70,0,233,21,8.0,70,A
366972020,2021-07-24T19:56:59,47.14705,-86.11709,11.6,113.5,113.0,ARTHUR M ANDERSON,IMO5025691,WDH7563,70,0,233,21,8.0,70,A
366972020,2021-07-24T22:58:40,46.91191,-85.31694,12.0,113.4,112.0,ARTHUR M ANDERSON,IMO5025691,WDH7563,70,0,233,21,8.0,70,A
366972020,2021-07-24T22:59:49,46.91036,-85.31181,12.0,113.8,113.0,ARTHUR M ANDERSON,IMO5025691,WDH7563,70,0,233,21,8.0,70,A
366972020,2021-07-24T22:41:10,46.93499,-85.39536,11.9,113.1,113.0,ARTHUR M ANDERSON,IMO5025691,WDH7563,70,0,233,21,8.0,70,A
366972020,2021-07-24T23:17:39,46.88683,-85.23187,11.9,113.2,112.0,ARTHUR M ANDERSON,IMO5025691,WDH7563,70,0,233,21,8.0,70,A
366972020,2021-07-24T23:53:51,46.84,-85.07292,11.8,113.5,113.0,ARTHUR M ANDERSON,IMO5025691,WDH7563,70,0,233,21,8.0,70,A
366972020,2021-07-24T22:44:39,46.93041,-85.37987,11.9,112.7,112.0,ARTHUR M ANDERSON,IMO5025691,WDH7563,70,0,233,21,8.0,70,A
366972020,2021-07-24T23:57:20,46.83547,-85.05756,11.8,113.5,113.0,ARTHUR M ANDERSON,IMO5025691,WDH7563,70,0,233,21,8.0,70,A
366972020,2021-07-24T23:25:50,46.87623,-85.1959,11.7,113.7,112.0,ARTHUR M ANDERSON,IMO5025691,WDH7563,70,0,233,21,8.0,70,A
366972020,2021-07-24T23:28:09,46.87324,-85.18582,11.7,113.0,112.0,ARTHUR M ANDERSON,IMO5025691,WDH7563,70,0,233,21,8.0,70,A
366972020,2021-07-24T23:11:40,46.8947,-85.25853,12.0,113.8,113.0,ARTHUR M ANDERSON,IMO5025691,WDH7563,70,0,233,21,8.0,70,A
366972020,2021-07-24T23:30:31,46.8702,-85.17547,11.7,113.1,112.0,ARTHUR M ANDERSON,IMO5025691,WDH7563,70,0,233,21,8.0,70,A
366972020,2021-07-24T22:56:20,46.915,-85.32743,12.0,113.4,112.0,ARTHUR M ANDERSON,IMO5025691,WDH7563,70,0,233,21,8.0,70,A
366972020,2021-07-24T22:57:29,46.91347,-85.32226,12.0,113.4,112.0,ARTHUR M ANDERSON,IMO5025691,WDH7563,70,0,233,21,8.0,70,A
366972020,2021-07-24T10:23:11,47.49585,-88.73489,11.8,77.6,76.0,ARTHUR M ANDERSON,IMO5025691,WDH7563,70,0,233,21,8.0,70,A
366972020,2021-07-24T23:02:19,46.90706,-85.30056,12.0,113.1,112.0,ARTHUR M ANDERSON,IMO5025691,WDH7563,70,0,233,21,8.0,70,A
366972020,2021-07-24T20:16:00,47.12261,-86.03377,11.7,113.2,112.0,ARTHUR M ANDERSON,IMO5025691,WDH7563,70,0,233,21,8.0,70,A
366972020,2021-07-24T23:05:50,46.90236,-85.28477,12.0,113.1,112.0,ARTHUR M ANDERSON,IMO5025691,WDH7563,70,0,233,21,8.0,70,A
366972020,2021-07-24T23:43:30,46.85348,-85.11855,11.8,112.6,112.0,ARTHUR M ANDERSON,IMO5025691,WDH7563,70,0,233,21,8.0,70,A
366972020,2021-07-24T20:19:30,47.11813,-86.01847,11.7,113.3,112.0,ARTHUR M ANDERSON,IMO5025691,WDH7563,70,0,233,21,8.0,70,A
366972020,2021-07-24T23:08:10,46.89934,-85.27426,12.0,112.8,112.0,ARTHUR M ANDERSON,IMO5025691,WDH7563,70,0,233,21,8.0,70,A
366972020,2021-07-24T23:10:29,46.89629,-85.26381,12.0,113.5,112.0,ARTHUR M ANDERSON,IMO5025691,WDH7563,70,0,233,21,8.0,70,A
366972020,2021-07-24T20:24:09,47.11218,-85.99806,11.7,113.1,112.0,ARTHUR M ANDERSON,IMO5025691,WDH7563,70,0,233,21,8.0,70,A
366972020,2021-07-24T20:25:20,47.11065,-85.99287,11.7,113.2,112.0,ARTHUR M ANDERSON,IMO5025691,WDH7563,70,0,233,21,8.0,70,A
366972020,2021-07-24T10:32:29,47.50243,-88.69063,11.8,77.4,76.0,ARTHUR M ANDERSON,IMO5025691,WDH7563,70,0,233,21,8.0,70,A
366972020,2021-07-24T23:18:50,46.88529,-85.22663,11.8,112.9,112.0,ARTHUR M ANDERSON,IMO5025691,WDH7563,70,0,233,21,8.0,70,A
366972020,2021-07-24T20:31:00,47.10335,-85.96802,11.7,112.9,112.0,ARTHUR M ANDERSON,IMO5025691,WDH7563,70,0,233,21,8.0,70,A
366972020,2021-07-24T23:22:20,46.88073,-85.21122,11.7,113.5,112.0,ARTHUR M ANDERSON,IMO5025691,WDH7563,70,0,233,21,8.0,70,A
366972020,2021-07-24T23:21:09,46.88228,-85.2164,11.8,113.5,112.0,ARTHUR M ANDERSON,IMO5025691,WDH7563,70,0,233,21,8.0,70,A
366972020,2021-07-24T23:41:09,46.85644,-85.12889,11.8,112.9,111.0,ARTHUR M ANDERSON,IMO5025691,WDH7563,70,0,233,21,8.0,70,A
366972020,2021-07-24T23:26:59,46.87472,-85.19089,11.7,113.4,112.0,ARTHUR M ANDERSON,IMO5025691,WDH7563,70,0,233,21,8.0,70,A
366972020,2021-07-24T23:23:31,46.87919,-85.20604,11.7,113.3,112.0,ARTHUR M ANDERSON,IMO5025691,WDH7563,70,0,233,21,8.0,70,A
366972020,2021-07-24T10:37:09,47.50571,-88.66844,11.9,77.4,76.0,ARTHUR M ANDERSON,IMO5025691,WDH7563,70,0,233,21,8.0,70,A
366972020,2021-07-24T23:33:59,46.86571,-85.16038,11.6,113.5,112.0,ARTHUR M ANDERSON,IMO5025691,WDH7563,70,0,233,21,8.0,70,A
366972020,2021-07-24T23:37:39,46.86099,-85.14448,11.7,113.8,112.0,ARTHUR M ANDERSON,IMO5025691,WDH7563,70,0,233,21,8.0,70,A
366972020,2021-07-24T20:43:50,47.08677,-85.91156,11.7,113.7,113.0,ARTHUR M ANDERSON,IMO5025691,WDH7563,70,0,233,21,8.0,70,A
366972020,2021-07-24T23:44:40,46.852,-85.11339,11.8,112.9,112.0,ARTHUR M ANDERSON,IMO5025691,WDH7563,70,0,233,21,8.0,70,A
366972020,2021-07-24T23:45:50,46.85044,-85.10818,11.8,113.7,113.0,ARTHUR M ANDERSON,IMO5025691,WDH7563,70,0,233,21,8.0,70,A
366972020,2021-07-24T10:47:50,47.51336,-88.61729,11.9,77.6,77.0,ARTHUR M ANDERSON,IMO5025691,WDH7563,70,0,233,21,8.0,70,A
366972020,2021-07-24T10:51:21,47.51588,-88.60041,11.9,77.5,77.0,ARTHUR M ANDERSON,IMO5025691,WDH7563,70,0,233,21,8.0,70,A
366972020,2021-07-24T23:50:30,46.84434,-85.08767,11.8,112.9,113.0,ARTHUR M ANDERSON,IMO5025691,WDH7563,70,0,233,21,8.0,70,A
366972020,2021-07-24T20:53:09,47.0747,-85.8705,11.7,113.5,114.0,ARTHUR M ANDERSON,IMO5025691,WDH7563,70,0,233,21,8.0,70,A
366972020,2021-07-24T23:56:11,46.83698,-85.06262,11.8,113.1,113.0,ARTHUR M ANDERSON,IMO5025691,WDH7563,70,0,233,21,8.0,70,A
366972020,2021-07-24T20:59:00,47.0671,-85.84484,11.7,112.9,113.0,ARTHUR M ANDERSON,IMO5025691,WDH7563,70,0,233,21,8.0,70,A
366972020,2021-07-24T11:00:20,47.52227,-88.55703,12.1,77.9,77.0,ARTHUR M ANDERSON,IMO5025691,WDH7563,70,0,233,21,8.0,70,A
366972020,2021-07-24T23:59:59,46.83202,-85.04584,11.9,113.1,113.0,ARTHUR M ANDERSON,IMO5025691,WDH7563,70,0,233,21,8.0,70,A
366972020,2021-07-24T21:09:29,47.0536,-85.79894,11.7,113.1,113.0,ARTHUR M ANDERSON,IMO5025691,WDH7563,70,0,233,21,8.0,70,A
366972020,2021-07-24T21:13:00,47.04912,-85.78354,11.6,113.2,113.0,ARTHUR M ANDERSON,IMO5025691,WDH7563,70,0,233,21,8.0,70,A
366972020,2021-07-24T11:15:19,47.53314,-88.48417,12.1,77.8,76.0,ARTHUR M ANDERSON,IMO5025691,WDH7563,70,0,233,21,8.0,70,A
366972020,2021-07-24T11:16:20,47.53386,-88.47923,12.1,77.9,76.0,ARTHUR M ANDERSON,IMO5025691,WDH7563,70,0,233,21,8.0,70,A
366972020,2021-07-24T21:20:00,47.04015,-85.75301,11.6,113.4,113.0,ARTHUR M ANDERSON,IMO5025691,WDH7563,70,0,233,21,8.0,70,A
366972020,2021-07-24T21:26:50,47.03146,-85.7233,11.6,112.9,113.0,ARTHUR M ANDERSON,IMO5025691,WDH7563,70,0,233,21,8.0,70,A
366972020,2021-07-24T21:32:40,47.02399,-85.69792,11.6,113.2,113.0,ARTHUR M ANDERSON,IMO5025691,WDH7563,70,0,233,21,8.0,70,A
366972020,2021-07-24T21:40:50,47.01351,-85.66238,11.7,113.9,114.0,ARTHUR M ANDERSON,IMO5025691,WDH7563,70,0,233,21,8.0,70,A
366972020,2021-07-24T21:49:59,47.00177,-85.62234,11.7,112.8,113.0,ARTHUR M ANDERSON,IMO5025691,WDH7563,70,0,233,21,8.0,70,A
366972020,2021-07-24T11:49:41,47.55801,-88.31641,12.1,78.5,76.0,ARTHUR M ANDERSON,IMO5025691,WDH7563,70,0,233,21,8.0,70,A
366972020,2021-07-24T22:02:29,46.98563,-85.56736,11.8,113.2,113.0,ARTHUR M ANDERSON,IMO5025691,WDH7563,70,0,233,21,8.0,70,A
366972020,2021-07-24T12:00:00,47.56544,-88.26661,11.9,78.2,76.0,ARTHUR M ANDERSON,IMO5025691,WDH7563,70,0,233,21,8.0,70,A
366972020,2021-07-24T22:08:20,46.97804,-85.54155,11.8,113.2,113.0,ARTHUR M ANDERSON,IMO5025691,WDH7563,70,0,233,21,8.0,70,A
366972020,2021-07-24T12:03:30,47.56798,-88.24987,11.9,77.7,76.0,ARTHUR M ANDERSON,IMO5025691,WDH7563,70,0,233,21,8.0,70,A
366972020,2021-07-24T22:13:10,46.97168,-85.52002,11.9,113.3,113.0,ARTHUR M ANDERSON,IMO5025691,WDH7563,70,0,233,21,8.0,70,A
366972020,2021-07-24T22:14:20,46.97016,-85.51489,11.9,113.6,113.0,ARTHUR M ANDERSON,IMO5025691,WDH7563,70,0,233,21,8.0,70,A
366972020,2021-07-24T12:08:09,47.57129,-88.22766,11.9,77.7,76.0,ARTHUR M ANDERSON,IMO5025691,WDH7563,70,0,233,21,8.0,70,A
366972020,2021-07-24T12:13:54,47.57528,-88.20031,11.8,80.5,79.0,ARTHUR M ANDERSON,IMO5025691,WDH7563,70,0,233,21,8.0,70,A
366972020,2021-07-24T12:15:00,47.57551,-88.19503,11.6,88.4,88.0,ARTHUR M ANDERSON,IMO5025691,WDH7563,70,0,233,21,8.0,70,A
366972020,2021-07-24T22:33:01,46.94563,-85.43146,11.8,112.8,112.0,ARTHUR M ANDERSON,IMO5025691,WDH7563,70,0,233,21,8.0,70,A
366972020,2021-07-24T22:38:50,46.93799,-85.40565,11.9,112.7,112.0,ARTHUR M ANDERSON,IMO5025691,WDH7563,70,0,233,21,8.0,70,A
366972020,2021-07-24T12:37:10,47.5761,-88.08721,11.9,89.6,89.0,ARTHUR M ANDERSON,IMO5025691,WDH7563,70,0,233,21,8.0,70,A
366972020,2021-07-24T22:49:20,46.92425,-85.3589,12.0,113.7,113.0,ARTHUR M ANDERSON,IMO5025691,WDH7563,70,0,233,21,8.0,70,A
366972020,2021-07-24T12:44:10,47.57617,-88.05293,11.8,90.1,90.0,ARTHUR M ANDERSON,IMO5025691,WDH7563,70,0,233,21,8.0,70,A
366972020,2021-07-24T12:48:49,47.57622,-88.03018,11.8,89.8,89.0,ARTHUR M ANDERSON,IMO5025691,WDH7563,70,0,233,21,8.0,70,A
366972020,2021-07-24T23:03:29,46.90549,-85.29523,12.0,113.5,113.0,ARTHUR M ANDERSON,IMO5025691,WDH7563,70,0,233,21,8.0,70,A
366972020,2021-07-24T13:03:29,47.57629,-87.95918,11.7,90.2,89.0,ARTHUR M ANDERSON,IMO5025691,WDH7563,70,0,233,21,8.0,70,A
366972020,2021-07-24T23:09:20,46.89781,-85.26898,12.0,113.1,112.0,ARTHUR M ANDERSON,IMO5025691,WDH7563,70,0,233,21,8.0,70,A
366972020,2021-07-24T13:13:50,47.57653,-87.9094,11.7,89.9,89.0,ARTHUR M ANDERSON,IMO5025691,WDH7563,70,0,233,21,8.0,70,A
366972020,2021-07-24T13:20:39,47.57646,-87.87659,11.7,90.3,89.0,ARTHUR M ANDERSON,IMO5025691,WDH7563,70,0,233,21,8.0,70,A
366972020,2021-07-24T13:21:50,47.57644,-87.87096,11.7,90.3,89.0,ARTHUR M ANDERSON,IMO5025691,WDH7563,70,0,233,21,8.0,70,A
366972020,2021-07-24T13:24:09,47.57646,-87.85983,11.7,89.6,88.0,ARTHUR M ANDERSON,IMO5025691,WDH7563,70,0,233,21,8.0,70,A
366972020,2021-07-24T23:38:51,46.85941,-85.13918,11.8,112.8,111.0,ARTHUR M ANDERSON,IMO5025691,WDH7563,70,0,233,21,8.0,70,A
366972020,2021-07-24T23:46:59,46.84894,-85.10309,11.8,113.0,112.0,ARTHUR M ANDERSON,IMO5025691,WDH7563,70,0,233,21,8.0,70,A
366972020,2021-07-24T23:48:10,46.84741,-85.09796,11.8,113.5,113.0,ARTHUR M ANDERSON,IMO5025691,WDH7563,70,0,233,21,8.0,70,A
366972020,2021-07-24T23:49:19,46.84588,-85.09289,11.8,113.2,113.0,ARTHUR M ANDERSON,IMO5025691,WDH7563,70,0,233,21,8.0,70,A
366972020,2021-07-24T13:44:39,47.57679,-87.76118,11.7,89.9,90.0,ARTHUR M ANDERSON,IMO5025691,WDH7563,70,0,233,21,8.0,70,A
366972020,2021-07-24T23:52:41,46.84153,-85.07804,11.8,113.0,113.0,ARTHUR M ANDERSON,IMO5025691,WDH7563,70,0,233,21,8.0,70,A
366972020,2021-07-24T13:45:40,47.57679,-87.75629,11.7,90.1,90.0,ARTHUR M ANDERSON,IMO5025691,WDH7563,70,0,233,21,8.0,70,A
366972020,2021-07-24T23:58:30,46.83396,-85.05241,11.8,113.3,113.0,ARTHUR M ANDERSON,IMO5025691,WDH7563,70,0,233,21,8.0,70,A
366972020,2021-07-24T13:53:49,47.5767,-87.717,11.8,89.9,89.0,ARTHUR M ANDERSON,IMO5025691,WDH7563,70,0,233,21,8.0,70,A
366972020,2021-07-24T14:01:20,47.57675,-87.68046,11.8,89.9,89.0,ARTHUR M ANDERSON,IMO5025691,WDH7563,70,0,233,21,8.0,70,A
366972020,2021-07-24T14:15:20,47.57691,-87.61281,11.8,89.8,89.0,ARTHUR M ANDERSON,IMO5025691,WDH7563,70,0,233,21,8.0,70,A
366972020,2021-07-24T14:18:50,47.57689,-87.59565,11.9,90.2,89.0,ARTHUR M ANDERSON,IMO5025691,WDH7563,70,0,233,21,8.0,70,A
366972020,2021-07-24T14:35:49,47.55655,-87.52027,11.7,113.6,113.0,ARTHUR M ANDERSON,IMO5025691,WDH7563,70,0,233,21,8.0,70,A
366972020,2021-07-24T14:47:41,47.54137,-87.46776,11.7,113.3,112.0,ARTHUR M ANDERSON,IMO5025691,WDH7563,70,0,233,21,8.0,70,A
366972020,2021-07-24T14:50:00,47.53836,-87.45748,11.7,113.2,112.0,ARTHUR M ANDERSON,IMO5025691,WDH7563,70,0,233,21,8.0,70,A
366972020,2021-07-24T14:51:09,47.53687,-87.45239,11.7,113.2,112.0,ARTHUR M ANDERSON,IMO5025691,WDH7563,70,0,233,21,8.0,70,A
366972020,2021-07-24T14:54:40,47.53232,-87.43681,11.8,113.4,112.0,ARTHUR M ANDERSON,IMO5025691,WDH7563,70,0,233,21,8.0,70,A
366972020,2021-07-24T15:00:00,47.5255,-87.41302,11.7,113.2,112.0,ARTHUR M ANDERSON,IMO5025691,WDH7563,70,0,233,21,8.0,70,A
366972020,2021-07-24T15:02:19,47.52251,-87.40273,11.8,113.2,112.0,ARTHUR M ANDERSON,IMO5025691,WDH7563,70,0,233,21,8.0,70,A
366972020,2021-07-24T15:09:10,47.51366,-87.37225,11.8,113.2,113.0,ARTHUR M ANDERSON,IMO5025691,WDH7563,70,0,233,21,8.0,70,A
366972020,2021-07-24T15:13:51,47.50755,-87.35141,11.8,112.8,112.0,ARTHUR M ANDERSON,IMO5025691,WDH7563,70,0,233,21,8.0,70,A
366972020,2021-07-24T15:19:39,47.50009,-87.3256,11.7,113.3,113.0,ARTHUR M ANDERSON,IMO5025691,WDH7563,70,0,233,21,8.0,70,A
366972020,2021-07-24T15:31:10,47.48523,-87.27463,11.7,113.1,113.0,ARTHUR M ANDERSON,IMO5025691,WDH7563,70,0,233,21,8.0,70,A
366972020,2021-07-24T15:40:30,47.47322,-87.23348,11.7,113.5,114.0,ARTHUR M ANDERSON,IMO5025691,WDH7563,70,0,233,21,8.0,70,A
366972020,2021-07-24T15:45:10,47.4673,-87.2129,11.6,113.5,114.0,ARTHUR M ANDERSON,IMO5025691,WDH7563,70,0,233,21,8.0,70,A
366972020,2021-07-24T16:08:10,47.43775,-87.11177,11.6,113.0,113.0,ARTHUR M ANDERSON,IMO5025691,WDH7563,70,0,233,21,8.0,70,A
366972020,2021-07-24T16:12:49,47.43176,-87.09137,11.6,113.3,114.0,ARTHUR M ANDERSON,IMO5025691,WDH7563,70,0,233,21,8.0,70,A
366972020,2021-07-24T16:24:19,47.41693,-87.04054,11.8,112.8,114.0,ARTHUR M ANDERSON,IMO5025691,WDH7563,70,0,233,21,8.0,70,A
366972020,2021-07-24T16:26:39,47.41394,-87.03025,11.7,113.3,114.0,ARTHUR M ANDERSON,IMO5025691,WDH7563,70,0,233,21,8.0,70,A
366972020,2021-07-24T16:38:10,47.399,-86.97925,11.7,112.8,114.0,ARTHUR M ANDERSON,IMO5025691,WDH7563,70,0,233,21,8.0,70,A
366972020,2021-07-24T16:49:00,47.38495,-86.93145,11.7,113.5,114.0,ARTHUR M ANDERSON,IMO5025691,WDH7563,70,0,233,21,8.0,70,A
366972020,2021-07-24T16:58:20,47.37315,-86.89041,11.6,113.0,114.0,ARTHUR M ANDERSON,IMO5025691,WDH7563,70,0,233,21,8.0,70,A
366972020,2021-07-24T17:04:31,47.36524,-86.86332,11.6,112.7,113.0,ARTHUR M ANDERSON,IMO5025691,WDH7563,70,0,233,21,8.0,70,A
366972020,2021-07-24T17:07:49,47.36098,-86.84886,11.6,113.1,113.0,ARTHUR M ANDERSON,IMO5025691,WDH7563,70,0,233,21,8.0,70,A
366972020,2021-07-24T17:08:59,47.35948,-86.84373,11.6,113.1,114.0,ARTHUR M ANDERSON,IMO5025691,WDH7563,70,0,233,21,8.0,70,A
366972020,2021-07-24T17:26:50,47.33656,-86.76514,11.7,112.9,113.0,ARTHUR M ANDERSON,IMO5025691,WDH7563,70,0,233,21,8.0,70,A
366972020,2021-07-24T17:35:19,47.32563,-86.72769,11.7,113.5,113.0,ARTHUR M ANDERSON,IMO5025691,WDH7563,70,0,233,21,8.0,70,A
366972020,2021-07-24T17:44:30,47.31377,-86.68707,11.8,113.5,113.0,ARTHUR M ANDERSON,IMO5025691,WDH7563,70,0,233,21,8.0,70,A
366972020,2021-07-24T17:52:39,47.30321,-86.65103,11.7,112.8,112.0,ARTHUR M ANDERSON,IMO5025691,WDH7563,70,0,233,21,8.0,70,A
366972020,2021-07-24T18:00:01,47.29376,-86.61862,11.6,113.1,112.0,ARTHUR M ANDERSON,IMO5025691,WDH7563,70,0,233,21,8.0,70,A
366972020,2021-07-24T18:04:30,47.28802,-86.59902,11.6,112.8,112.0,ARTHUR M ANDERSON,IMO5025691,WDH7563,70,0,233,21,8.0,70,A
366972020,2021-07-24T18:12:41,47.27761,-86.56356,11.5,112.7,111.0,ARTHUR M ANDERSON,IMO5025691,WDH7563,70,0,233,21,8.0,70,A
366972020,2021-07-24T18:40:19,47.24291,-86.44471,11.4,112.9,111.0,ARTHUR M ANDERSON,IMO5025691,WDH7563,70,0,233,21,8.0,70,A
366972020,2021-07-24T18:48:30,47.23261,-86.40951,11.4,113.4,111.0,ARTHUR M ANDERSON,IMO5025691,WDH7563,70,0,233,21,8.0,70,A
366972020,2021-07-24T19:05:51,47.21091,-86.33525,11.3,113.2,112.0,ARTHUR M ANDERSON,IMO5025691,WDH7563,70,0,233,21,8.0,70,A
366972020,2021-07-24T19:12:50,47.20214,-86.30557,11.3,113.1,112.0,ARTHUR M ANDERSON,IMO5025691,WDH7563,70,0,233,21,8.0,70,A
366972020,2021-07-24T19:15:10,47.1992,-86.29565,11.3,113.3,113.0,ARTHUR M ANDERSON,IMO5025691,WDH7563,70,0,233,21,8.0,70,A
366972020,2021-07-24T19:22:09,47.19051,-86.26592,11.2,113.1,112.0,ARTHUR M ANDERSON,IMO5025691,WDH7563,70,0,233,21,8.0,70,A
366972020,2021-07-24T19:23:20,47.18907,-86.26099,11.2,113.1,113.0,ARTHUR M ANDERSON,IMO5025691,WDH7563,70,0,233,21,8.0,70,A
366972020,2021-07-24T19:24:30,47.18764,-86.25606,11.3,113.3,113.0,ARTHUR M ANDERSON,IMO5025691,WDH7563,70,0,233,21,8.0,70,A
366972020,2021-07-24T19:29:10,47.18182,-86.2362,11.3,113.3,113.0,ARTHUR M ANDERSON,IMO5025691,WDH7563,70,0,233,21,8.0,70,A
366972020,2021-07-24T19:55:50,47.14851,-86.12207,11.6,113.1,112.0,ARTHUR M ANDERSON,IMO5025691,WDH7563,70,0,233,21,8.0,70,A
366972020,2021-07-24T19:58:09,47.14555,-86.11201,11.6,113.6,113.0,ARTHUR M ANDERSON,IMO5025691,WDH7563,70,0,233,21,8.0,70,A
366972020,2021-07-24T20:07:49,47.13316,-86.0698,11.7,113.5,112.0,ARTHUR M ANDERSON,IMO5025691,WDH7563,70,0,233,21,8.0,70,A
366972020,2021-07-24T20:09:01,47.13163,-86.06455,11.7,113.0,112.0,ARTHUR M ANDERSON,IMO5025691,WDH7563,70,0,233,21,8.0,70,A
366972020,2021-07-24T20:27:30,47.1079,-85.98336,11.7,113.2,113.0,ARTHUR M ANDERSON,IMO5025691,WDH7563,70,0,233,21,8.0,70,A
366972020,2021-07-24T20:34:30,47.09887,-85.9526,11.7,113.1,112.0,ARTHUR M ANDERSON,IMO5025691,WDH7563,70,0,233,21,8.0,70,A
366972020,2021-07-24T20:45:00,47.08526,-85.90642,11.7,113.1,113.0,ARTHUR M ANDERSON,IMO5025691,WDH7563,70,0,233,21,8.0,70,A
366972020,2021-07-24T20:48:30,47.08075,-85.89095,11.8,113.0,113.0,ARTHUR M ANDERSON,IMO5025691,WDH7563,70,0,233,21,8.0,70,A
366972020,2021-07-24T20:52:00,47.07621,-85.87554,11.7,113.3,113.0,ARTHUR M ANDERSON,IMO5025691,WDH7563,70,0,233,21,8.0,70,A
366972020,2021-07-24T21:02:29,47.06258,-85.82952,11.7,112.8,112.0,ARTHUR M ANDERSON,IMO5025691,WDH7563,70,0,233,21,8.0,70,A
366972020,2021-07-24T21:03:39,47.06107,-85.82442,11.7,113.5,113.0,ARTHUR M ANDERSON,IMO5025691,WDH7563,70,0,233,21,8.0,70,A
366972020,2021-07-24T21:15:20,47.0461,-85.77339,11.6,113.5,113.0,ARTHUR M ANDERSON,IMO5025691,WDH7563,70,0,233,21,8.0,70,A
366972020,2021-07-24T21:16:30,47.0446,-85.76832,11.6,113.2,113.0,ARTHUR M ANDERSON,IMO5025691,WDH7563,70,0,233,21,8.0,70,A
366972020,2021-07-24T21:17:39,47.04315,-85.76329,11.6,112.8,113.0,ARTHUR M ANDERSON,IMO5025691,WDH7563,70,0,233,21,8.0,70,A
366972020,2021-07-24T21:21:09,47.0387,-85.74806,11.6,113.2,113.0,ARTHUR M ANDERSON,IMO5025691,WDH7563,70,0,233,21,8.0,70,A
366972020,2021-07-24T21:23:29,47.03572,-85.73791,11.6,112.6,113.0,ARTHUR M ANDERSON,IMO5025691,WDH7563,70,0,233,21,8.0,70,A
366972020,2021-07-24T21:33:49,47.02251,-85.69293,11.6,113.1,113.0,ARTHUR M ANDERSON,IMO5025691,WDH7563,70,0,233,21,8.0,70,A
366972020,2021-07-24T21:37:21,47.018,-85.67756,11.6,113.3,113.0,ARTHUR M ANDERSON,IMO5025691,WDH7563,70,0,233,21,8.0,70,A
366972020,2021-07-24T21:43:01,47.01073,-85.65282,11.7,112.8,113.0,ARTHUR M ANDERSON,IMO5025691,WDH7563,70,0,233,21,8.0,70,A
366972020,2021-07-24T21:53:29,46.99731,-85.60701,11.7,113.3,113.0,ARTHUR M ANDERSON,IMO5025691,WDH7563,70,0,233,21,8.0,70,A
366972020,2021-07-24T21:59:19,46.98971,-85.58144,11.8,113.3,113.0,ARTHUR M ANDERSON,IMO5025691,WDH7563,70,0,233,21,8.0,70,A
366972020,2021-07-24T22:22:30,46.95934,-85.47847,12.0,112.7,112.0,ARTHUR M ANDERSON,IMO5025691,WDH7563,70,0,233,21,8.0,70,A
366972020,2021-07-24T22:29:29,46.95019,-85.44719,11.9,113.0,112.0,ARTHUR M ANDERSON,IMO5025691,WDH7563,70,0,233,21,8.0,70,A
366972020,2021-07-24T22:31:49,46.94717,-85.4368,11.8,112.6,112.0,ARTHUR M ANDERSON,IMO5025691,WDH7563,70,0,233,21,8.0,70,A
366972020,2021-07-24T22:43:30,46.93188,-85.38493,11.9,113.6,113.0,ARTHUR M ANDERSON,IMO5025691,WDH7563,70,0,233,21,8.0,70,A
366972020,2021-07-24T22:47:00,46.92735,-85.36935,12.0,113.1,112.0,ARTHUR M ANDERSON,IMO5025691,WDH7563,70,0,233,21,8.0,70,A
366972020,2021-07-24T22:55:10,46.91654,-85.33268,12.0,113.2,112.0,ARTHUR M ANDERSON,IMO5025691,WDH7563,70,0,233,21,8.0,70,A
366972020,2021-07-24T23:01:10,46.90854,-85.30566,12.0,113.0,112.0,ARTHUR M ANDERSON,IMO5025691,WDH7563,70,0,233,21,8.0,70,A
366972020,2021-07-24T23:12:50,46.89316,-85.2533,12.0,113.0,112.0,ARTHUR M ANDERSON,IMO5025691,WDH7563,70,0,233,21,8.0,70,A
366972020,2021-07-24T23:14:00,46.89165,-85.24806,11.9,112.7,112.0,ARTHUR M ANDERSON,IMO5025691,WDH7563,70,0,233,21,8.0,70,A
366972020,2021-07-24T23:16:29,46.88835,-85.23705,11.9,113.4,112.0,ARTHUR M ANDERSON,IMO5025691,WDH7563,70,0,233,21,8.0,70,A
366972020,2021-07-24T23:20:00,46.88379,-85.22146,11.8,113.0,112.0,ARTHUR M ANDERSON,IMO5025691,WDH7563,70,0,233,21,8.0,70,A
366972020,2021-07-24T23:29:20,46.87174,-85.18064,11.7,113.2,112.0,ARTHUR M ANDERSON,IMO5025691,WDH7563,70,0,233,21,8.0,70,A
366972020,2021-07-24T23:40:00,46.85795,-85.13406,11.9,112.8,111.0,ARTHUR M ANDERSON,IMO5025691,WDH7563,70,0,233,21,8.0,70,A
366972020,2021-07-24T23:51:40,46.84284,-85.08252,11.8,112.9,112.0,ARTHUR M ANDERSON,IMO5025691,WDH7563,70,0,233,21,8.0,70,A
366972020,2021-07-24T23:54:59,46.83853,-85.06793,11.8,113.1,113.0,ARTHUR M ANDERSON,IMO5025691,WDH7563,70,0,233,21,8.0,70,A
366972020,2021-07-24T23:59:40,46.83244,-85.04725,11.9,113.3,113.0,ARTHUR M ANDERSON,IMO5025691,WDH7563,70,0,233,21,8.0,70,A
366972020,2021-07-25T00:01:00,46.83069,-85.04132,11.9,113.3,113.0,ARTHUR M ANDERSON,IMO5025691,WDH7563,70,0,233,21,8.0,70,A
366972020,2021-07-25T00:02:11,46.82912,-85.03606,11.9,113.4,113.0,ARTHUR M ANDERSON,IMO5025691,WDH7563,70,0,233,21,8.0,70,A
366972020,2021-07-25T00:03:19,46.8276,-85.03099,12.0,113.3,113.0,ARTHUR M ANDERSON,IMO5025691,WDH7563,70,0,233,21,8.0,70,A
366972020,2021-07-25T00:04:30,46.82603,-85.02567,12.0,113.2,113.0,ARTHUR M ANDERSON,IMO5025691,WDH7563,70,0,233,21,8.0,70,A
366972020,2021-07-25T00:05:39,46.82452,-85.02051,12.1,113.4,113.0,ARTHUR M ANDERSON,IMO5025691,WDH7563,70,0,233,21,8.0,70,A
366972020,2021-07-25T00:07:59,46.8214,-85.00998,12.1,113.6,113.0,ARTHUR M ANDERSON,IMO5025691,WDH7563,70,0,233,21,8.0,70,A
366972020,2021-07-25T00:06:51,46.82292,-85.0151,12.1,113.0,113.0,ARTHUR M ANDERSON,IMO5025691,WDH7563,70,0,233,21,8.0,70,A
366972020,2021-07-25T00:09:11,46.81976,-85.00454,12.2,113.1,113.0,ARTHUR M ANDERSON,IMO5025691,WDH7563,70,0,233,21,8.0,70,A
366972020,2021-07-25T00:11:29,46.81667,-84.99397,12.2,112.9,112.0,ARTHUR M ANDERSON,IMO5025691,WDH7563,70,0,233,21,8.0,70,A
366972020,2021-07-25T00:10:19,46.81824,-84.99937,12.2,112.9,113.0,ARTHUR M ANDERSON,IMO5025691,WDH7563,70,0,233,21,8.0,70,A
366972020,2021-07-25T00:13:39,46.81381,-84.98415,12.2,113.4,113.0,ARTHUR M ANDERSON,IMO5025691,WDH7563,70,0,233,21,8.0,70,A
366972020,2021-07-25T00:14:49,46.8122,-84.97886,12.2,113.8,113.0,ARTHUR M ANDERSON,IMO5025691,WDH7563,70,0,233,21,8.0,70,A
366972020,2021-07-25T00:12:30,46.81534,-84.9894,12.2,112.9,113.0,ARTHUR M ANDERSON,IMO5025691,WDH7563,70,0,233,21,8.0,70,A
366972020,2021-07-25T00:15:59,46.81062,-84.97353,12.3,113.1,113.0,ARTHUR M ANDERSON,IMO5025691,WDH7563,70,0,233,21,8.0,70,A
366972020,2021-07-25T00:19:29,46.80587,-84.95741,12.3,113.4,113.0,ARTHUR M ANDERSON,IMO5025691,WDH7563,70,0,233,21,8.0,70,A
366972020,2021-07-25T00:17:09,46.80904,-84.9682,12.3,113.3,113.0,ARTHUR M ANDERSON,IMO5025691,WDH7563,70,0,233,21,8.0,70,A
366972020,2021-07-25T00:20:40,46.80426,-84.95207,12.3,113.9,113.0,ARTHUR M ANDERSON,IMO5025691,WDH7563,70,0,233,21,8.0,70,A
366972020,2021-07-25T00:18:20,46.8074,-84.9627,12.3,113.2,113.0,ARTHUR M ANDERSON,IMO5025691,WDH7563,70,0,233,21,8.0,70,A
366972020,2021-07-25T00:25:00,46.79651,-84.93433,11.6,143.1,146.0,ARTHUR M ANDERSON,IMO5025691,WDH7563,70,0,233,21,8.0,70,A
366972020,2021-07-25T00:23:54,46.79924,-84.93774,12.1,129.8,132.0,ARTHUR M ANDERSON,IMO5025691,WDH7563,70,0,233,21,8.0,70,A
366972020,2021-07-25T00:28:30,46.78688,-84.92493,12.1,146.2,146.0,ARTHUR M ANDERSON,IMO5025691,WDH7563,70,0,233,21,8.0,70,A
366972020,2021-07-25T00:21:49,46.80265,-84.94679,12.3,113.7,113.0,ARTHUR M ANDERSON,IMO5025691,WDH7563,70,0,233,21,8.0,70,A
366972020,2021-07-25T00:27:20,46.79012,-84.92811,12.0,146.5,147.0,ARTHUR M ANDERSON,IMO5025691,WDH7563,70,0,233,21,8.0,70,A
366972020,2021-07-25T00:26:09,46.79341,-84.93125,11.8,146.6,148.0,ARTHUR M ANDERSON,IMO5025691,WDH7563,70,0,233,21,8.0,70,A
366972020,2021-07-25T00:29:39,46.78362,-84.92177,12.2,146.4,146.0,ARTHUR M ANDERSON,IMO5025691,WDH7563,70,0,233,21,8.0,70,A
366972020,2021-07-25T00:30:50,46.78023,-84.91852,12.3,146.7,147.0,ARTHUR M ANDERSON,IMO5025691,WDH7563,70,0,233,21,8.0,70,A
366972020,2021-07-25T00:34:19,46.77005,-84.90887,12.6,147.0,147.0,ARTHUR M ANDERSON,IMO5025691,WDH7563,70,0,233,21,8.0,70,A
366972020,2021-07-25T00:31:59,46.7769,-84.91534,12.4,146.7,146.0,ARTHUR M ANDERSON,IMO5025691,WDH7563,70,0,233,21,8.0,70,A
366972020,2021-07-25T00:35:20,46.76707,-84.90606,12.6,147.0,146.0,ARTHUR M ANDERSON,IMO5025691,WDH7563,70,0,233,21,8.0,70,A
366972020,2021-07-25T00:36:30,46.7636,-84.90282,12.7,146.9,146.0,ARTHUR M ANDERSON,IMO5025691,WDH7563,70,0,233,21,8.0,70,A
366972020,2021-07-25T00:33:09,46.77351,-84.91211,12.5,146.9,146.0,ARTHUR M ANDERSON,IMO5025691,WDH7563,70,0,233,21,8.0,70,A
366972020,2021-07-25T00:22:53,46.80116,-84.9419,12.3,116.3,115.0,ARTHUR M ANDERSON,IMO5025691,WDH7563,70,0,233,21,8.0,70,A
366972020,2021-07-25T00:37:39,46.7602,-84.89957,12.7,146.6,146.0,ARTHUR M ANDERSON,IMO5025691,WDH7563,70,0,233,21,8.0,70,A
366972020,2021-07-25T00:40:00,46.75321,-84.89287,12.8,146.7,145.0,ARTHUR M ANDERSON,IMO5025691,WDH7563,70,0,233,21,8.0,70,A
366972020,2021-07-25T00:38:50,46.75668,-84.89621,12.8,146.7,146.0,ARTHUR M ANDERSON,IMO5025691,WDH7563,70,0,233,21,8.0,70,A
366972020,2021-07-25T00:41:10,46.74972,-84.88956,12.8,146.7,145.0,ARTHUR M ANDERSON,IMO5025691,WDH7563,70,0,233,21,8.0,70,A
366972020,2021-07-25T00:42:20,46.74625,-84.88622,12.8,146.7,145.0,ARTHUR M ANDERSON,IMO5025691,WDH7563,70,0,233,21,8.0,70,A
366972020,2021-07-25T00:44:40,46.73931,-84.87954,12.7,146.2,145.0,ARTHUR M ANDERSON,IMO5025691,WDH7563,70,0,233,21,8.0,70,A
366972020,2021-07-25T00:43:30,46.74277,-84.88287,12.8,146.3,145.0,ARTHUR M ANDERSON,IMO5025691,WDH7563,70,0,233,21,8.0,70,A
366972020,2021-07-25T00:45:49,46.73587,-84.87623,12.6,146.3,145.0,ARTHUR M ANDERSON,IMO5025691,WDH7563,70,0,233,21,8.0,70,A
366972020,2021-07-25T00:50:29,46.72243,-84.86336,12.2,147.2,147.0,ARTHUR M ANDERSON,IMO5025691,WDH7563,70,0,233,21,8.0,70,A
366972020,2021-07-25T00:47:00,46.73251,-84.87284,12.5,144.9,145.0,ARTHUR M ANDERSON,IMO5025691,WDH7563,70,0,233,21,8.0,70,A
366972020,2021-07-25T00:48:09,46.72916,-84.86958,12.4,147.2,148.0,ARTHUR M ANDERSON,IMO5025691,WDH7563,70,0,233,21,8.0,70,A
366972020,2021-07-25T00:49:19,46.72583,-84.86651,12.3,147.5,147.0,ARTHUR M ANDERSON,IMO5025691,WDH7563,70,0,233,21,8.0,70,A
366972020,2021-07-25T00:55:00,46.70971,-84.85117,12.1,146.6,145.0,ARTHUR M ANDERSON,IMO5025691,WDH7563,70,0,233,21,8.0,70,A
366972020,2021-07-25T00:52:49,46.71582,-84.85701,12.1,146.6,146.0,ARTHUR M ANDERSON,IMO5025691,WDH7563,70,0,233,21,8.0,70,A
366972020,2021-07-25T00:53:50,46.71299,-84.85432,12.1,146.9,146.0,ARTHUR M ANDERSON,IMO5025691,WDH7563,70,0,233,21,8.0,70,A
366972020,2021-07-25T00:58:29,46.69995,-84.84178,12.0,146.7,145.0,ARTHUR M ANDERSON,IMO5025691,WDH7563,70,0,233,21,8.0,70,A
366972020,2021-07-25T00:59:39,46.69673,-84.83872,12.0,146.5,145.0,ARTHUR M ANDERSON,IMO5025691,WDH7563,70,0,233,21,8.0,70,A
366972020,2021-07-25T01:01:09,46.69259,-84.83466,12.0,146.2,144.0,ARTHUR M ANDERSON,IMO5025691,WDH7563,70,0,233,21,8.0,70,A
366972020,2021-07-25T00:57:19,46.70326,-84.84493,12.0,146.4,145.0,ARTHUR M ANDERSON,IMO5025691,WDH7563,70,0,233,21,8.0,70,A
366972020,2021-07-25T00:59:59,46.69581,-84.83782,12.0,146.2,144.0,ARTHUR M ANDERSON,IMO5025691,WDH7563,70,0,233,21,8.0,70,A
366972020,2021-07-25T01:02:21,46.68925,-84.83144,12.0,146.7,145.0,ARTHUR M ANDERSON,IMO5025691,WDH7563,70,0,233,21,8.0,70,A
366972020,2021-07-25T01:05:49,46.67956,-84.8222,12.0,145.7,144.0,ARTHUR M ANDERSON,IMO5025691,WDH7563,70,0,233,21,8.0,70,A
366972020,2021-07-25T01:03:29,46.68606,-84.82844,12.0,147.1,145.0,ARTHUR M ANDERSON,IMO5025691,WDH7563,70,0,233,21,8.0,70,A
366972020,2021-07-25T01:09:11,46.67024,-84.81309,11.9,146.2,144.0,ARTHUR M ANDERSON,IMO5025691,WDH7563,70,0,233,21,8.0,70,A
366972020,2021-07-25T01:06:59,46.67628,-84.81898,12.0,146.2,144.0,ARTHUR M ANDERSON,IMO5025691,WDH7563,70,0,233,21,8.0,70,A
366972020,2021-07-25T01:11:40,46.66338,-84.8064,11.9,145.9,144.0,ARTHUR M ANDERSON,IMO5025691,WDH7563,70,0,233,21,8.0,70,A
366972020,2021-07-25T01:08:00,46.67351,-84.81628,12.0,146.0,144.0,ARTHUR M ANDERSON,IMO5025691,WDH7563,70,0,233,21,8.0,70,A
366972020,2021-07-25T01:10:21,46.66706,-84.80999,11.9,146.3,145.0,ARTHUR M ANDERSON,IMO5025691,WDH7563,70,0,233,21,8.0,70,A
366972020,2021-07-25T01:13:59,46.65693,-84.80019,12.0,146.8,145.0,ARTHUR M ANDERSON,IMO5025691,WDH7563,70,0,233,21,8.0,70,A
366972020,2021-07-25T01:12:51,46.66009,-84.80319,12.0,146.0,144.0,ARTHUR M ANDERSON,IMO5025691,WDH7563,70,0,233,21,8.0,70,A
366972020,2021-07-25T01:16:10,46.65083,-84.79435,12.0,146.2,144.0,ARTHUR M ANDERSON,IMO5025691,WDH7563,70,0,233,21,8.0,70,A
366972020,2021-07-25T01:17:21,46.64757,-84.7912,12.0,146.5,145.0,ARTHUR M ANDERSON,IMO5025691,WDH7563,70,0,233,21,8.0,70,A
366972020,2021-07-25T01:19:40,46.64103,-84.78495,12.0,146.2,144.0,ARTHUR M ANDERSON,IMO5025691,WDH7563,70,0,233,21,8.0,70,A
366972020,2021-07-25T01:15:00,46.65412,-84.79752,12.0,146.9,145.0,ARTHUR M ANDERSON,IMO5025691,WDH7563,70,0,233,21,8.0,70,A
366972020,2021-07-25T01:20:41,46.63824,-84.78225,12.0,146.5,145.0,ARTHUR M ANDERSON,IMO5025691,WDH7563,70,0,233,21,8.0,70,A
366972020,2021-07-25T01:21:50,46.63496,-84.77912,12.0,146.4,145.0,ARTHUR M ANDERSON,IMO5025691,WDH7563,70,0,233,21,8.0,70,A
366972020,2021-07-25T01:23:00,46.6317,-84.776,12.0,146.4,145.0,ARTHUR M ANDERSON,IMO5025691,WDH7563,70,0,233,21,8.0,70,A
366972020,2021-07-25T01:25:10,46.6258,-84.77001,11.9,141.4,139.0,ARTHUR M ANDERSON,IMO5025691,WDH7563,70,0,233,21,8.0,70,A
366972020,2021-07-25T01:18:29,46.64434,-84.78814,12.0,146.8,145.0,ARTHUR M ANDERSON,IMO5025691,WDH7563,70,0,233,21,8.0,70,A
366972020,2021-07-25T01:27:21,46.62026,-84.76317,12.0,139.5,138.0,ARTHUR M ANDERSON,IMO5025691,WDH7563,70,0,233,21,8.0,70,A
366972020,2021-07-25T01:28:30,46.61733,-84.75956,12.0,140.0,138.0,ARTHUR M ANDERSON,IMO5025691,WDH7563,70,0,233,21,8.0,70,A
366972020,2021-07-25T01:24:01,46.62891,-84.77329,12.0,146.1,144.0,ARTHUR M ANDERSON,IMO5025691,WDH7563,70,0,233,21,8.0,70,A
366972020,2021-07-25T01:30:50,46.61133,-84.75218,12.0,139.8,138.0,ARTHUR M ANDERSON,IMO5025691,WDH7563,70,0,233,21,8.0,70,A
366972020,2021-07-25T01:32:59,46.60583,-84.7454,12.1,139.5,137.0,ARTHUR M ANDERSON,IMO5025691,WDH7563,70,0,233,21,8.0,70,A
366972020,2021-07-25T01:31:51,46.60877,-84.74904,12.0,139.9,138.0,ARTHUR M ANDERSON,IMO5025691,WDH7563,70,0,233,21,8.0,70,A
366972020,2021-07-25T01:37:20,46.5947,-84.73161,12.0,140.0,138.0,ARTHUR M ANDERSON,IMO5025691,WDH7563,70,0,233,21,8.0,70,A
366972020,2021-07-25T01:26:20,46.62277,-84.76633,11.9,138.9,137.0,ARTHUR M ANDERSON,IMO5025691,WDH7563,70,0,233,21,8.0,70,A
366972020,2021-07-25T01:36:10,46.59774,-84.73532,12.1,139.8,138.0,ARTHUR M ANDERSON,IMO5025691,WDH7563,70,0,233,21,8.0,70,A
366972020,2021-07-25T01:38:30,46.5917,-84.72795,12.0,139.8,138.0,ARTHUR M ANDERSON,IMO5025691,WDH7563,70,0,233,21,8.0,70,A
366972020,2021-07-25T01:40:41,46.58615,-84.72103,12.0,139.3,137.0,ARTHUR M ANDERSON,IMO5025691,WDH7563,70,0,233,21,8.0,70,A
366972020,2021-07-25T01:41:51,46.58317,-84.71731,12.0,139.4,138.0,ARTHUR M ANDERSON,IMO5025691,WDH7563,70,0,233,21,8.0,70,A
366972020,2021-07-25T01:34:00,46.60328,-84.7422,12.1,139.0,137.0,ARTHUR M ANDERSON,IMO5025691,WDH7563,70,0,233,21,8.0,70,A
366972020,2021-07-25T01:52:00,46.55733,-84.68531,11.9,139.4,138.0,ARTHUR M ANDERSON,IMO5025691,WDH7563,70,0,233,21,8.0,70,A
366972020,2021-07-25T01:35:09,46.60031,-84.73846,12.1,139.2,137.0,ARTHUR M ANDERSON,IMO5025691,WDH7563,70,0,233,21,8.0,70,A
366972020,2021-07-25T01:39:31,46.58915,-84.7248,12.0,139.1,137.0,ARTHUR M ANDERSON,IMO5025691,WDH7563,70,0,233,21,8.0,70,A
366972020,2021-07-25T01:49:50,46.56283,-84.69208,12.0,139.5,138.0,ARTHUR M ANDERSON,IMO5025691,WDH7563,70,0,233,21,8.0,70,A
366972020,2021-07-25T01:50:51,46.5603,-84.68896,12.0,139.6,138.0,ARTHUR M ANDERSON,IMO5025691,WDH7563,70,0,233,21,8.0,70,A
366972020,2021-07-25T01:53:10,46.55438,-84.68166,11.9,139.4,138.0,ARTHUR M ANDERSON,IMO5025691,WDH7563,70,0,233,21,8.0,70,A
366972020,2021-07-25T01:54:19,46.55147,-84.67806,11.9,139.3,138.0,ARTHUR M ANDERSON,IMO5025691,WDH7563,70,0,233,21,8.0,70,A
366972020,2021-07-25T01:43:00,46.58024,-84.71367,12.0,139.4,138.0,ARTHUR M ANDERSON,IMO5025691,WDH7563,70,0,233,21,8.0,70,A
366972020,2021-07-25T01:55:30,46.54844,-84.67427,11.9,138.9,137.0,ARTHUR M ANDERSON,IMO5025691,WDH7563,70,0,233,21,8.0,70,A
366972020,2021-07-25T01:46:30,46.57133,-84.70255,12.0,139.1,138.0,ARTHUR M ANDERSON,IMO5025691,WDH7563,70,0,233,21,8.0,70,A
366972020,2021-07-25T00:51:40,46.71905,-84.86012,12.2,146.4,145.0,ARTHUR M ANDERSON,IMO5025691,WDH7563,70,0,233,21,8.0,70,A
366972020,2021-07-25T01:44:10,46.57727,-84.70996,12.0,139.1,137.0,ARTHUR M ANDERSON,IMO5025691,WDH7563,70,0,233,21,8.0,70,A
366972020,2021-07-25T01:59:50,46.5379,-84.6603,11.9,137.0,135.0,ARTHUR M ANDERSON,IMO5025691,WDH7563,70,0,233,21,8.0,70,A
366972020,2021-07-25T01:45:20,46.5743,-84.70626,12.0,139.3,138.0,ARTHUR M ANDERSON,IMO5025691,WDH7563,70,0,233,21,8.0,70,A
366972020,2021-07-25T02:02:20,46.53189,-84.6521,11.8,136.5,135.0,ARTHUR M ANDERSON,IMO5025691,WDH7563,70,0,233,21,8.0,70,A
366972020,2021-07-25T02:08:00,46.5185,-84.63336,11.8,136.0,135.0,ARTHUR M ANDERSON,IMO5025691,WDH7563,70,0,233,21,8.0,70,A
366972020,2021-07-25T02:05:50,46.52359,-84.64049,11.8,135.9,135.0,ARTHUR M ANDERSON,IMO5025691,WDH7563,70,0,233,21,8.0,70,A
366972020,2021-07-25T00:56:09,46.70645,-84.84802,12.0,146.2,145.0,ARTHUR M ANDERSON,IMO5025691,WDH7563,70,0,233,21,8.0,70,A
366972020,2021-07-25T02:06:59,46.52087,-84.63669,11.8,135.7,134.0,ARTHUR M ANDERSON,IMO5025691,WDH7563,70,0,233,21,8.0,70,A
366972020,2021-07-25T02:03:29,46.52915,-84.64829,11.8,136.1,134.0,ARTHUR M ANDERSON,IMO5025691,WDH7563,70,0,233,21,8.0,70,A
366972020,2021-07-25T02:09:10,46.51564,-84.6296,11.6,138.4,137.0,ARTHUR M ANDERSON,IMO5025691,WDH7563,70,0,233,21,8.0,70,A
366972020,2021-07-25T02:10:11,46.51322,-84.62653,11.4,138.6,137.0,ARTHUR M ANDERSON,IMO5025691,WDH7563,70,0,233,21,8.0,70,A
366972020,2021-07-25T02:12:31,46.5078,-84.61928,11.3,134.6,134.0,ARTHUR M ANDERSON,IMO5025691,WDH7563,70,0,233,21,8.0,70,A
366972020,2021-07-25T01:56:31,46.54597,-84.67108,11.9,137.9,136.0,ARTHUR M ANDERSON,IMO5025691,WDH7563,70,0,233,21,8.0,70,A
366972020,2021-07-25T01:58:40,46.54073,-84.6641,11.9,137.2,135.0,ARTHUR M ANDERSON,IMO5025691,WDH7563,70,0,233,21,8.0,70,A
366972020,2021-07-25T02:13:40,46.50522,-84.61549,11.3,134.7,134.0,ARTHUR M ANDERSON,IMO5025691,WDH7563,70,0,233,21,8.0,70,A
366972020,2021-07-25T02:16:00,46.49996,-84.60817,11.2,138.0,137.0,ARTHUR M ANDERSON,IMO5025691,WDH7563,70,0,233,21,8.0,70,A
366972020,2021-07-25T02:19:11,46.49253,-84.59867,11.1,138.2,137.0,ARTHUR M ANDERSON,IMO5025691,WDH7563,70,0,233,21,8.0,70,A
366972020,2021-07-25T02:01:10,46.53472,-84.65599,11.8,136.7,135.0,ARTHUR M ANDERSON,IMO5025691,WDH7563,70,0,233,21,8.0,70,A
366972020,2021-07-25T02:04:40,46.52634,-84.64436,11.8,135.8,134.0,ARTHUR M ANDERSON,IMO5025691,WDH7563,70,0,233,21,8.0,70,A
366972020,2021-07-25T02:21:29,46.48725,-84.59186,11.0,138.1,137.0,ARTHUR M ANDERSON,IMO5025691,WDH7563,70,0,233,21,8.0,70,A
366972020,2021-07-25T02:22:40,46.48447,-84.58827,11.5,137.9,137.0,ARTHUR M ANDERSON,IMO5025691,WDH7563,70,0,233,21,8.0,70,A
366972020,2021-07-25T02:23:49,46.48167,-84.58464,11.6,138.2,137.0,ARTHUR M ANDERSON,IMO5025691,WDH7563,70,0,233,21,8.0,70,A
366972020,2021-07-25T02:14:49,46.50269,-84.61178,11.2,135.5,134.0,ARTHUR M ANDERSON,IMO5025691,WDH7563,70,0,233,21,8.0,70,A
366972020,2021-07-25T02:26:00,46.4764,-84.57791,11.6,138.5,138.0,ARTHUR M ANDERSON,IMO5025691,WDH7563,70,0,233,21,8.0,70,A
366972020,2021-07-25T02:24:50,46.47925,-84.58152,11.7,138.7,137.0,ARTHUR M ANDERSON,IMO5025691,WDH7563,70,0,233,21,8.0,70,A
366972020,2021-07-25T02:28:20,46.4708,-84.5708,11.3,138.4,137.0,ARTHUR M ANDERSON,IMO5025691,WDH7563,70,0,233,21,8.0,70,A
366972020,2021-07-25T01:04:39,46.6828,-84.82533,12.0,146.7,145.0,ARTHUR M ANDERSON,IMO5025691,WDH7563,70,0,233,21,8.0,70,A
366972020,2021-07-25T02:11:21,46.51042,-84.62291,11.3,137.8,137.0,ARTHUR M ANDERSON,IMO5025691,WDH7563,70,0,233,21,8.0,70,A
366972020,2021-07-25T02:32:50,46.46034,-84.55727,11.4,138.4,138.0,ARTHUR M ANDERSON,IMO5025691,WDH7563,70,0,233,21,8.0,70,A
366972020,2021-07-25T02:36:11,46.45242,-84.54707,11.2,137.2,137.0,ARTHUR M ANDERSON,IMO5025691,WDH7563,70,0,233,21,8.0,70,A
366972020,2021-07-25T02:30:40,46.46538,-84.56384,11.1,137.3,137.0,ARTHUR M ANDERSON,IMO5025691,WDH7563,70,0,233,21,8.0,70,A
366972020,2021-07-25T02:18:10,46.49485,-84.60164,11.1,138.9,138.0,ARTHUR M ANDERSON,IMO5025691,WDH7563,70,0,233,21,8.0,70,A
366972020,2021-07-25T02:27:11,46.47353,-84.57426,11.6,138.7,138.0,ARTHUR M ANDERSON,IMO5025691,WDH7563,70,0,233,21,8.0,70,A
366972020,2021-07-25T02:20:20,46.48989,-84.59527,11.0,138.5,137.0,ARTHUR M ANDERSON,IMO5025691,WDH7563,70,0,233,21,8.0,70,A
366972020,2021-07-25T02:40:20,46.44963,-84.53088,10.3,76.4,76.0,ARTHUR M ANDERSON,IMO5025691,WDH7563,70,0,233,21,8.0,70,A
366972020,2021-07-25T02:17:01,46.49764,-84.60516,11.2,138.5,138.0,ARTHUR M ANDERSON,IMO5025691,WDH7563,70,0,233,21,8.0,70,A
366972020,2021-07-25T02:39:16,46.4491,-84.5351,10.3,86.6,88.0,ARTHUR M ANDERSON,IMO5025691,WDH7563,70,0,233,21,8.0,70,A
366972020,2021-07-25T02:41:29,46.45047,-84.52616,10.4,75.5,74.0,ARTHUR M ANDERSON,IMO5025691,WDH7563,70,0,233,21,8.0,70,A
366972020,2021-07-25T02:47:10,46.45482,-84.50252,10.5,75.3,74.0,ARTHUR M ANDERSON,IMO5025691,WDH7563,70,0,233,21,8.0,70,A
366972020,2021-07-25T02:42:40,46.45139,-84.52128,10.7,74.5,74.0,ARTHUR M ANDERSON,IMO5025691,WDH7563,70,0,233,21,8.0,70,A
366972020,2021-07-25T02:46:09,46.45407,-84.50671,10.6,75.5,75.0,ARTHUR M ANDERSON,IMO5025691,WDH7563,70,0,233,21,8.0,70,A
366972020,2021-07-25T02:44:59,46.4532,-84.51157,10.8,75.6,75.0,ARTHUR M ANDERSON,IMO5025691,WDH7563,70,0,233,21,8.0,70,A
366972020,2021-07-25T02:48:19,46.45567,-84.49787,10.3,75.4,74.0,ARTHUR M ANDERSON,IMO5025691,WDH7563,70,0,233,21,8.0,70,A
366972020,2021-07-25T02:51:39,46.45805,-84.48498,9.7,74.3,73.0,ARTHUR M ANDERSON,IMO5025691,WDH7563,70,0,233,21,8.0,70,A
366972020,2021-07-25T02:53:54,46.45979,-84.47661,9.4,68.4,68.0,ARTHUR M ANDERSON,IMO5025691,WDH7563,70,0,233,21,8.0,70,A
366972020,2021-07-25T02:52:51,46.45893,-84.48053,9.6,73.9,73.0,ARTHUR M ANDERSON,IMO5025691,WDH7563,70,0,233,21,8.0,70,A
366972020,2021-07-25T02:38:14,46.44933,-84.53946,10.5,107.5,108.0,ARTHUR M ANDERSON,IMO5025691,WDH7563,70,0,233,21,8.0,70,A
366972020,2021-07-25T02:50:30,46.45722,-84.48932,9.8,75.2,74.0,ARTHUR M ANDERSON,IMO5025691,WDH7563,70,0,233,21,8.0,70,A
366972020,2021-07-25T03:00:10,46.47031,-84.46317,7.6,35.1,34.0,ARTHUR M ANDERSON,IMO5025691,WDH7563,70,0,233,21,8.0,70,A
366972020,2021-07-25T02:35:00,46.45519,-84.55067,11.4,138.6,138.0,ARTHUR M ANDERSON,IMO5025691,WDH7563,70,0,233,21,8.0,70,A
366972020,2021-07-25T02:59:21,46.46885,-84.46465,7.6,35.1,34.0,ARTHUR M ANDERSON,IMO5025691,WDH7563,70,0,233,21,8.0,70,A
366972020,2021-07-25T02:58:20,46.4671,-84.46643,7.7,35.7,34.0,ARTHUR M ANDERSON,IMO5025691,WDH7563,70,0,233,21,8.0,70,A
366972020,2021-07-25T03:03:20,46.47536,-84.45701,7.5,51.0,50.0,ARTHUR M ANDERSON,IMO5025691,WDH7563,70,0,233,21,8.0,70,A
366972020,2021-07-25T03:02:13,46.47377,-84.45949,7.5,41.2,39.0,ARTHUR M ANDERSON,IMO5025691,WDH7563,70,0,233,21,8.0,70,A
366972020,2021-07-25T02:56:00,46.46297,-84.4709,8.2,40.2,38.0,ARTHUR M ANDERSON,IMO5025691,WDH7563,70,0,233,21,8.0,70,A
366972020,2021-07-25T02:57:11,46.46505,-84.46859,7.8,36.4,34.0,ARTHUR M ANDERSON,IMO5025691,WDH7563,70,0,233,21,8.0,70,A
366972020,2021-07-25T02:37:13,46.45051,-84.54344,10.7,121.3,122.0,ARTHUR M ANDERSON,IMO5025691,WDH7563,70,0,233,21,8.0,70,A
366972020,2021-07-25T03:08:01,46.48107,-84.44567,7.4,55.0,53.0,ARTHUR M ANDERSON,IMO5025691,WDH7563,70,0,233,21,8.0,70,A
366972020,2021-07-25T03:04:30,46.47685,-84.45418,7.4,53.1,53.0,ARTHUR M ANDERSON,IMO5025691,WDH7563,70,0,233,21,8.0,70,A
366972020,2021-07-25T02:43:51,46.45232,-84.51633,10.8,74.7,74.0,ARTHUR M ANDERSON,IMO5025691,WDH7563,70,0,233,21,8.0,70,A
366972020,2021-07-25T03:05:39,46.47826,-84.4514,7.4,54.1,53.0,ARTHUR M ANDERSON,IMO5025691,WDH7563,70,0,233,21,8.0,70,A
366972020,2021-07-25T03:12:40,46.48673,-84.43428,7.3,53.3,52.0,ARTHUR M ANDERSON,IMO5025691,WDH7563,70,0,233,21,8.0,70,A
366972020,2021-07-25T03:13:41,46.48792,-84.43197,7.0,53.7,53.0,ARTHUR M ANDERSON,IMO5025691,WDH7563,70,0,233,21,8.0,70,A
366972020,2021-07-25T01:29:40,46.61431,-84.75585,12.0,139.6,138.0,ARTHUR M ANDERSON,IMO5025691,WDH7563,70,0,233,21,8.0,70,A
366972020,2021-07-25T03:15:59,46.4905,-84.42688,6.6,53.5,53.0,ARTHUR M ANDERSON,IMO5025691,WDH7563,70,0,233,21,8.0,70,A
366972020,2021-07-25T03:20:30,46.49406,-84.41709,5.5,70.1,71.0,ARTHUR M ANDERSON,IMO5025691,WDH7563,70,0,233,21,8.0,70,A
366972020,2021-07-25T03:21:41,46.49465,-84.41466,5.2,71.0,71.0,ARTHUR M ANDERSON,IMO5025691,WDH7563,70,0,233,21,8.0,70,A
366972020,2021-07-25T03:25:01,46.49612,-84.40829,4.8,72.2,71.0,ARTHUR M ANDERSON,IMO5025691,WDH7563,70,0,233,21,8.0,70,A
366972020,2021-07-25T02:49:29,46.45652,-84.49319,10.0,75.4,74.0,ARTHUR M ANDERSON,IMO5025691,WDH7563,70,0,233,21,8.0,70,A
366972020,2021-07-25T03:06:50,46.47969,-84.44853,7.4,54.5,52.0,ARTHUR M ANDERSON,IMO5025691,WDH7563,70,0,233,21,8.0,70,A
366972020,2021-07-25T02:54:58,46.46121,-84.47334,8.8,51.0,50.0,ARTHUR M ANDERSON,IMO5025691,WDH7563,70,0,233,21,8.0,70,A
366972020,2021-07-25T03:28:20,46.49737,-84.40238,4.4,75.3,73.0,ARTHUR M ANDERSON,IMO5025691,WDH7563,70,0,233,21,8.0,70,A
366972020,2021-07-25T03:24:00,46.49569,-84.41015,4.9,71.6,71.0,ARTHUR M ANDERSON,IMO5025691,WDH7563,70,0,233,21,8.0,70,A
366972020,2021-07-25T03:27:11,46.49695,-84.40441,4.5,72.3,71.0,ARTHUR M ANDERSON,IMO5025691,WDH7563,70,0,233,21,8.0,70,A
366972020,2021-07-25T03:09:11,46.48243,-84.4428,7.4,55.0,53.0,ARTHUR M ANDERSON,IMO5025691,WDH7563,70,0,233,21,8.0,70,A
366972020,2021-07-25T03:30:30,46.49802,-84.3987,4.2,75.0,74.0,ARTHUR M ANDERSON,IMO5025691,WDH7563,70,0,233,21,8.0,70,A
366972020,2021-07-25T03:11:30,46.48527,-84.43713,7.5,53.4,53.0,ARTHUR M ANDERSON,IMO5025691,WDH7563,70,0,233,21,8.0,70,A
366972020,2021-07-25T03:33:51,46.49906,-84.39323,4.1,73.9,74.0,ARTHUR M ANDERSON,IMO5025691,WDH7563,70,0,233,21,8.0,70,A
366972020,2021-07-25T03:14:51,46.48923,-84.42937,6.8,53.7,53.0,ARTHUR M ANDERSON,IMO5025691,WDH7563,70,0,233,21,8.0,70,A
366972020,2021-07-25T03:31:40,46.49837,-84.39677,4.2,75.2,74.0,ARTHUR M ANDERSON,IMO5025691,WDH7563,70,0,233,21,8.0,70,A
366972020,2021-07-25T03:38:21,46.50049,-84.38613,4.0,74.3,75.0,ARTHUR M ANDERSON,IMO5025691,WDH7563,70,0,233,21,8.0,70,A
366972020,2021-07-25T03:46:10,46.50169,-84.37425,3.5,81.5,80.0,ARTHUR M ANDERSON,IMO5025691,WDH7563,70,0,233,21,8.0,70,A
366972020,2021-07-25T03:40:31,46.50095,-84.3827,3.9,80.4,82.0,ARTHUR M ANDERSON,IMO5025691,WDH7563,70,0,233,21,8.0,70,A
366972020,2021-07-25T03:47:21,46.50182,-84.37263,3.4,84.9,83.0,ARTHUR M ANDERSON,IMO5025691,WDH7563,70,0,233,21,8.0,70,A
366972020,2021-07-25T03:41:40,46.50113,-84.38094,3.8,81.2,82.0,ARTHUR M ANDERSON,IMO5025691,WDH7563,70,0,233,21,8.0,70,A
366972020,2021-07-25T03:19:21,46.49346,-84.41952,5.8,69.1,68.0,ARTHUR M ANDERSON,IMO5025691,WDH7563,70,0,233,21,8.0,70,A
366972020,2021-07-25T03:42:50,46.5013,-84.37915,3.8,83.3,82.0,ARTHUR M ANDERSON,IMO5025691,WDH7563,70,0,233,21,8.0,70,A
366972020,2021-07-25T03:39:30,46.50075,-84.38428,3.9,80.7,80.0,ARTHUR M ANDERSON,IMO5025691,WDH7563,70,0,233,21,8.0,70,A
366972020,2021-07-25T03:49:30,46.50202,-84.36964,3.3,84.9,85.0,ARTHUR M ANDERSON,IMO5025691,WDH7563,70,0,233,21,8.0,70,A
366972020,2021-07-25T03:51:41,46.50224,-84.36671,3.2,84.2,84.0,ARTHUR M ANDERSON,IMO5025691,WDH7563,70,0,233,21,8.0,70,A
366972020,2021-07-25T03:43:51,46.50141,-84.37763,3.7,84.1,81.0,ARTHUR M ANDERSON,IMO5025691,WDH7563,70,0,233,21,8.0,70,A
366972020,2021-07-25T03:52:50,46.50231,-84.36524,3.1,85.3,85.0,ARTHUR M ANDERSON,IMO5025691,WDH7563,70,0,233,21,8.0,70,A
366972020,2021-07-25T03:48:29,46.50193,-84.37099,3.4,84.4,85.0,ARTHUR M ANDERSON,IMO5025691,WDH7563,70,0,233,21,8.0,70,A
366972020,2021-07-25T03:55:00,46.50247,-84.36264,2.8,85.4,85.0,ARTHUR M ANDERSON,IMO5025691,WDH7563,70,0,233,21,8.0,70,A
366972020,2021-07-25T03:58:30,46.50271,-84.35885,2.7,85.4,85.0,ARTHUR M ANDERSON,IMO5025691,WDH7563,70,0,233,21,8.0,70,A
366972020,2021-07-25T03:59:31,46.50278,-84.35776,2.6,85.7,85.0,ARTHUR M ANDERSON,IMO5025691,WDH7563,70,0,233,21,8.0,70,A
366972020,2021-07-25T04:00:00,46.5028,-84.35727,2.4,85.0,85.0,ARTHUR M ANDERSON,IMO5025691,WDH7563,70,0,233,21,8.0,70,A
366972020,2021-07-25T03:29:21,46.49766,-84.40065,4.3,75.8,75.0,ARTHUR M ANDERSON,IMO5025691,WDH7563,70,0,233,21,8.0,70,A
366972020,2021-07-25T04:02:09,46.50289,-84.35539,1.8,87.3,86.0,ARTHUR M ANDERSON,IMO5025691,WDH7563,70,0,233,21,8.0,70,A
366972020,2021-07-25T01:47:39,46.5684,-84.69892,12.0,139.3,138.0,ARTHUR M ANDERSON,IMO5025691,WDH7563,70,0,233,21,8.0,70,A
366972020,2021-07-25T01:48:40,46.56586,-84.69578,12.0,139.5,138.0,ARTHUR M ANDERSON,IMO5025691,WDH7563,70,0,233,21,8.0,70,A
366972020,2021-07-25T04:04:30,46.50296,-84.35398,1.3,88.8,86.0,ARTHUR M ANDERSON,IMO5025691,WDH7563,70,0,233,21,8.0,70,A
366972020,2021-07-25T03:26:10,46.49656,-84.40617,4.6,72.3,71.0,ARTHUR M ANDERSON,IMO5025691,WDH7563,70,0,233,21,8.0,70,A
366972020,2021-07-25T04:08:00,46.50303,-84.35221,1.2,86.5,86.0,ARTHUR M ANDERSON,IMO5025691,WDH7563,70,0,233,21,8.0,70,A
366972020,2021-07-25T04:06:50,46.50301,-84.35281,1.2,84.2,86.0,ARTHUR M ANDERSON,IMO5025691,WDH7563,70,0,233,21,8.0,70,A
366972020,2021-07-25T04:09:10,46.50306,-84.35171,0.9,86.8,86.0,ARTHUR M ANDERSON,IMO5025691,WDH7563,70,0,233,21,8.0,70,A
366972020,2021-07-25T03:32:41,46.49868,-84.39514,4.1,73.9,74.0,ARTHUR M ANDERSON,IMO5025691,WDH7563,70,0,233,21,8.0,70,A
366972020,2021-07-25T04:12:29,46.50309,-84.35112,0.0,143.1,86.0,ARTHUR M ANDERSON,IMO5025691,WDH7563,70,0,233,21,8.0,70,A
366972020,2021-07-25T04:14:40,46.50308,-84.35113,0.0,156.4,86.0,ARTHUR M ANDERSON,IMO5025691,WDH7563,70,0,233,21,8.0,70,A
366972020,2021-07-25T04:13:30,46.50308,-84.35112,0.0,300.3,86.0,ARTHUR M ANDERSON,IMO5025691,WDH7563,70,0,233,21,8.0,70,A
366972020,2021-07-25T03:37:20,46.50017,-84.38772,4.0,74.0,75.0,ARTHUR M ANDERSON,IMO5025691,WDH7563,70,0,233,21,8.0,70,A
366972020,2021-07-25T03:45:00,46.50154,-84.37591,3.6,83.7,81.0,ARTHUR M ANDERSON,IMO5025691,WDH7563,70,0,233,21,8.0,70,A
366972020,2021-07-25T01:57:39,46.54317,-84.66736,11.9,137.4,136.0,ARTHUR M ANDERSON,IMO5025691,WDH7563,70,0,233,21,8.0,70,A
366972020,2021-07-25T04:18:59,46.50308,-84.35113,0.0,220.8,86.0,ARTHUR M ANDERSON,IMO5025691,WDH7563,70,0,233,21,8.0,70,A
366972020,2021-07-25T02:00:00,46.5375,-84.65976,11.9,137.1,135.0,ARTHUR M ANDERSON,IMO5025691,WDH7563,70,0,233,21,8.0,70,A
366972020,2021-07-25T04:30:10,46.50308,-84.35113,0.0,285.5,86.0,ARTHUR M ANDERSON,IMO5025691,WDH7563,70,0,233,21,8.0,70,A
366972020,2021-07-25T04:31:19,46.50309,-84.35114,0.0,230.9,86.0,ARTHUR M ANDERSON,IMO5025691,WDH7563,70,0,233,21,8.0,70,A
366972020,2021-07-25T04:32:30,46.50308,-84.35114,0.0,70.1,86.0,ARTHUR M ANDERSON,IMO5025691,WDH7563,70,0,233,21,8.0,70,A
366972020,2021-07-25T03:53:59,46.5024,-84.36381,3.0,85.1,85.0,ARTHUR M ANDERSON,IMO5025691,WDH7563,70,0,233,21,8.0,70,A
366972020,2021-07-25T04:34:51,46.50309,-84.35097,0.3,88.3,86.0,ARTHUR M ANDERSON,IMO5025691,WDH7563,70,0,233,21,8.0,70,A
366972020,2021-07-25T03:50:40,46.50214,-84.36804,3.3,83.2,84.0,ARTHUR M ANDERSON,IMO5025691,WDH7563,70,0,233,21,8.0,70,A
366972020,2021-07-25T04:37:09,46.50308,-84.3504,0.8,89.7,87.0,ARTHUR M ANDERSON,IMO5025691,WDH7563,70,0,233,21,8.0,70,A
366972020,2021-07-25T04:33:40,46.50308,-84.3511,0.1,88.2,86.0,ARTHUR M ANDERSON,IMO5025691,WDH7563,70,0,233,21,8.0,70,A
366972020,2021-07-25T04:27:50,46.50308,-84.35116,0.0,312.4,86.0,ARTHUR M ANDERSON,IMO5025691,WDH7563,70,0,233,21,8.0,70,A
366972020,2021-07-25T04:36:00,46.50309,-84.35076,0.5,91.7,86.0,ARTHUR M ANDERSON,IMO5025691,WDH7563,70,0,233,21,8.0,70,A
366972020,2021-07-25T04:40:30,46.50312,-84.34885,1.4,88.1,87.0,ARTHUR M ANDERSON,IMO5025691,WDH7563,70,0,233,21,8.0,70,A
366972020,2021-07-25T04:41:31,46.50314,-84.34825,1.4,87.3,87.0,ARTHUR M ANDERSON,IMO5025691,WDH7563,70,0,233,21,8.0,70,A
366972020,2021-07-25T04:38:10,46.50309,-84.35003,0.9,88.0,87.0,ARTHUR M ANDERSON,IMO5025691,WDH7563,70,0,233,21,8.0,70,A
366972020,2021-07-25T04:43:40,46.5031,-84.34695,1.5,91.0,89.0,ARTHUR M ANDERSON,IMO5025691,WDH7563,70,0,233,21,8.0,70,A
366972020,2021-07-25T04:44:49,46.50312,-84.34625,1.5,88.7,89.0,ARTHUR M ANDERSON,IMO5025691,WDH7563,70,0,233,21,8.0,70,A
366972020,2021-07-25T04:45:50,46.50312,-84.34561,1.6,91.1,89.0,ARTHUR M ANDERSON,IMO5025691,WDH7563,70,0,233,21,8.0,70,A
366972020,2021-07-25T04:05:39,46.50296,-84.35339,1.2,86.2,87.0,ARTHUR M ANDERSON,IMO5025691,WDH7563,70,0,233,21,8.0,70,A
366972020,2021-07-25T04:48:00,46.50301,-84.34404,1.9,98.1,94.0,ARTHUR M ANDERSON,IMO5025691,WDH7563,70,0,233,21,8.0,70,A
366972020,2021-07-25T04:53:31,46.50247,-84.33932,2.3,107.2,103.0,ARTHUR M ANDERSON,IMO5025691,WDH7563,70,0,233,21,8.0,70,A
366972020,2021-07-25T04:46:51,46.50308,-84.34491,1.7,95.4,91.0,ARTHUR M ANDERSON,IMO5025691,WDH7563,70,0,233,21,8.0,70,A
366972020,2021-07-25T04:42:39,46.50312,-84.34757,1.5,93.0,88.0,ARTHUR M ANDERSON,IMO5025691,WDH7563,70,0,233,21,8.0,70,A
366972020,2021-07-25T04:10:11,46.50308,-84.35138,0.7,86.4,86.0,ARTHUR M ANDERSON,IMO5025691,WDH7563,70,0,233,21,8.0,70,A
366972020,2021-07-25T04:11:20,46.50309,-84.35116,0.3,90.6,86.0,ARTHUR M ANDERSON,IMO5025691,WDH7563,70,0,233,21,8.0,70,A
366972020,2021-07-25T04:55:40,46.50196,-84.33734,2.4,112.1,111.0,ARTHUR M ANDERSON,IMO5025691,WDH7563,70,0,233,21,8.0,70,A
366972020,2021-07-25T04:57:50,46.50141,-84.33526,2.6,111.2,111.0,ARTHUR M ANDERSON,IMO5025691,WDH7563,70,0,233,21,8.0,70,A
366972020,2021-07-25T04:15:41,46.50308,-84.35113,0.0,159.1,86.0,ARTHUR M ANDERSON,IMO5025691,WDH7563,70,0,233,21,8.0,70,A
366972020,2021-07-25T04:51:20,46.50279,-84.34125,2.1,99.0,96.0,ARTHUR M ANDERSON,IMO5025691,WDH7563,70,0,233,21,8.0,70,A
366972020,2021-07-25T04:17:51,46.50308,-84.35112,0.0,227.1,86.0,ARTHUR M ANDERSON,IMO5025691,WDH7563,70,0,233,21,8.0,70,A
366972020,2021-07-25T04:56:49,46.50167,-84.33624,2.5,109.9,111.0,ARTHUR M ANDERSON,IMO5025691,WDH7563,70,0,233,21,8.0,70,A
366972020,2021-07-25T04:23:21,46.50308,-84.35115,0.0,304.5,86.0,ARTHUR M ANDERSON,IMO5025691,WDH7563,70,0,233,21,8.0,70,A
366972020,2021-07-25T02:29:31,46.46799,-84.56721,11.2,138.5,138.0,ARTHUR M ANDERSON,IMO5025691,WDH7563,70,0,233,21,8.0,70,A
366972020,2021-07-25T04:58:59,46.50111,-84.3341,2.6,110.8,111.0,ARTHUR M ANDERSON,IMO5025691,WDH7563,70,0,233,21,8.0,70,A
366972020,2021-07-25T05:09:11,46.49774,-84.32159,4.7,111.3,111.0,ARTHUR M ANDERSON,IMO5025691,WDH7563,70,0,233,21,8.0,70,A
366972020,2021-07-25T05:07:59,46.49829,-84.32361,4.2,112.4,111.0,ARTHUR M ANDERSON,IMO5025691,WDH7563,70,0,233,21,8.0,70,A
366972020,2021-07-25T04:24:29,46.50308,-84.35114,0.0,251.3,86.0,ARTHUR M ANDERSON,IMO5025691,WDH7563,70,0,233,21,8.0,70,A
366972020,2021-07-25T05:11:31,46.49645,-84.31696,5.6,112.2,111.0,ARTHUR M ANDERSON,IMO5025691,WDH7563,70,0,233,21,8.0,70,A
366972020,2021-07-25T02:31:49,46.46271,-84.5603,11.2,137.6,137.0,ARTHUR M ANDERSON,IMO5025691,WDH7563,70,0,233,21,8.0,70,A
366972020,2021-07-25T05:01:09,46.50049,-84.33189,2.7,110.7,111.0,ARTHUR M ANDERSON,IMO5025691,WDH7563,70,0,233,21,8.0,70,A
366972020,2021-07-25T02:33:51,46.45793,-84.55418,11.4,138.4,138.0,ARTHUR M ANDERSON,IMO5025691,WDH7563,70,0,233,21,8.0,70,A
366972020,2021-07-25T04:26:49,46.50308,-84.35115,0.0,328.9,86.0,ARTHUR M ANDERSON,IMO5025691,WDH7563,70,0,233,21,8.0,70,A
366972020,2021-07-25T05:05:40,46.49918,-84.32689,3.3,111.1,111.0,ARTHUR M ANDERSON,IMO5025691,WDH7563,70,0,233,21,8.0,70,A
366972020,2021-07-25T05:06:50,46.49876,-84.32531,3.7,110.9,111.0,ARTHUR M ANDERSON,IMO5025691,WDH7563,70,0,233,21,8.0,70,A
366972020,2021-07-25T04:21:10,46.50309,-84.35111,0.0,273.7,86.0,ARTHUR M ANDERSON,IMO5025691,WDH7563,70,0,233,21,8.0,70,A
366972020,2021-07-25T04:25:41,46.50308,-84.35115,0.0,216.5,86.0,ARTHUR M ANDERSON,IMO5025691,WDH7563,70,0,233,21,8.0,70,A
366972020,2021-07-25T05:20:10,46.48698,-84.30082,6.6,152.9,153.0,ARTHUR M ANDERSON,IMO5025691,WDH7563,70,0,233,21,8.0,70,A
366972020,2021-07-25T05:10:20,46.49712,-84.31938,5.2,111.8,111.0,ARTHUR M ANDERSON,IMO5025691,WDH7563,70,0,233,21,8.0,70,A
366972020,2021-07-25T05:25:49,46.47691,-84.2935,7.4,153.0,153.0,ARTHUR M ANDERSON,IMO5025691,WDH7563,70,0,233,21,8.0,70,A
366972020,2021-07-25T05:12:40,46.49575,-84.31446,5.9,111.7,110.0,ARTHUR M ANDERSON,IMO5025691,WDH7563,70,0,233,21,8.0,70,A
366972020,2021-07-25T04:39:20,46.5031,-84.34951,1.2,87.9,87.0,ARTHUR M ANDERSON,IMO5025691,WDH7563,70,0,233,21,8.0,70,A
366972020,2021-07-25T05:28:09,46.47257,-84.29029,7.5,153.3,153.0,ARTHUR M ANDERSON,IMO5025691,WDH7563,70,0,233,21,8.0,70,A
366972020,2021-07-25T05:16:00,46.49319,-84.30692,6.5,125.9,124.0,ARTHUR M ANDERSON,IMO5025691,WDH7563,70,0,233,21,8.0,70,A
366972020,2021-07-25T05:30:31,46.46808,-84.28703,7.6,152.9,153.0,ARTHUR M ANDERSON,IMO5025691,WDH7563,70,0,233,21,8.0,70,A
366972020,2021-07-25T05:33:50,46.46183,-84.28236,7.6,152.0,152.0,ARTHUR M ANDERSON,IMO5025691,WDH7563,70,0,233,21,8.0,70,A
366972020,2021-07-25T05:23:40,46.48083,-84.29639,7.2,153.2,153.0,ARTHUR M ANDERSON,IMO5025691,WDH7563,70,0,233,21,8.0,70,A
366972020,2021-07-25T05:36:01,46.45768,-84.27923,7.7,152.7,153.0,ARTHUR M ANDERSON,IMO5025691,WDH7563,70,0,233,21,8.0,70,A
366972020,2021-07-25T05:24:41,46.47902,-84.29505,7.3,153.0,153.0,ARTHUR M ANDERSON,IMO5025691,WDH7563,70,0,233,21,8.0,70,A
366972020,2021-07-25T05:27:01,46.47469,-84.29185,7.5,152.8,153.0,ARTHUR M ANDERSON,IMO5025691,WDH7563,70,0,233,21,8.0,70,A
366972020,2021-07-25T05:37:10,46.45544,-84.27754,7.8,151.3,152.0,ARTHUR M ANDERSON,IMO5025691,WDH7563,70,0,233,21,8.0,70,A
366972020,2021-07-25T05:39:30,46.45113,-84.27377,7.7,148.5,148.0,ARTHUR M ANDERSON,IMO5025691,WDH7563,70,0,233,21,8.0,70,A
366972020,2021-07-25T05:38:21,46.45327,-84.27566,7.7,148.5,148.0,ARTHUR M ANDERSON,IMO5025691,WDH7563,70,0,233,21,8.0,70,A
366972020,2021-07-25T05:40:31,46.44931,-84.27212,7.7,148.2,148.0,ARTHUR M ANDERSON,IMO5025691,WDH7563,70,0,233,21,8.0,70,A
366972020,2021-07-25T05:45:10,46.44128,-84.26387,7.5,142.6,142.0,ARTHUR M ANDERSON,IMO5025691,WDH7563,70,0,233,21,8.0,70,A
366972020,2021-07-25T04:49:09,46.50293,-84.34311,2.0,95.9,95.0,ARTHUR M ANDERSON,IMO5025691,WDH7563,70,0,233,21,8.0,70,A
366972020,2021-07-25T05:46:20,46.43931,-84.26176,7.5,143.5,143.0,ARTHUR M ANDERSON,IMO5025691,WDH7563,70,0,233,21,8.0,70,A
366972020,2021-07-25T05:42:49,46.44523,-84.26812,7.5,143.3,142.0,ARTHUR M ANDERSON,IMO5025691,WDH7563,70,0,233,21,8.0,70,A
366972020,2021-07-25T04:50:10,46.50287,-84.34227,2.1,94.8,94.0,ARTHUR M ANDERSON,IMO5025691,WDH7563,70,0,233,21,8.0,70,A
366972020,2021-07-25T05:49:41,46.43353,-84.25588,7.6,151.2,150.0,ARTHUR M ANDERSON,IMO5025691,WDH7563,70,0,233,21,8.0,70,A
366972020,2021-07-25T05:44:01,46.44321,-84.26596,7.5,143.3,143.0,ARTHUR M ANDERSON,IMO5025691,WDH7563,70,0,233,21,8.0,70,A
366972020,2021-07-25T05:00:01,46.50081,-84.33306,2.7,112.7,111.0,ARTHUR M ANDERSON,IMO5025691,WDH7563,70,0,233,21,8.0,70,A
366972020,2021-07-25T05:35:00,46.45959,-84.28066,7.7,152.1,152.0,ARTHUR M ANDERSON,IMO5025691,WDH7563,70,0,233,21,8.0,70,A
366972020,2021-07-25T05:50:50,46.43132,-84.25454,7.4,159.7,160.0,ARTHUR M ANDERSON,IMO5025691,WDH7563,70,0,233,21,8.0,70,A
366972020,2021-07-25T05:03:30,46.49983,-84.3294,2.8,110.5,111.0,ARTHUR M ANDERSON,IMO5025691,WDH7563,70,0,233,21,8.0,70,A
366972020,2021-07-25T05:58:51,46.41586,-84.24653,7.3,160.7,160.0,ARTHUR M ANDERSON,IMO5025691,WDH7563,70,0,233,21,8.0,70,A
366972020,2021-07-25T05:51:51,46.4294,-84.2535,7.3,159.4,160.0,ARTHUR M ANDERSON,IMO5025691,WDH7563,70,0,233,21,8.0,70,A
366972020,2021-07-25T05:41:41,46.44716,-84.27018,7.6,146.5,147.0,ARTHUR M ANDERSON,IMO5025691,WDH7563,70,0,233,21,8.0,70,A
366972020,2021-07-25T06:01:09,46.41138,-84.24425,7.3,160.1,159.0,ARTHUR M ANDERSON,IMO5025691,WDH7563,70,0,233,21,8.0,70,A
366972020,2021-07-25T06:02:19,46.40915,-84.24306,7.3,159.7,159.0,ARTHUR M ANDERSON,IMO5025691,WDH7563,70,0,233,21,8.0,70,A
366972020,2021-07-25T05:13:49,46.49503,-84.31182,6.2,111.6,110.0,ARTHUR M ANDERSON,IMO5025691,WDH7563,70,0,233,21,8.0,70,A
366972020,2021-07-25T06:04:41,46.40462,-84.24069,7.3,159.5,159.0,ARTHUR M ANDERSON,IMO5025691,WDH7563,70,0,233,21,8.0,70,A
366972020,2021-07-25T06:05:51,46.40244,-84.23956,7.2,159.9,159.0,ARTHUR M ANDERSON,IMO5025691,WDH7563,70,0,233,21,8.0,70,A
366972020,2021-07-25T03:01:11,46.47203,-84.46139,7.6,35.0,34.0,ARTHUR M ANDERSON,IMO5025691,WDH7563,70,0,233,21,8.0,70,A
366972020,2021-07-25T05:00:00,46.50081,-84.33306,2.7,112.7,111.0,ARTHUR M ANDERSON,IMO5025691,WDH7563,70,0,233,21,8.0,70,A
366972020,2021-07-25T06:09:20,46.39589,-84.23607,7.1,159.7,159.0,ARTHUR M ANDERSON,IMO5025691,WDH7563,70,0,233,21,8.0,70,A
366972020,2021-07-25T06:07:00,46.40028,-84.23841,7.2,160.0,159.0,ARTHUR M ANDERSON,IMO5025691,WDH7563,70,0,233,21,8.0,70,A
366972020,2021-07-25T05:02:20,46.50015,-84.33063,2.8,111.0,111.0,ARTHUR M ANDERSON,IMO5025691,WDH7563,70,0,233,21,8.0,70,A
366972020,2021-07-25T05:53:01,46.42715,-84.2523,7.3,159.5,160.0,ARTHUR M ANDERSON,IMO5025691,WDH7563,70,0,233,21,8.0,70,A
366972020,2021-07-25T06:10:21,46.39404,-84.23505,7.1,159.2,159.0,ARTHUR M ANDERSON,IMO5025691,WDH7563,70,0,233,21,8.0,70,A
366972020,2021-07-25T06:11:31,46.39184,-84.23385,7.1,159.1,159.0,ARTHUR M ANDERSON,IMO5025691,WDH7563,70,0,233,21,8.0,70,A
366972020,2021-07-25T05:19:09,46.48861,-84.30205,6.5,152.7,153.0,ARTHUR M ANDERSON,IMO5025691,WDH7563,70,0,233,21,8.0,70,A
366972020,2021-07-25T06:14:59,46.38546,-84.23033,7.0,159.1,159.0,ARTHUR M ANDERSON,IMO5025691,WDH7563,70,0,233,21,8.0,70,A
366972020,2021-07-25T06:19:29,46.37715,-84.22592,7.0,159.8,160.0,ARTHUR M ANDERSON,IMO5025691,WDH7563,70,0,233,21,8.0,70,A
366972020,2021-07-25T05:14:50,46.4943,-84.30949,6.4,117.4,115.0,ARTHUR M ANDERSON,IMO5025691,WDH7563,70,0,233,21,8.0,70,A
366972020,2021-07-25T06:12:40,46.38971,-84.23268,7.1,158.9,159.0,ARTHUR M ANDERSON,IMO5025691,WDH7563,70,0,233,21,8.0,70,A
366972020,2021-07-25T06:03:30,46.40688,-84.24188,7.3,160.3,159.0,ARTHUR M ANDERSON,IMO5025691,WDH7563,70,0,233,21,8.0,70,A
366972020,2021-07-25T05:17:03,46.49186,-84.30487,6.5,138.2,137.0,ARTHUR M ANDERSON,IMO5025691,WDH7563,70,0,233,21,8.0,70,A
366972020,2021-07-25T06:28:39,46.36068,-84.21712,6.8,159.8,159.0,ARTHUR M ANDERSON,IMO5025691,WDH7563,70,0,233,21,8.0,70,A
366972020,2021-07-25T06:25:10,46.36694,-84.22044,6.8,159.5,159.0,ARTHUR M ANDERSON,IMO5025691,WDH7563,70,0,233,21,8.0,70,A
366972020,2021-07-25T03:10:20,46.48383,-84.43997,7.4,54.3,53.0,ARTHUR M ANDERSON,IMO5025691,WDH7563,70,0,233,21,8.0,70,A
366972020,2021-07-25T05:21:21,46.48495,-84.29935,6.8,153.6,153.0,ARTHUR M ANDERSON,IMO5025691,WDH7563,70,0,233,21,8.0,70,A
366972020,2021-07-25T05:22:29,46.48296,-84.29794,7.1,153.7,153.0,ARTHUR M ANDERSON,IMO5025691,WDH7563,70,0,233,21,8.0,70,A
366972020,2021-07-25T06:22:51,46.37107,-84.22266,6.8,159.9,160.0,ARTHUR M ANDERSON,IMO5025691,WDH7563,70,0,233,21,8.0,70,A
366972020,2021-07-25T06:32:00,46.35466,-84.21443,6.8,164.3,164.0,ARTHUR M ANDERSON,IMO5025691,WDH7563,70,0,233,21,8.0,70,A
366972020,2021-07-25T06:33:10,46.35254,-84.21358,6.8,165.5,165.0,ARTHUR M ANDERSON,IMO5025691,WDH7563,70,0,233,21,8.0,70,A
366972020,2021-07-25T06:26:19,46.36487,-84.21935,6.8,159.6,159.0,ARTHUR M ANDERSON,IMO5025691,WDH7563,70,0,233,21,8.0,70,A
366972020,2021-07-25T05:29:20,46.47035,-84.28868,7.6,153.2,152.0,ARTHUR M ANDERSON,IMO5025691,WDH7563,70,0,233,21,8.0,70,A
366972020,2021-07-25T06:34:13,46.35057,-84.2132,6.7,177.7,176.0,ARTHUR M ANDERSON,IMO5025691,WDH7563,70,0,233,21,8.0,70,A
366972020,2021-07-25T03:17:09,46.49175,-84.42439,6.5,54.0,53.0,ARTHUR M ANDERSON,IMO5025691,WDH7563,70,0,233,21,8.0,70,A
366972020,2021-07-25T03:18:10,46.49267,-84.4222,6.2,63.0,60.0,ARTHUR M ANDERSON,IMO5025691,WDH7563,70,0,233,21,8.0,70,A
366972020,2021-07-25T05:32:49,46.46373,-84.2838,7.6,152.9,153.0,ARTHUR M ANDERSON,IMO5025691,WDH7563,70,0,233,21,8.0,70,A
366972020,2021-07-25T06:43:20,46.33379,-84.2137,6.6,181.7,181.0,ARTHUR M ANDERSON,IMO5025691,WDH7563,70,0,233,21,8.0,70,A
366972020,2021-07-25T06:36:31,46.34635,-84.21327,6.5,180.8,181.0,ARTHUR M ANDERSON,IMO5025691,WDH7563,70,0,233,21,8.0,70,A
366972020,2021-07-25T06:40:01,46.33992,-84.21343,6.6,181.7,181.0,ARTHUR M ANDERSON,IMO5025691,WDH7563,70,0,233,21,8.0,70,A
366972020,2021-07-25T03:22:50,46.49519,-84.4124,5.1,71.6,71.0,ARTHUR M ANDERSON,IMO5025691,WDH7563,70,0,233,21,8.0,70,A
366972020,2021-07-25T06:48:59,46.32337,-84.21419,6.6,181.6,181.0,ARTHUR M ANDERSON,IMO5025691,WDH7563,70,0,233,21,8.0,70,A
366972020,2021-07-25T06:50:10,46.32118,-84.21429,6.6,181.9,182.0,ARTHUR M ANDERSON,IMO5025691,WDH7563,70,0,233,21,8.0,70,A
366972020,2021-07-25T06:38:49,46.34212,-84.21334,6.6,181.3,181.0,ARTHUR M ANDERSON,IMO5025691,WDH7563,70,0,233,21,8.0,70,A
366972020,2021-07-25T06:44:21,46.33194,-84.21378,6.6,181.8,182.0,ARTHUR M ANDERSON,IMO5025691,WDH7563,70,0,233,21,8.0,70,A
366972020,2021-07-25T06:53:30,46.31507,-84.21449,6.6,180.6,181.0,ARTHUR M ANDERSON,IMO5025691,WDH7563,70,0,233,21,8.0,70,A
366972020,2021-07-25T05:47:31,46.43734,-84.25966,7.5,144.2,143.0,ARTHUR M ANDERSON,IMO5025691,WDH7563,70,0,233,21,8.0,70,A
366972020,2021-07-25T05:48:39,46.43538,-84.25759,7.6,143.7,143.0,ARTHUR M ANDERSON,IMO5025691,WDH7563,70,0,233,21,8.0,70,A
366972020,2021-07-25T06:29:40,46.3589,-84.21618,6.8,160.8,160.0,ARTHUR M ANDERSON,IMO5025691,WDH7563,70,0,233,21,8.0,70,A
366972020,2021-07-25T06:30:50,46.35677,-84.21531,6.7,164.6,164.0,ARTHUR M ANDERSON,IMO5025691,WDH7563,70,0,233,21,8.0,70,A
366972020,2021-07-25T06:46:40,46.32764,-84.21398,6.6,182.2,182.0,ARTHUR M ANDERSON,IMO5025691,WDH7563,70,0,233,21,8.0,70,A
366972020,2021-07-25T07:00:00,46.30362,-84.21496,6.0,182.0,182.0,ARTHUR M ANDERSON,IMO5025691,WDH7563,70,0,233,21,8.0,70,A
366972020,2021-07-25T03:35:00,46.49943,-84.39142,4.0,73.5,75.0,ARTHUR M ANDERSON,IMO5025691,WDH7563,70,0,233,21,8.0,70,A
366972020,2021-07-25T03:36:09,46.4998,-84.38959,4.0,73.7,75.0,ARTHUR M ANDERSON,IMO5025691,WDH7563,70,0,233,21,8.0,70,A
366972020,2021-07-25T06:59:19,46.30477,-84.21491,6.0,181.6,182.0,ARTHUR M ANDERSON,IMO5025691,WDH7563,70,0,233,21,8.0,70,A
366972020,2021-07-25T06:52:29,46.31692,-84.21444,6.6,181.7,181.0,ARTHUR M ANDERSON,IMO5025691,WDH7563,70,0,233,21,8.0,70,A
366972020,2021-07-25T05:55:20,46.42265,-84.24992,7.3,160.8,160.0,ARTHUR M ANDERSON,IMO5025691,WDH7563,70,0,233,21,8.0,70,A
366972020,2021-07-25T06:54:39,46.31294,-84.21457,6.5,181.1,181.0,ARTHUR M ANDERSON,IMO5025691,WDH7563,70,0,233,21,8.0,70,A
366972020,2021-07-25T05:56:31,46.42036,-84.24877,7.3,161.2,161.0,ARTHUR M ANDERSON,IMO5025691,WDH7563,70,0,233,21,8.0,70,A
366972020,2021-07-25T07:08:00,46.29066,-84.2153,5.6,173.7,176.0,ARTHUR M ANDERSON,IMO5025691,WDH7563,70,0,233,21,8.0,70,A
366972020,2021-07-25T07:09:02,46.28906,-84.21485,5.5,165.0,167.0,ARTHUR M ANDERSON,IMO5025691,WDH7563,70,0,233,21,8.0,70,A
366972020,2021-07-25T07:05:40,46.29436,-84.21535,5.7,181.2,181.0,ARTHUR M ANDERSON,IMO5025691,WDH7563,70,0,233,21,8.0,70,A
366972020,2021-07-25T07:02:19,46.2998,-84.21516,5.8,181.6,182.0,ARTHUR M ANDERSON,IMO5025691,WDH7563,70,0,233,21,8.0,70,A
366972020,2021-07-25T07:15:39,46.28039,-84.20661,5.7,143.3,144.0,ARTHUR M ANDERSON,IMO5025691,WDH7563,70,0,233,21,8.0,70,A
366972020,2021-07-25T05:57:40,46.41812,-84.24768,7.4,161.3,160.0,ARTHUR M ANDERSON,IMO5025691,WDH7563,70,0,233,21,8.0,70,A
366972020,2021-07-25T07:13:29,46.28321,-84.20958,5.7,144.3,144.0,ARTHUR M ANDERSON,IMO5025691,WDH7563,70,0,233,21,8.0,70,A
366972020,2021-07-25T06:08:10,46.39807,-84.23724,7.1,159.4,159.0,ARTHUR M ANDERSON,IMO5025691,WDH7563,70,0,233,21,8.0,70,A
366972020,2021-07-25T06:00:01,46.4136,-84.2454,7.3,160.4,160.0,ARTHUR M ANDERSON,IMO5025691,WDH7563,70,0,233,21,8.0,70,A
366972020,2021-07-25T07:16:49,46.27888,-84.20499,5.9,143.2,144.0,ARTHUR M ANDERSON,IMO5025691,WDH7563,70,0,233,21,8.0,70,A
366972020,2021-07-25T07:14:30,46.2819,-84.20821,5.7,143.1,144.0,ARTHUR M ANDERSON,IMO5025691,WDH7563,70,0,233,21,8.0,70,A
366972020,2021-07-25T06:51:19,46.31906,-84.21438,6.6,181.1,181.0,ARTHUR M ANDERSON,IMO5025691,WDH7563,70,0,233,21,8.0,70,A
366972020,2021-07-25T06:18:20,46.37929,-84.22705,7.0,159.7,160.0,ARTHUR M ANDERSON,IMO5025691,WDH7563,70,0,233,21,8.0,70,A
366972020,2021-07-25T06:20:41,46.37501,-84.22476,6.9,159.1,159.0,ARTHUR M ANDERSON,IMO5025691,WDH7563,70,0,233,21,8.0,70,A
366972020,2021-07-25T07:21:10,46.27294,-84.19863,6.2,143.5,143.0,ARTHUR M ANDERSON,IMO5025691,WDH7563,70,0,233,21,8.0,70,A
366972020,2021-07-25T06:55:49,46.31081,-84.21465,6.4,181.2,181.0,ARTHUR M ANDERSON,IMO5025691,WDH7563,70,0,233,21,8.0,70,A
366972020,2021-07-25T07:24:30,46.26822,-84.19361,6.4,142.9,143.0,ARTHUR M ANDERSON,IMO5025691,WDH7563,70,0,233,21,8.0,70,A
366972020,2021-07-25T07:31:29,46.25762,-84.18331,6.7,153.8,152.0,ARTHUR M ANDERSON,IMO5025691,WDH7563,70,0,233,21,8.0,70,A
366972020,2021-07-25T07:30:20,46.25947,-84.18487,6.7,148.1,148.0,ARTHUR M ANDERSON,IMO5025691,WDH7563,70,0,233,21,8.0,70,A
366972020,2021-07-25T07:04:31,46.29624,-84.21528,5.8,181.1,181.0,ARTHUR M ANDERSON,IMO5025691,WDH7563,70,0,233,21,8.0,70,A
366972020,2021-07-25T07:35:00,46.25129,-84.18067,6.7,166.1,167.0,ARTHUR M ANDERSON,IMO5025691,WDH7563,70,0,233,21,8.0,70,A
366972020,2021-07-25T06:16:00,46.38361,-84.22933,7.0,159.3,160.0,ARTHUR M ANDERSON,IMO5025691,WDH7563,70,0,233,21,8.0,70,A
366972020,2021-07-25T06:17:11,46.38137,-84.22817,7.0,160.6,161.0,ARTHUR M ANDERSON,IMO5025691,WDH7563,70,0,233,21,8.0,70,A
366972020,2021-07-25T07:06:49,46.29254,-84.21541,5.7,181.4,181.0,ARTHUR M ANDERSON,IMO5025691,WDH7563,70,0,233,21,8.0,70,A
366972020,2021-07-25T07:33:49,46.25342,-84.1814,6.7,165.8,166.0,ARTHUR M ANDERSON,IMO5025691,WDH7563,70,0,233,21,8.0,70,A
366972020,2021-07-25T07:39:39,46.24253,-84.17804,7.0,168.3,168.0,ARTHUR M ANDERSON,IMO5025691,WDH7563,70,0,233,21,8.0,70,A
366972020,2021-07-25T03:56:11,46.50256,-84.36133,2.6,84.2,85.0,ARTHUR M ANDERSON,IMO5025691,WDH7563,70,0,233,21,8.0,70,A
366972020,2021-07-25T07:10:03,46.28765,-84.21399,5.5,152.3,155.0,ARTHUR M ANDERSON,IMO5025691,WDH7563,70,0,233,21,8.0,70,A
366972020,2021-07-25T07:11:09,46.28621,-84.2127,5.6,146.7,148.0,ARTHUR M ANDERSON,IMO5025691,WDH7563,70,0,233,21,8.0,70,A
366972020,2021-07-25T03:57:20,46.50263,-84.36011,2.6,84.0,84.0,ARTHUR M ANDERSON,IMO5025691,WDH7563,70,0,233,21,8.0,70,A
366972020,2021-07-25T06:35:19,46.34851,-84.21324,6.5,181.1,181.0,ARTHUR M ANDERSON,IMO5025691,WDH7563,70,0,233,21,8.0,70,A
366972020,2021-07-25T07:37:21,46.24693,-84.17935,6.9,168.6,168.0,ARTHUR M ANDERSON,IMO5025691,WDH7563,70,0,233,21,8.0,70,A
366972020,2021-07-25T07:12:19,46.28471,-84.21116,5.7,143.7,144.0,ARTHUR M ANDERSON,IMO5025691,WDH7563,70,0,233,21,8.0,70,A
366972020,2021-07-25T07:45:20,46.23192,-84.17481,6.7,167.3,167.0,ARTHUR M ANDERSON,IMO5025691,WDH7563,70,0,233,21,8.0,70,A
366972020,2021-07-25T07:48:50,46.22549,-84.17275,6.8,167.0,167.0,ARTHUR M ANDERSON,IMO5025691,WDH7563,70,0,233,21,8.0,70,A
366972020,2021-07-25T07:46:30,46.22979,-84.17413,6.7,167.4,168.0,ARTHUR M ANDERSON,IMO5025691,WDH7563,70,0,233,21,8.0,70,A
366972020,2021-07-25T07:17:50,46.27756,-84.20357,6.0,143.8,144.0,ARTHUR M ANDERSON,IMO5025691,WDH7563,70,0,233,21,8.0,70,A
366972020,2021-07-25T04:01:01,46.50285,-84.35632,2.2,85.6,85.0,ARTHUR M ANDERSON,IMO5025691,WDH7563,70,0,233,21,8.0,70,A
366972020,2021-07-25T07:49:52,46.22365,-84.17187,6.7,157.6,159.0,ARTHUR M ANDERSON,IMO5025691,WDH7563,70,0,233,21,8.0,70,A
366972020,2021-07-25T07:55:09,46.21659,-84.16183,7.1,128.4,129.0,ARTHUR M ANDERSON,IMO5025691,WDH7563,70,0,233,21,8.0,70,A
366972020,2021-07-25T06:24:00,46.36902,-84.22158,6.8,160.3,160.0,ARTHUR M ANDERSON,IMO5025691,WDH7563,70,0,233,21,8.0,70,A
366972020,2021-07-25T04:03:20,46.50293,-84.35465,1.5,84.0,86.0,ARTHUR M ANDERSON,IMO5025691,WDH7563,70,0,233,21,8.0,70,A
366972020,2021-07-25T07:56:11,46.21535,-84.15958,7.1,128.4,128.0,ARTHUR M ANDERSON,IMO5025691,WDH7563,70,0,233,21,8.0,70,A
366972020,2021-07-25T07:25:40,46.26655,-84.1918,6.5,143.8,144.0,ARTHUR M ANDERSON,IMO5025691,WDH7563,70,0,233,21,8.0,70,A
366972020,2021-07-25T06:27:30,46.36275,-84.21822,6.8,159.7,159.0,ARTHUR M ANDERSON,IMO5025691,WDH7563,70,0,233,21,8.0,70,A
366972020,2021-07-25T07:26:50,46.26485,-84.18998,6.5,143.3,144.0,ARTHUR M ANDERSON,IMO5025691,WDH7563,70,0,233,21,8.0,70,A
366972020,2021-07-25T07:28:00,46.26313,-84.18814,6.5,143.9,143.0,ARTHUR M ANDERSON,IMO5025691,WDH7563,70,0,233,21,8.0,70,A
366972020,2021-07-25T07:53:01,46.21928,-84.16643,6.8,131.0,131.0,ARTHUR M ANDERSON,IMO5025691,WDH7563,70,0,233,21,8.0,70,A
366972020,2021-07-25T06:47:49,46.32552,-84.21408,6.6,181.7,182.0,ARTHUR M ANDERSON,IMO5025691,WDH7563,70,0,233,21,8.0,70,A
366972020,2021-07-25T07:32:39,46.25556,-84.18223,6.7,163.2,162.0,ARTHUR M ANDERSON,IMO5025691,WDH7563,70,0,233,21,8.0,70,A
366972020,2021-07-25T07:57:20,46.21385,-84.15689,7.3,128.7,128.0,ARTHUR M ANDERSON,IMO5025691,WDH7563,70,0,233,21,8.0,70,A
366972020,2021-07-25T08:08:50,46.19665,-84.12544,10.1,128.3,128.0,ARTHUR M ANDERSON,IMO5025691,WDH7563,70,0,233,21,8.0,70,A
366972020,2021-07-25T08:12:11,46.19054,-84.1144,10.8,128.4,128.0,ARTHUR M ANDERSON,IMO5025691,WDH7563,70,0,233,21,8.0,70,A
366972020,2021-07-25T08:02:10,46.20732,-84.14499,8.4,128.0,128.0,ARTHUR M ANDERSON,IMO5025691,WDH7563,70,0,233,21,8.0,70,A
366972020,2021-07-25T08:14:29,46.18608,-84.1064,11.1,128.7,128.0,ARTHUR M ANDERSON,IMO5025691,WDH7563,70,0,233,21,8.0,70,A
366972020,2021-07-25T06:41:11,46.33775,-84.21352,6.6,181.6,181.0,ARTHUR M ANDERSON,IMO5025691,WDH7563,70,0,233,21,8.0,70,A
366972020,2021-07-25T08:06:32,46.20059,-84.13264,9.5,128.1,128.0,ARTHUR M ANDERSON,IMO5025691,WDH7563,70,0,233,21,8.0,70,A
366972020,2021-07-25T08:16:49,46.18153,-84.09825,11.4,128.7,128.0,ARTHUR M ANDERSON,IMO5025691,WDH7563,70,0,233,21,8.0,70,A
366972020,2021-07-25T08:19:02,46.17714,-84.09039,11.5,129.0,128.0,ARTHUR M ANDERSON,IMO5025691,WDH7563,70,0,233,21,8.0,70,A
366972020,2021-07-25T08:21:20,46.17247,-84.08206,11.4,128.9,128.0,ARTHUR M ANDERSON,IMO5025691,WDH7563,70,0,233,21,8.0,70,A
366972020,2021-07-25T08:25:50,46.16363,-84.06614,11.2,128.1,127.0,ARTHUR M ANDERSON,IMO5025691,WDH7563,70,0,233,21,8.0,70,A
366972020,2021-07-25T07:19:00,46.27592,-84.20182,6.1,143.8,144.0,ARTHUR M ANDERSON,IMO5025691,WDH7563,70,0,233,21,8.0,70,A
366972020,2021-07-25T08:32:50,46.15002,-84.04134,11.2,128.4,128.0,ARTHUR M ANDERSON,IMO5025691,WDH7563,70,0,233,21,8.0,70,A
366972020,2021-07-25T06:58:10,46.30672,-84.21481,6.1,181.9,182.0,ARTHUR M ANDERSON,IMO5025691,WDH7563,70,0,233,21,8.0,70,A
366972020,2021-07-25T07:01:09,46.30171,-84.21507,5.9,182.0,182.0,ARTHUR M ANDERSON,IMO5025691,WDH7563,70,0,233,21,8.0,70,A
366972020,2021-07-25T08:37:30,46.14097,-84.02509,11.1,128.9,128.0,ARTHUR M ANDERSON,IMO5025691,WDH7563,70,0,233,21,8.0,70,A
366972020,2021-07-25T08:24:49,46.16562,-84.06975,11.3,128.5,128.0,ARTHUR M ANDERSON,IMO5025691,WDH7563,70,0,233,21,8.0,70,A
366972020,2021-07-25T07:29:09,46.26136,-84.1865,6.5,149.2,148.0,ARTHUR M ANDERSON,IMO5025691,WDH7563,70,0,233,21,8.0,70,A
366972020,2021-07-25T08:46:20,46.11626,-84.01398,11.2,178.6,178.0,ARTHUR M ANDERSON,IMO5025691,WDH7563,70,0,233,21,8.0,70,A
366972020,2021-07-25T07:59:59,46.21032,-84.15049,7.8,128.1,128.0,ARTHUR M ANDERSON,IMO5025691,WDH7563,70,0,233,21,8.0,70,A
366972020,2021-07-25T04:16:50,46.50308,-84.35112,0.0,103.6,86.0,ARTHUR M ANDERSON,IMO5025691,WDH7563,70,0,233,21,8.0,70,A
366972020,2021-07-25T04:20:00,46.50308,-84.35113,0.0,38.9,86.0,ARTHUR M ANDERSON,IMO5025691,WDH7563,70,0,233,21,8.0,70,A
366972020,2021-07-25T08:53:00,46.0957,-84.0165,11.2,185.4,184.0,ARTHUR M ANDERSON,IMO5025691,WDH7563,70,0,233,21,8.0,70,A
366972020,2021-07-25T04:22:20,46.50309,-84.35113,0.0,240.9,86.0,ARTHUR M ANDERSON,IMO5025691,WDH7563,70,0,233,21,8.0,70,A
366972020,2021-07-25T08:03:11,46.20585,-84.14228,8.7,128.0,128.0,ARTHUR M ANDERSON,IMO5025691,WDH7563,70,0,233,21,8.0,70,A
366972020,2021-07-25T07:41:50,46.23842,-84.17682,6.8,168.3,168.0,ARTHUR M ANDERSON,IMO5025691,WDH7563,70,0,233,21,8.0,70,A
366972020,2021-07-25T08:05:21,46.20252,-84.13614,9.2,128.6,128.0,ARTHUR M ANDERSON,IMO5025691,WDH7563,70,0,233,21,8.0,70,A
366972020,2021-07-25T07:42:59,46.23627,-84.17619,6.8,167.9,168.0,ARTHUR M ANDERSON,IMO5025691,WDH7563,70,0,233,21,8.0,70,A
366972020,2021-07-25T08:58:33,46.0784,-84.0188,11.2,183.1,183.0,ARTHUR M ANDERSON,IMO5025691,WDH7563,70,0,233,21,8.0,70,A
366972020,2021-07-25T07:22:19,46.27131,-84.19689,6.2,143.6,143.0,ARTHUR M ANDERSON,IMO5025691,WDH7563,70,0,233,21,8.0,70,A
366972020,2021-07-25T09:01:13,46.07037,-84.01599,11.1,150.8,150.0,ARTHUR M ANDERSON,IMO5025691,WDH7563,70,0,233,21,8.0,70,A
366972020,2021-07-25T08:56:20,46.08534,-84.01796,11.2,185.0,184.0,ARTHUR M ANDERSON,IMO5025691,WDH7563,70,0,233,21,8.0,70,A
366972020,2021-07-25T04:29:01,46.50308,-84.35116,0.0,84.3,86.0,ARTHUR M ANDERSON,IMO5025691,WDH7563,70,0,233,21,8.0,70,A
366972020,2021-07-25T07:23:29,46.26967,-84.19516,6.3,143.1,143.0,ARTHUR M ANDERSON,IMO5025691,WDH7563,70,0,233,21,8.0,70,A
366972020,2021-07-25T07:44:10,46.23408,-84.17549,6.8,167.4,168.0,ARTHUR M ANDERSON,IMO5025691,WDH7563,70,0,233,21,8.0,70,A
366972020,2021-07-25T08:59:36,46.07512,-84.0184,11.2,169.3,169.0,ARTHUR M ANDERSON,IMO5025691,WDH7563,70,0,233,21,8.0,70,A
366972020,2021-07-25T09:04:29,46.06527,-84.00477,10.7,115.9,115.0,ARTHUR M ANDERSON,IMO5025691,WDH7563,70,0,233,21,8.0,70,A
366972020,2021-07-25T08:09:59,46.1946,-84.12174,10.4,128.6,128.0,ARTHUR M ANDERSON,IMO5025691,WDH7563,70,0,233,21,8.0,70,A
366972020,2021-07-25T08:11:10,46.1924,-84.11777,10.6,128.6,128.0,ARTHUR M ANDERSON,IMO5025691,WDH7563,70,0,233,21,8.0,70,A
366972020,2021-07-25T08:49:40,46.10601,-84.01509,11.1,185.2,184.0,ARTHUR M ANDERSON,IMO5025691,WDH7563,70,0,233,21,8.0,70,A
366972020,2021-07-25T07:47:41,46.22761,-84.17343,6.7,167.4,168.0,ARTHUR M ANDERSON,IMO5025691,WDH7563,70,0,233,21,8.0,70,A
366972020,2021-07-25T08:54:10,46.09202,-84.01703,11.2,185.6,184.0,ARTHUR M ANDERSON,IMO5025691,WDH7563,70,0,233,21,8.0,70,A
366972020,2021-07-25T09:02:14,46.06828,-84.01302,10.4,125.3,123.0,ARTHUR M ANDERSON,IMO5025691,WDH7563,70,0,233,21,8.0,70,A
366972020,2021-07-25T08:23:39,46.16791,-84.07387,11.3,128.8,128.0,ARTHUR M ANDERSON,IMO5025691,WDH7563,70,0,233,21,8.0,70,A
366972020,2021-07-25T09:17:10,46.04796,-83.95235,11.8,115.1,115.0,ARTHUR M ANDERSON,IMO5025691,WDH7563,70,0,233,21,8.0,70,A
366972020,2021-07-25T07:36:10,46.24914,-84.17999,6.8,168.4,169.0,ARTHUR M ANDERSON,IMO5025691,WDH7563,70,0,233,21,8.0,70,A
366972020,2021-07-25T09:19:30,46.0447,-83.94236,11.8,115.0,114.0,ARTHUR M ANDERSON,IMO5025691,WDH7563,70,0,233,21,8.0,70,A
366972020,2021-07-25T07:38:30,46.24475,-84.17869,7.0,168.2,168.0,ARTHUR M ANDERSON,IMO5025691,WDH7563,70,0,233,21,8.0,70,A
366972020,2021-07-25T07:40:40,46.24061,-84.17748,6.9,168.1,168.0,ARTHUR M ANDERSON,IMO5025691,WDH7563,70,0,233,21,8.0,70,A
366972020,2021-07-25T09:22:49,46.03852,-83.93002,11.2,140.8,142.0,ARTHUR M ANDERSON,IMO5025691,WDH7563,70,0,233,21,8.0,70,A
366972020,2021-07-25T09:10:09,46.05759,-83.98183,11.5,115.4,115.0,ARTHUR M ANDERSON,IMO5025691,WDH7563,70,0,233,21,8.0,70,A
366972020,2021-07-25T08:04:19,46.20408,-84.13902,9.0,127.8,128.0,ARTHUR M ANDERSON,IMO5025691,WDH7563,70,0,233,21,8.0,70,A
366972020,2021-07-25T09:18:20,46.04633,-83.94736,11.8,115.1,115.0,ARTHUR M ANDERSON,IMO5025691,WDH7563,70,0,233,21,8.0,70,A
366972020,2021-07-25T09:23:59,46.03568,-83.9268,11.1,141.7,141.0,ARTHUR M ANDERSON,IMO5025691,WDH7563,70,0,233,21,8.0,70,A
366972020,2021-07-25T09:27:39,46.02673,-83.91677,11.1,142.4,142.0,ARTHUR M ANDERSON,IMO5025691,WDH7563,70,0,233,21,8.0,70,A
366972020,2021-07-25T09:31:10,46.01808,-83.90714,11.0,142.0,141.0,ARTHUR M ANDERSON,IMO5025691,WDH7563,70,0,233,21,8.0,70,A
366972020,2021-07-25T08:13:20,46.18833,-84.11046,11.0,128.8,128.0,ARTHUR M ANDERSON,IMO5025691,WDH7563,70,0,233,21,8.0,70,A
366972020,2021-07-25T07:50:55,46.22209,-84.17057,6.6,144.5,147.0,ARTHUR M ANDERSON,IMO5025691,WDH7563,70,0,233,21,8.0,70,A
366972020,2021-07-25T07:52:00,46.22053,-84.16845,6.6,132.2,134.0,ARTHUR M ANDERSON,IMO5025691,WDH7563,70,0,233,21,8.0,70,A
366972020,2021-07-25T08:39:41,46.13637,-84.0179,11.2,142.8,141.0,ARTHUR M ANDERSON,IMO5025691,WDH7563,70,0,233,21,8.0,70,A
366972020,2021-07-25T08:17:51,46.17952,-84.09466,11.5,128.8,128.0,ARTHUR M ANDERSON,IMO5025691,WDH7563,70,0,233,21,8.0,70,A
366972020,2021-07-25T07:54:03,46.21802,-84.16433,6.9,130.9,131.0,ARTHUR M ANDERSON,IMO5025691,WDH7563,70,0,233,21,8.0,70,A
366972020,2021-07-25T08:20:10,46.1748,-84.08621,11.4,128.6,128.0,ARTHUR M ANDERSON,IMO5025691,WDH7563,70,0,233,21,8.0,70,A
366972020,2021-07-25T09:25:09,46.03279,-83.92355,11.1,142.0,142.0,ARTHUR M ANDERSON,IMO5025691,WDH7563,70,0,233,21,8.0,70,A
366972020,2021-07-25T08:22:30,46.17018,-84.07794,11.3,128.7,128.0,ARTHUR M ANDERSON,IMO5025691,WDH7563,70,0,233,21,8.0,70,A
366972020,2021-07-25T09:37:54,46.00078,-83.89115,11.1,170.5,171.0,ARTHUR M ANDERSON,IMO5025691,WDH7563,70,0,233,21,8.0,70,A
366972020,2021-07-25T07:59:33,46.21097,-84.15169,7.7,128.4,128.0,ARTHUR M ANDERSON,IMO5025691,WDH7563,70,0,233,21,8.0,70,A
366972020,2021-07-25T08:51:59,46.0988,-84.01608,11.2,185.3,184.0,ARTHUR M ANDERSON,IMO5025691,WDH7563,70,0,233,21,8.0,70,A
366972020,2021-07-25T08:27:00,46.16137,-84.06202,11.2,128.3,128.0,ARTHUR M ANDERSON,IMO5025691,WDH7563,70,0,233,21,8.0,70,A
366972020,2021-07-25T09:44:49,45.97908,-83.89094,11.5,185.1,185.0,ARTHUR M ANDERSON,IMO5025691,WDH7563,70,0,233,21,8.0,70,A
366972020,2021-07-25T08:29:21,46.1568,-84.05369,11.3,128.0,128.0,ARTHUR M ANDERSON,IMO5025691,WDH7563,70,0,233,21,8.0,70,A
366972020,2021-07-25T09:32:19,46.01535,-83.90408,11.0,142.1,141.0,ARTHUR M ANDERSON,IMO5025691,WDH7563,70,0,233,21,8.0,70,A
366972020,2021-07-25T09:51:50,45.9566,-83.89369,11.6,184.8,185.0,ARTHUR M ANDERSON,IMO5025691,WDH7563,70,0,233,21,8.0,70,A
366972020,2021-07-25T09:52:59,45.95289,-83.89414,11.6,184.7,184.0,ARTHUR M ANDERSON,IMO5025691,WDH7563,70,0,233,21,8.0,70,A
366972020,2021-07-25T08:33:59,46.14779,-84.0373,11.2,128.7,128.0,ARTHUR M ANDERSON,IMO5025691,WDH7563,70,0,233,21,8.0,70,A
366972020,2021-07-25T08:35:09,46.14552,-84.03322,11.1,128.7,128.0,ARTHUR M ANDERSON,IMO5025691,WDH7563,70,0,233,21,8.0,70,A
366972020,2021-07-25T08:36:20,46.14322,-84.02912,11.1,128.8,128.0,ARTHUR M ANDERSON,IMO5025691,WDH7563,70,0,233,21,8.0,70,A
366972020,2021-07-25T09:35:47,46.00688,-83.89465,11.2,143.6,143.0,ARTHUR M ANDERSON,IMO5025691,WDH7563,70,0,233,21,8.0,70,A
366972020,2021-07-25T09:40:10,45.99377,-83.89021,11.3,175.3,175.0,ARTHUR M ANDERSON,IMO5025691,WDH7563,70,0,233,21,8.0,70,A
366972020,2021-07-25T09:59:20,45.93712,-83.9063,10.3,250.2,251.0,ARTHUR M ANDERSON,IMO5025691,WDH7563,70,0,233,21,8.0,70,A
366972020,2021-07-25T04:52:30,46.50264,-84.34023,2.2,103.5,100.0,ARTHUR M ANDERSON,IMO5025691,WDH7563,70,0,233,21,8.0,70,A
366972020,2021-07-25T09:43:39,45.98279,-83.89047,11.4,184.9,184.0,ARTHUR M ANDERSON,IMO5025691,WDH7563,70,0,233,21,8.0,70,A
366972020,2021-07-25T08:15:40,46.1838,-84.10232,11.2,128.7,128.0,ARTHUR M ANDERSON,IMO5025691,WDH7563,70,0,233,21,8.0,70,A
366972020,2021-07-25T04:54:39,46.50221,-84.33827,2.4,110.9,108.0,ARTHUR M ANDERSON,IMO5025691,WDH7563,70,0,233,21,8.0,70,A
366972020,2021-07-25T08:44:01,46.12344,-84.01422,11.1,178.5,178.0,ARTHUR M ANDERSON,IMO5025691,WDH7563,70,0,233,21,8.0,70,A
366972020,2021-07-25T10:02:19,45.93438,-83.91848,11.0,252.4,251.0,ARTHUR M ANDERSON,IMO5025691,WDH7563,70,0,233,21,8.0,70,A
366972020,2021-07-25T09:58:16,45.93825,-83.90219,10.4,241.5,243.0,ARTHUR M ANDERSON,IMO5025691,WDH7563,70,0,233,21,8.0,70,A
366972020,2021-07-25T10:03:29,45.93339,-83.92346,11.2,255.3,255.0,ARTHUR M ANDERSON,IMO5025691,WDH7563,70,0,233,21,8.0,70,A
366972020,2021-07-25T10:05:51,45.93149,-83.9338,11.4,254.3,253.0,ARTHUR M ANDERSON,IMO5025691,WDH7563,70,0,233,21,8.0,70,A
366972020,2021-07-25T10:08:09,45.92948,-83.94398,11.6,253.9,253.0,ARTHUR M ANDERSON,IMO5025691,WDH7563,70,0,233,21,8.0,70,A
366972020,2021-07-25T09:11:19,46.05597,-83.97691,11.5,115.2,115.0,ARTHUR M ANDERSON,IMO5025691,WDH7563,70,0,233,21,8.0,70,A
366972020,2021-07-25T10:04:40,45.93246,-83.9286,11.3,255.3,255.0,ARTHUR M ANDERSON,IMO5025691,WDH7563,70,0,233,21,8.0,70,A
366972020,2021-07-25T10:10:29,45.92738,-83.95448,11.7,253.9,253.0,ARTHUR M ANDERSON,IMO5025691,WDH7563,70,0,233,21,8.0,70,A
366972020,2021-07-25T05:04:31,46.49955,-84.32828,2.9,110.1,111.0,ARTHUR M ANDERSON,IMO5025691,WDH7563,70,0,233,21,8.0,70,A
366972020,2021-07-25T10:09:20,45.92842,-83.94925,11.6,253.7,253.0,ARTHUR M ANDERSON,IMO5025691,WDH7563,70,0,233,21,8.0,70,A
366972020,2021-07-25T10:15:00,45.92341,-83.9748,11.8,254.5,254.0,ARTHUR M ANDERSON,IMO5025691,WDH7563,70,0,233,21,8.0,70,A
366972020,2021-07-25T10:12:49,45.92534,-83.96501,11.7,254.0,253.0,ARTHUR M ANDERSON,IMO5025691,WDH7563,70,0,233,21,8.0,70,A
366972020,2021-07-25T10:01:09,45.93545,-83.91369,10.8,252.2,251.0,ARTHUR M ANDERSON,IMO5025691,WDH7563,70,0,233,21,8.0,70,A
366972020,2021-07-25T08:55:19,46.08851,-84.01754,11.2,185.5,184.0,ARTHUR M ANDERSON,IMO5025691,WDH7563,70,0,233,21,8.0,70,A
366972020,2021-07-25T08:57:31,46.08164,-84.01844,11.3,185.1,184.0,ARTHUR M ANDERSON,IMO5025691,WDH7563,70,0,233,21,8.0,70,A
366972020,2021-07-25T10:21:59,45.91712,-84.0064,11.8,253.6,253.0,ARTHUR M ANDERSON,IMO5025691,WDH7563,70,0,233,21,8.0,70,A
366972020,2021-07-25T08:28:10,46.1591,-84.0579,11.2,128.2,128.0,ARTHUR M ANDERSON,IMO5025691,WDH7563,70,0,233,21,8.0,70,A
366972020,2021-07-25T10:25:20,45.91414,-84.0216,11.8,254.2,253.0,ARTHUR M ANDERSON,IMO5025691,WDH7563,70,0,233,21,8.0,70,A
366972020,2021-07-25T10:20:49,45.9182,-84.00112,11.8,253.9,253.0,ARTHUR M ANDERSON,IMO5025691,WDH7563,70,0,233,21,8.0,70,A
366972020,2021-07-25T10:23:00,45.91621,-84.011,11.8,254.5,254.0,ARTHUR M ANDERSON,IMO5025691,WDH7563,70,0,233,21,8.0,70,A
366972020,2021-07-25T10:29:50,45.91003,-84.04205,11.8,254.3,253.0,ARTHUR M ANDERSON,IMO5025691,WDH7563,70,0,233,21,8.0,70,A
366972020,2021-07-25T10:30:59,45.90897,-84.04727,11.8,253.8,253.0,ARTHUR M ANDERSON,IMO5025691,WDH7563,70,0,233,21,8.0,70,A
366972020,2021-07-25T10:28:41,45.91107,-84.03682,11.8,253.6,252.0,ARTHUR M ANDERSON,IMO5025691,WDH7563,70,0,233,21,8.0,70,A
366972020,2021-07-25T05:18:05,46.49028,-84.30332,6.5,151.0,150.0,ARTHUR M ANDERSON,IMO5025691,WDH7563,70,0,233,21,8.0,70,A
366972020,2021-07-25T10:26:29,45.91309,-84.02684,11.8,254.2,253.0,ARTHUR M ANDERSON,IMO5025691,WDH7563,70,0,233,21,8.0,70,A
366972020,2021-07-25T09:34:40,46.00963,-83.8977,11.2,142.0,142.0,ARTHUR M ANDERSON,IMO5025691,WDH7563,70,0,233,21,8.0,70,A
366972020,2021-07-25T10:33:20,45.90676,-84.05792,11.8,253.6,253.0,ARTHUR M ANDERSON,IMO5025691,WDH7563,70,0,233,21,8.0,70,A
366972020,2021-07-25T10:27:39,45.91203,-84.03213,11.8,254.1,253.0,ARTHUR M ANDERSON,IMO5025691,WDH7563,70,0,233,21,8.0,70,A
366972020,2021-07-25T09:39:00,45.99741,-83.89065,11.1,174.9,175.0,ARTHUR M ANDERSON,IMO5025691,WDH7563,70,0,233,21,8.0,70,A
366972020,2021-07-25T10:32:10,45.90786,-84.05263,11.8,253.1,252.0,ARTHUR M ANDERSON,IMO5025691,WDH7563,70,0,233,21,8.0,70,A
366972020,2021-07-25T08:40:43,46.13347,-84.01573,11.1,158.4,158.0,ARTHUR M ANDERSON,IMO5025691,WDH7563,70,0,233,21,8.0,70,A
366972020,2021-07-25T10:19:39,45.91925,-83.99585,11.8,253.9,253.0,ARTHUR M ANDERSON,IMO5025691,WDH7563,70,0,233,21,8.0,70,A
366972020,2021-07-25T08:41:47,46.13031,-84.01464,11.1,172.4,173.0,ARTHUR M ANDERSON,IMO5025691,WDH7563,70,0,233,21,8.0,70,A
366972020,2021-07-25T08:42:50,46.12709,-84.01437,11.0,177.9,178.0,ARTHUR M ANDERSON,IMO5025691,WDH7563,70,0,233,21,8.0,70,A
366972020,2021-07-25T10:42:39,45.89833,-84.10018,11.8,254.6,254.0,ARTHUR M ANDERSON,IMO5025691,WDH7563,70,0,233,21,8.0,70,A
366972020,2021-07-25T08:45:10,46.11989,-84.0141,11.1,178.6,178.0,ARTHUR M ANDERSON,IMO5025691,WDH7563,70,0,233,21,8.0,70,A
366972020,2021-07-25T10:24:10,45.91517,-84.01632,11.8,254.7,254.0,ARTHUR M ANDERSON,IMO5025691,WDH7563,70,0,233,21,8.0,70,A
366972020,2021-07-25T08:47:29,46.1127,-84.01418,11.1,185.7,184.0,ARTHUR M ANDERSON,IMO5025691,WDH7563,70,0,233,21,8.0,70,A
366972020,2021-07-25T09:26:21,46.02992,-83.92031,11.1,142.1,142.0,ARTHUR M ANDERSON,IMO5025691,WDH7563,70,0,233,21,8.0,70,A
366972020,2021-07-25T10:45:00,45.8962,-84.11079,11.8,253.9,254.0,ARTHUR M ANDERSON,IMO5025691,WDH7563,70,0,233,21,8.0,70,A
366972020,2021-07-25T10:53:09,45.8902,-84.14776,11.6,262.7,263.0,ARTHUR M ANDERSON,IMO5025691,WDH7563,70,0,233,21,8.0,70,A
366972020,2021-07-25T08:50:51,46.10236,-84.01561,11.1,185.3,184.0,ARTHUR M ANDERSON,IMO5025691,WDH7563,70,0,233,21,8.0,70,A
366972020,2021-07-25T10:56:29,45.88884,-84.16316,11.6,262.3,262.0,ARTHUR M ANDERSON,IMO5025691,WDH7563,70,0,233,21,8.0,70,A
366972020,2021-07-25T10:38:00,45.90249,-84.07911,11.8,253.8,253.0,ARTHUR M ANDERSON,IMO5025691,WDH7563,70,0,233,21,8.0,70,A
366972020,2021-07-25T05:31:41,46.46588,-84.2854,7.6,152.8,153.0,ARTHUR M ANDERSON,IMO5025691,WDH7563,70,0,233,21,8.0,70,A
366972020,2021-07-25T11:02:19,45.8863,-84.18993,11.6,262.5,262.0,ARTHUR M ANDERSON,IMO5025691,WDH7563,70,0,233,21,8.0,70,A
366972020,2021-07-25T09:41:20,45.9901,-83.88981,11.4,176.4,176.0,ARTHUR M ANDERSON,IMO5025691,WDH7563,70,0,233,21,8.0,70,A
366972020,2021-07-25T10:41:30,45.89936,-84.09497,11.8,254.1,253.0,ARTHUR M ANDERSON,IMO5025691,WDH7563,70,0,233,21,8.0,70,A
366972020,2021-07-25T09:03:20,46.06676,-84.0091,10.2,117.1,115.0,ARTHUR M ANDERSON,IMO5025691,WDH7563,70,0,233,21,8.0,70,A
366972020,2021-07-25T09:42:29,45.98647,-83.89001,11.3,184.4,185.0,ARTHUR M ANDERSON,IMO5025691,WDH7563,70,0,233,21,8.0,70,A
366972020,2021-07-25T11:01:09,45.88678,-84.18458,11.6,262.5,262.0,ARTHUR M ANDERSON,IMO5025691,WDH7563,70,0,233,21,8.0,70,A
366972020,2021-07-25T09:45:59,45.97535,-83.89138,11.5,184.8,184.0,ARTHUR M ANDERSON,IMO5025691,WDH7563,70,0,233,21,8.0,70,A
366972020,2021-07-25T09:05:40,46.06371,-84.00013,11.0,115.6,115.0,ARTHUR M ANDERSON,IMO5025691,WDH7563,70,0,233,21,8.0,70,A
366972020,2021-07-25T11:04:29,45.88544,-84.19987,11.6,262.8,263.0,ARTHUR M ANDERSON,IMO5025691,WDH7563,70,0,233,21,8.0,70,A
366972020,2021-07-25T09:47:10,45.97157,-83.89185,11.5,184.8,184.0,ARTHUR M ANDERSON,IMO5025691,WDH7563,70,0,233,21,8.0,70,A
366972020,2021-07-25T11:09:09,45.88349,-84.22131,11.6,262.7,263.0,ARTHUR M ANDERSON,IMO5025691,WDH7563,70,0,233,21,8.0,70,A
366972020,2021-07-25T09:50:39,45.96041,-83.89323,11.5,184.7,184.0,ARTHUR M ANDERSON,IMO5025691,WDH7563,70,0,233,21,8.0,70,A
366972020,2021-07-25T10:50:50,45.89115,-84.13711,11.6,260.6,262.0,ARTHUR M ANDERSON,IMO5025691,WDH7563,70,0,233,21,8.0,70,A
366972020,2021-07-25T10:13:59,45.9243,-83.97027,11.7,254.1,253.0,ARTHUR M ANDERSON,IMO5025691,WDH7563,70,0,233,21,8.0,70,A
366972020,2021-07-25T11:11:30,45.88251,-84.23208,11.6,262.3,262.0,ARTHUR M ANDERSON,IMO5025691,WDH7563,70,0,233,21,8.0,70,A
366972020,2021-07-25T10:54:19,45.88974,-84.15323,11.6,262.6,263.0,ARTHUR M ANDERSON,IMO5025691,WDH7563,70,0,233,21,8.0,70,A
366972020,2021-07-25T11:13:50,45.88151,-84.24278,11.6,262.6,262.0,ARTHUR M ANDERSON,IMO5025691,WDH7563,70,0,233,21,8.0,70,A
366972020,2021-07-25T09:14:49,46.05121,-83.96234,11.6,114.9,115.0,ARTHUR M ANDERSON,IMO5025691,WDH7563,70,0,233,21,8.0,70,A
366972020,2021-07-25T10:57:40,45.88832,-84.16858,11.6,262.2,262.0,ARTHUR M ANDERSON,IMO5025691,WDH7563,70,0,233,21,8.0,70,A
366972020,2021-07-25T11:20:49,45.87865,-84.27474,11.5,261.7,261.0,ARTHUR M ANDERSON,IMO5025691,WDH7563,70,0,233,21,8.0,70,A
366972020,2021-07-25T11:19:40,45.87917,-84.26948,11.5,262.6,262.0,ARTHUR M ANDERSON,IMO5025691,WDH7563,70,0,233,21,8.0,70,A
366972020,2021-07-25T11:23:10,45.8777,-84.28547,11.5,262.5,262.0,ARTHUR M ANDERSON,IMO5025691,WDH7563,70,0,233,21,8.0,70,A
366972020,2021-07-25T09:21:43,46.04113,-83.93331,11.6,131.5,132.0,ARTHUR M ANDERSON,IMO5025691,WDH7563,70,0,233,21,8.0,70,A
366972020,2021-07-25T11:24:19,45.8772,-84.29079,11.5,262.3,262.0,ARTHUR M ANDERSON,IMO5025691,WDH7563,70,0,233,21,8.0,70,A
366972020,2021-07-25T11:27:49,45.87575,-84.30672,11.6,262.4,262.0,ARTHUR M ANDERSON,IMO5025691,WDH7563,70,0,233,21,8.0,70,A
366972020,2021-07-25T09:30:00,46.02097,-83.91035,11.1,142.1,141.0,ARTHUR M ANDERSON,IMO5025691,WDH7563,70,0,233,21,8.0,70,A
366972020,2021-07-25T11:28:50,45.8753,-84.31145,11.6,262.3,262.0,ARTHUR M ANDERSON,IMO5025691,WDH7563,70,0,233,21,8.0,70,A
366972020,2021-07-25T09:33:29,46.01252,-83.90094,11.0,141.9,141.0,ARTHUR M ANDERSON,IMO5025691,WDH7563,70,0,233,21,8.0,70,A
366972020,2021-07-25T11:14:59,45.88102,-84.24812,11.6,262.5,262.0,ARTHUR M ANDERSON,IMO5025691,WDH7563,70,0,233,21,8.0,70,A
366972020,2021-07-25T10:40:19,45.9004,-84.08961,11.8,254.6,254.0,ARTHUR M ANDERSON,IMO5025691,WDH7563,70,0,233,21,8.0,70,A
366972020,2021-07-25T10:11:39,45.92638,-83.95966,11.7,254.3,253.0,ARTHUR M ANDERSON,IMO5025691,WDH7563,70,0,233,21,8.0,70,A
366972020,2021-07-25T09:36:50,46.00398,-83.89239,11.2,156.5,157.0,ARTHUR M ANDERSON,IMO5025691,WDH7563,70,0,233,21,8.0,70,A
366972020,2021-07-25T11:43:49,45.86915,-84.38031,11.7,262.2,261.0,ARTHUR M ANDERSON,IMO5025691,WDH7563,70,0,233,21,8.0,70,A
366972020,2021-07-25T10:52:00,45.89065,-84.14249,11.6,263.5,264.0,ARTHUR M ANDERSON,IMO5025691,WDH7563,70,0,233,21,8.0,70,A
366972020,2021-07-25T11:47:21,45.86773,-84.39665,11.7,262.8,262.0,ARTHUR M ANDERSON,IMO5025691,WDH7563,70,0,233,21,8.0,70,A
366972020,2021-07-25T05:54:10,46.42491,-84.25107,7.3,159.3,159.0,ARTHUR M ANDERSON,IMO5025691,WDH7563,70,0,233,21,8.0,70,A
366972020,2021-07-25T09:48:20,45.96783,-83.89231,11.5,184.9,184.0,ARTHUR M ANDERSON,IMO5025691,WDH7563,70,0,233,21,8.0,70,A
366972020,2021-07-25T11:53:10,45.8653,-84.42351,11.7,262.6,262.0,ARTHUR M ANDERSON,IMO5025691,WDH7563,70,0,233,21,8.0,70,A
366972020,2021-07-25T10:58:49,45.88779,-84.17387,11.6,261.7,261.0,ARTHUR M ANDERSON,IMO5025691,WDH7563,70,0,233,21,8.0,70,A
366972020,2021-07-25T11:38:00,45.87156,-84.35349,11.6,262.2,262.0,ARTHUR M ANDERSON,IMO5025691,WDH7563,70,0,233,21,8.0,70,A
366972020,2021-07-25T09:54:10,45.94904,-83.8946,11.6,184.8,185.0,ARTHUR M ANDERSON,IMO5025691,WDH7563,70,0,233,21,8.0,70,A
366972020,2021-07-25T11:56:39,45.86389,-84.43956,11.6,262.6,262.0,ARTHUR M ANDERSON,IMO5025691,WDH7563,70,0,233,21,8.0,70,A
366972020,2021-07-25T11:58:59,45.8629,-84.45037,11.6,262.5,262.0,ARTHUR M ANDERSON,IMO5025691,WDH7563,70,0,233,21,8.0,70,A
366972020,2021-07-25T11:05:40,45.88495,-84.20531,11.6,262.5,262.0,ARTHUR M ANDERSON,IMO5025691,WDH7563,70,0,233,21,8.0,70,A
366972020,2021-07-25T11:06:49,45.88446,-84.21059,11.6,262.4,262.0,ARTHUR M ANDERSON,IMO5025691,WDH7563,70,0,233,21,8.0,70,A
366972020,2021-07-25T12:01:19,45.86194,-84.46099,11.6,262.3,261.0,ARTHUR M ANDERSON,IMO5025691,WDH7563,70,0,233,21,8.0,70,A
366972020,2021-07-25T11:44:59,45.86865,-84.38579,11.7,262.5,262.0,ARTHUR M ANDERSON,IMO5025691,WDH7563,70,0,233,21,8.0,70,A
366972020,2021-07-25T09:57:14,45.94004,-83.89869,10.8,221.7,224.0,ARTHUR M ANDERSON,IMO5025691,WDH7563,70,0,233,21,8.0,70,A
366972020,2021-07-25T12:03:40,45.8609,-84.47175,11.6,262.2,262.0,ARTHUR M ANDERSON,IMO5025691,WDH7563,70,0,233,21,8.0,70,A
366972020,2021-07-25T12:04:49,45.86039,-84.47701,11.6,262.4,262.0,ARTHUR M ANDERSON,IMO5025691,WDH7563,70,0,233,21,8.0,70,A
366972020,2021-07-25T12:05:51,45.85998,-84.48175,11.6,262.6,262.0,ARTHUR M ANDERSON,IMO5025691,WDH7563,70,0,233,21,8.0,70,A
366972020,2021-07-25T12:08:09,45.85908,-84.4923,11.6,263.0,263.0,ARTHUR M ANDERSON,IMO5025691,WDH7563,70,0,233,21,8.0,70,A
366972020,2021-07-25T12:07:01,45.85952,-84.48711,11.6,263.3,263.0,ARTHUR M ANDERSON,IMO5025691,WDH7563,70,0,233,21,8.0,70,A
366972020,2021-07-25T11:54:20,45.86483,-84.42889,11.6,262.8,262.0,ARTHUR M ANDERSON,IMO5025691,WDH7563,70,0,233,21,8.0,70,A
366972020,2021-07-25T10:35:41,45.90462,-84.0686,11.8,254.0,253.0,ARTHUR M ANDERSON,IMO5025691,WDH7563,70,0,233,21,8.0,70,A
366972020,2021-07-25T11:17:10,45.88014,-84.25804,11.6,263.2,263.0,ARTHUR M ANDERSON,IMO5025691,WDH7563,70,0,233,21,8.0,70,A
366972020,2021-07-25T06:13:49,46.38761,-84.23152,7.1,158.7,159.0,ARTHUR M ANDERSON,IMO5025691,WDH7563,70,0,233,21,8.0,70,A
366972020,2021-07-25T10:06:59,45.93051,-83.9388,11.5,254.0,253.0,ARTHUR M ANDERSON,IMO5025691,WDH7563,70,0,233,21,8.0,70,A
366972020,2021-07-25T12:16:20,45.85559,-84.52996,11.7,262.5,263.0,ARTHUR M ANDERSON,IMO5025691,WDH7563,70,0,233,21,8.0,70,A
366972020,2021-07-25T12:00:10,45.86242,-84.45575,11.6,262.8,262.0,ARTHUR M ANDERSON,IMO5025691,WDH7563,70,0,233,21,8.0,70,A
366972020,2021-07-25T12:02:31,45.86141,-84.46648,11.6,262.0,261.0,ARTHUR M ANDERSON,IMO5025691,WDH7563,70,0,233,21,8.0,70,A
366972020,2021-07-25T12:18:39,45.8546,-84.54067,11.7,262.1,262.0,ARTHUR M ANDERSON,IMO5025691,WDH7563,70,0,233,21,8.0,70,A
366972020,2021-07-25T12:19:50,45.85408,-84.54617,11.7,262.3,263.0,ARTHUR M ANDERSON,IMO5025691,WDH7563,70,0,233,21,8.0,70,A
366972020,2021-07-25T12:22:01,45.85298,-84.55623,11.7,260.1,260.0,ARTHUR M ANDERSON,IMO5025691,WDH7563,70,0,233,21,8.0,70,A
366972020,2021-07-25T10:48:30,45.89303,-84.12655,11.7,253.5,253.0,ARTHUR M ANDERSON,IMO5025691,WDH7563,70,0,233,21,8.0,70,A
366972020,2021-07-25T12:24:19,45.85183,-84.56691,11.8,261.3,261.0,ARTHUR M ANDERSON,IMO5025691,WDH7563,70,0,233,21,8.0,70,A
366972020,2021-07-25T12:25:29,45.85126,-84.5724,11.8,261.8,261.0,ARTHUR M ANDERSON,IMO5025691,WDH7563,70,0,233,21,8.0,70,A
366972020,2021-07-25T12:09:20,45.85858,-84.49774,11.6,262.2,262.0,ARTHUR M ANDERSON,IMO5025691,WDH7563,70,0,233,21,8.0,70,A
366972020,2021-07-25T12:28:49,45.84806,-84.58692,11.2,250.0,248.0,ARTHUR M ANDERSON,IMO5025691,WDH7563,70,0,233,21,8.0,70,A
366972020,2021-07-25T11:35:40,45.87254,-84.34277,11.6,262.9,262.0,ARTHUR M ANDERSON,IMO5025691,WDH7563,70,0,233,21,8.0,70,A
366972020,2021-07-25T12:12:49,45.85713,-84.51373,11.6,262.4,262.0,ARTHUR M ANDERSON,IMO5025691,WDH7563,70,0,233,21,8.0,70,A
366972020,2021-07-25T10:18:30,45.9203,-83.99063,11.8,254.1,253.0,ARTHUR M ANDERSON,IMO5025691,WDH7563,70,0,233,21,8.0,70,A
366972020,2021-07-25T12:32:59,45.84368,-84.60398,10.8,249.5,248.0,ARTHUR M ANDERSON,IMO5025691,WDH7563,70,0,233,21,8.0,70,A
366972020,2021-07-25T06:21:49,46.37288,-84.2236,6.9,159.4,159.0,ARTHUR M ANDERSON,IMO5025691,WDH7563,70,0,233,21,8.0,70,A
366972020,2021-07-25T12:31:50,45.8449,-84.59935,10.8,249.6,248.0,ARTHUR M ANDERSON,IMO5025691,WDH7563,70,0,233,21,8.0,70,A
366972020,2021-07-25T12:36:29,45.84012,-84.61746,10.1,249.1,248.0,ARTHUR M ANDERSON,IMO5025691,WDH7563,70,0,233,21,8.0,70,A
366972020,2021-07-25T11:03:21,45.88588,-84.19467,11.6,262.9,263.0,ARTHUR M ANDERSON,IMO5025691,WDH7563,70,0,233,21,8.0,70,A
366972020,2021-07-25T12:37:39,45.83897,-84.62185,10.0,249.7,249.0,ARTHUR M ANDERSON,IMO5025691,WDH7563,70,0,233,21,8.0,70,A
366972020,2021-07-25T11:46:10,45.8682,-84.39118,11.7,263.2,263.0,ARTHUR M ANDERSON,IMO5025691,WDH7563,70,0,233,21,8.0,70,A
366972020,2021-07-25T12:23:11,45.85238,-84.56165,11.8,261.2,261.0,ARTHUR M ANDERSON,IMO5025691,WDH7563,70,0,233,21,8.0,70,A
366972020,2021-07-25T11:52:01,45.86578,-84.4182,11.7,262.5,262.0,ARTHUR M ANDERSON,IMO5025691,WDH7563,70,0,233,21,8.0,70,A
366972020,2021-07-25T12:47:00,45.8291,-84.65929,11.2,247.8,248.0,ARTHUR M ANDERSON,IMO5025691,WDH7563,70,0,233,21,8.0,70,A
366972020,2021-07-25T11:12:40,45.882,-84.23744,11.6,262.3,262.0,ARTHUR M ANDERSON,IMO5025691,WDH7563,70,0,233,21,8.0,70,A
366972020,2021-07-25T12:48:10,45.82773,-84.66416,11.3,247.8,248.0,ARTHUR M ANDERSON,IMO5025691,WDH7563,70,0,233,21,8.0,70,A
366972020,2021-07-25T12:49:19,45.82636,-84.66899,11.4,247.8,248.0,ARTHUR M ANDERSON,IMO5025691,WDH7563,70,0,233,21,8.0,70,A
366972020,2021-07-25T11:18:19,45.87969,-84.2634,11.6,263.2,263.0,ARTHUR M ANDERSON,IMO5025691,WDH7563,70,0,233,21,8.0,70,A
366972020,2021-07-25T12:52:49,45.82224,-84.68379,11.4,248.3,249.0,ARTHUR M ANDERSON,IMO5025691,WDH7563,70,0,233,21,8.0,70,A
366972020,2021-07-25T12:50:31,45.82494,-84.67406,11.4,248.3,249.0,ARTHUR M ANDERSON,IMO5025691,WDH7563,70,0,233,21,8.0,70,A
366972020,2021-07-25T12:57:30,45.81674,-84.70364,11.4,248.4,249.0,ARTHUR M ANDERSON,IMO5025691,WDH7563,70,0,233,21,8.0,70,A
366972020,2021-07-25T12:59:59,45.81565,-84.71442,10.9,266.6,267.0,ARTHUR M ANDERSON,IMO5025691,WDH7563,70,0,233,21,8.0,70,A
366972020,2021-07-25T12:59:40,45.81571,-84.71303,10.9,266.5,267.0,ARTHUR M ANDERSON,IMO5025691,WDH7563,70,0,233,21,8.0,70,A
366972020,2021-07-25T13:02:20,45.81533,-84.72465,11.0,267.8,268.0,ARTHUR M ANDERSON,IMO5025691,WDH7563,70,0,233,21,8.0,70,A
366972020,2021-07-25T11:26:40,45.87622,-84.30146,11.6,262.9,263.0,ARTHUR M ANDERSON,IMO5025691,WDH7563,70,0,233,21,8.0,70,A
366972020,2021-07-25T10:36:50,45.90357,-84.07383,11.8,253.8,253.0,ARTHUR M ANDERSON,IMO5025691,WDH7563,70,0,233,21,8.0,70,A
366972020,2021-07-25T13:01:10,45.81549,-84.71955,10.9,267.7,268.0,ARTHUR M ANDERSON,IMO5025691,WDH7563,70,0,233,21,8.0,70,A
366972020,2021-07-25T12:41:09,45.83557,-84.63543,10.5,250.1,248.0,ARTHUR M ANDERSON,IMO5025691,WDH7563,70,0,233,21,8.0,70,A
366972020,2021-07-25T12:58:34,45.81597,-84.70828,11.0,261.7,264.0,ARTHUR M ANDERSON,IMO5025691,WDH7563,70,0,233,21,8.0,70,A
366972020,2021-07-25T13:09:19,45.81837,-84.75472,11.1,280.9,280.0,ARTHUR M ANDERSON,IMO5025691,WDH7563,70,0,233,21,8.0,70,A
366972020,2021-07-25T12:45:51,45.83046,-84.65452,11.2,248.5,248.0,ARTHUR M ANDERSON,IMO5025691,WDH7563,70,0,233,21,8.0,70,A
366972020,2021-07-25T13:11:40,45.81962,-84.76498,11.2,279.8,279.0,ARTHUR M ANDERSON,IMO5025691,WDH7563,70,0,233,21,8.0,70,A
366972020,2021-07-25T10:46:10,45.89515,-84.11605,11.7,253.9,254.0,ARTHUR M ANDERSON,IMO5025691,WDH7563,70,0,233,21,8.0,70,A
366972020,2021-07-25T13:14:00,45.82091,-84.77527,11.3,279.8,279.0,ARTHUR M ANDERSON,IMO5025691,WDH7563,70,0,233,21,8.0,70,A
366972020,2021-07-25T12:15:10,45.85609,-84.52455,11.7,262.0,262.0,ARTHUR M ANDERSON,IMO5025691,WDH7563,70,0,233,21,8.0,70,A
366972020,2021-07-25T06:37:41,46.34419,-84.21328,6.5,180.6,181.0,ARTHUR M ANDERSON,IMO5025691,WDH7563,70,0,233,21,8.0,70,A
366972020,2021-07-25T12:17:30,45.85509,-84.53533,11.7,262.7,263.0,ARTHUR M ANDERSON,IMO5025691,WDH7563,70,0,233,21,8.0,70,A
366972020,2021-07-25T13:10:29,45.81901,-84.7598,11.1,279.5,279.0,ARTHUR M ANDERSON,IMO5025691,WDH7563,70,0,233,21,8.0,70,A
366972020,2021-07-25T10:55:20,45.88932,-84.15785,11.6,262.7,263.0,ARTHUR M ANDERSON,IMO5025691,WDH7563,70,0,233,21,8.0,70,A
366972020,2021-07-25T12:55:09,45.81953,-84.69371,11.4,248.6,249.0,ARTHUR M ANDERSON,IMO5025691,WDH7563,70,0,233,21,8.0,70,A
366972020,2021-07-25T13:23:09,45.82599,-84.81637,11.5,280.3,279.0,ARTHUR M ANDERSON,IMO5025691,WDH7563,70,0,233,21,8.0,70,A
366972020,2021-07-25T13:24:10,45.82658,-84.82089,11.5,280.5,279.0,ARTHUR M ANDERSON,IMO5025691,WDH7563,70,0,233,21,8.0,70,A
366972020,2021-07-25T13:16:09,45.82209,-84.78483,11.4,280.0,279.0,ARTHUR M ANDERSON,IMO5025691,WDH7563,70,0,233,21,8.0,70,A
366972020,2021-07-25T13:25:20,45.82726,-84.82617,11.5,280.7,279.0,ARTHUR M ANDERSON,IMO5025691,WDH7563,70,0,233,21,8.0,70,A
366972020,2021-07-25T06:42:19,46.33566,-84.21362,6.6,181.8,182.0,ARTHUR M ANDERSON,IMO5025691,WDH7563,70,0,233,21,8.0,70,A
366972020,2021-07-25T12:56:20,45.81813,-84.69872,11.4,247.9,248.0,ARTHUR M ANDERSON,IMO5025691,WDH7563,70,0,233,21,8.0,70,A
366972020,2021-07-25T11:00:00,45.88726,-84.1793,11.6,262.2,262.0,ARTHUR M ANDERSON,IMO5025691,WDH7563,70,0,233,21,8.0,70,A
366972020,2021-07-25T13:22:00,45.82532,-84.81113,11.5,280.0,279.0,ARTHUR M ANDERSON,IMO5025691,WDH7563,70,0,233,21,8.0,70,A
366972020,2021-07-25T11:48:30,45.86727,-84.40197,11.7,262.5,262.0,ARTHUR M ANDERSON,IMO5025691,WDH7563,70,0,233,21,8.0,70,A
366972020,2021-07-25T11:49:40,45.86674,-84.40735,11.7,261.9,261.0,ARTHUR M ANDERSON,IMO5025691,WDH7563,70,0,233,21,8.0,70,A
366972020,2021-07-25T11:50:49,45.86626,-84.41266,11.7,262.8,262.0,ARTHUR M ANDERSON,IMO5025691,WDH7563,70,0,233,21,8.0,70,A
366972020,2021-07-25T13:35:40,45.83309,-84.87301,11.6,280.1,279.0,ARTHUR M ANDERSON,IMO5025691,WDH7563,70,0,233,21,8.0,70,A
366972020,2021-07-25T06:45:30,46.32979,-84.21388,6.6,181.7,181.0,ARTHUR M ANDERSON,IMO5025691,WDH7563,70,0,233,21,8.0,70,A
366972020,2021-07-25T13:36:50,45.83373,-84.87841,11.6,279.5,278.0,ARTHUR M ANDERSON,IMO5025691,WDH7563,70,0,233,21,8.0,70,A
366972020,2021-07-25T11:55:30,45.86436,-84.43427,11.6,262.6,262.0,ARTHUR M ANDERSON,IMO5025691,WDH7563,70,0,233,21,8.0,70,A
366972020,2021-07-25T13:28:49,45.82918,-84.84193,11.5,279.3,278.0,ARTHUR M ANDERSON,IMO5025691,WDH7563,70,0,233,21,8.0,70,A
366972020,2021-07-25T11:10:20,45.88301,-84.22673,11.6,262.5,262.0,ARTHUR M ANDERSON,IMO5025691,WDH7563,70,0,233,21,8.0,70,A
366972020,2021-07-25T13:43:49,45.83759,-84.91016,11.6,280.0,279.0,ARTHUR M ANDERSON,IMO5025691,WDH7563,70,0,233,21,8.0,70,A
366972020,2021-07-25T13:31:10,45.83053,-84.85258,11.5,280.3,279.0,ARTHUR M ANDERSON,IMO5025691,WDH7563,70,0,233,21,8.0,70,A
366972020,2021-07-25T12:40:00,45.83669,-84.6309,10.4,250.2,248.0,ARTHUR M ANDERSON,IMO5025691,WDH7563,70,0,233,21,8.0,70,A
366972020,2021-07-25T13:12:50,45.82026,-84.77012,11.2,280.1,279.0,ARTHUR M ANDERSON,IMO5025691,WDH7563,70,0,233,21,8.0,70,A
366972020,2021-07-25T13:47:21,45.83954,-84.92624,11.6,279.9,279.0,ARTHUR M ANDERSON,IMO5025691,WDH7563,70,0,233,21,8.0,70,A
366972020,2021-07-25T11:22:00,45.87816,-84.28014,11.5,263.1,263.0,ARTHUR M ANDERSON,IMO5025691,WDH7563,70,0,233,21,8.0,70,A
366972020,2021-07-25T13:17:20,45.82275,-84.79013,11.4,279.6,279.0,ARTHUR M ANDERSON,IMO5025691,WDH7563,70,0,233,21,8.0,70,A
366972020,2021-07-25T13:41:30,45.8363,-84.89963,11.6,280.0,279.0,ARTHUR M ANDERSON,IMO5025691,WDH7563,70,0,233,21,8.0,70,A
366972020,2021-07-25T12:14:00,45.85661,-84.51918,11.6,262.2,262.0,ARTHUR M ANDERSON,IMO5025691,WDH7563,70,0,233,21,8.0,70,A
366972020,2021-07-25T12:51:40,45.82358,-84.67895,11.4,248.1,248.0,ARTHUR M ANDERSON,IMO5025691,WDH7563,70,0,233,21,8.0,70,A
366972020,2021-07-25T11:29:51,45.87487,-84.31602,11.6,262.6,262.0,ARTHUR M ANDERSON,IMO5025691,WDH7563,70,0,233,21,8.0,70,A
366972020,2021-07-25T13:44:59,45.83826,-84.91547,11.6,280.2,280.0,ARTHUR M ANDERSON,IMO5025691,WDH7563,70,0,233,21,8.0,70,A
366972020,2021-07-25T13:46:10,45.8389,-84.92086,11.6,279.9,279.0,ARTHUR M ANDERSON,IMO5025691,WDH7563,70,0,233,21,8.0,70,A
366972020,2021-07-25T06:57:00,46.30873,-84.21472,6.2,181.9,182.0,ARTHUR M ANDERSON,IMO5025691,WDH7563,70,0,233,21,8.0,70,A
366972020,2021-07-25T11:32:10,45.87397,-84.32666,11.6,263.1,263.0,ARTHUR M ANDERSON,IMO5025691,WDH7563,70,0,233,21,8.0,70,A
366972020,2021-07-25T11:33:19,45.87351,-84.33194,11.6,262.4,262.0,ARTHUR M ANDERSON,IMO5025691,WDH7563,70,0,233,21,8.0,70,A
366972020,2021-07-25T13:49:39,45.84088,-84.93673,11.5,280.0,279.0,ARTHUR M ANDERSON,IMO5025691,WDH7563,70,0,233,21,8.0,70,A
366972020,2021-07-25T11:34:30,45.87302,-84.33739,11.6,262.6,262.0,ARTHUR M ANDERSON,IMO5025691,WDH7563,70,0,233,21,8.0,70,A
366972020,2021-07-25T13:30:01,45.82986,-84.84737,11.5,280.5,279.0,ARTHUR M ANDERSON,IMO5025691,WDH7563,70,0,233,21,8.0,70,A
366972020,2021-07-25T11:36:51,45.87205,-84.34821,11.6,262.3,262.0,ARTHUR M ANDERSON,IMO5025691,WDH7563,70,0,233,21,8.0,70,A
366972020,2021-07-25T13:03:23,45.81533,-84.72934,11.0,274.5,274.0,ARTHUR M ANDERSON,IMO5025691,WDH7563,70,0,233,21,8.0,70,A
366972020,2021-07-25T13:04:30,45.81581,-84.73402,10.8,278.9,279.0,ARTHUR M ANDERSON,IMO5025691,WDH7563,70,0,233,21,8.0,70,A
366972020,2021-07-25T11:39:10,45.87107,-84.35886,11.6,262.3,262.0,ARTHUR M ANDERSON,IMO5025691,WDH7563,70,0,233,21,8.0,70,A
366972020,2021-07-25T14:05:49,45.84992,-85.01036,11.7,279.8,279.0,ARTHUR M ANDERSON,IMO5025691,WDH7563,70,0,233,21,8.0,70,A
366972020,2021-07-25T07:03:20,46.29818,-84.21522,5.8,181.6,181.0,ARTHUR M ANDERSON,IMO5025691,WDH7563,70,0,233,21,8.0,70,A
366972020,2021-07-25T13:40:19,45.83561,-84.89431,11.6,280.1,280.0,ARTHUR M ANDERSON,IMO5025691,WDH7563,70,0,233,21,8.0,70,A
366972020,2021-07-25T11:41:30,45.87013,-84.36962,11.6,262.9,262.0,ARTHUR M ANDERSON,IMO5025691,WDH7563,70,0,233,21,8.0,70,A
366972020,2021-07-25T13:18:30,45.82338,-84.79537,11.4,279.9,279.0,ARTHUR M ANDERSON,IMO5025691,WDH7563,70,0,233,21,8.0,70,A
366972020,2021-07-25T12:38:49,45.83784,-84.62629,10.3,250.5,248.0,ARTHUR M ANDERSON,IMO5025691,WDH7563,70,0,233,21,8.0,70,A
366972020,2021-07-25T14:07:00,45.85058,-85.01578,11.7,280.0,280.0,ARTHUR M ANDERSON,IMO5025691,WDH7563,70,0,233,21,8.0,70,A
366972020,2021-07-25T13:50:50,45.84152,-84.942,11.5,279.9,279.0,ARTHUR M ANDERSON,IMO5025691,WDH7563,70,0,233,21,8.0,70,A
366972020,2021-07-25T14:12:49,45.85386,-85.04242,11.7,280.1,280.0,ARTHUR M ANDERSON,IMO5025691,WDH7563,70,0,233,21,8.0,70,A
366972020,2021-07-25T13:26:30,45.82793,-84.83143,11.5,280.3,279.0,ARTHUR M ANDERSON,IMO5025691,WDH7563,70,0,233,21,8.0,70,A
366972020,2021-07-25T14:15:10,45.85517,-85.05326,11.7,279.7,279.0,ARTHUR M ANDERSON,IMO5025691,WDH7563,70,0,233,21,8.0,70,A
366972020,2021-07-25T13:55:29,45.84404,-84.96318,11.6,279.8,279.0,ARTHUR M ANDERSON,IMO5025691,WDH7563,70,0,233,21,8.0,70,A
366972020,2021-07-25T14:26:40,45.86161,-85.10591,11.7,279.3,279.0,ARTHUR M ANDERSON,IMO5025691,WDH7563,70,0,233,21,8.0,70,A
366972020,2021-07-25T14:02:20,45.84796,-84.99445,11.6,280.1,280.0,ARTHUR M ANDERSON,IMO5025691,WDH7563,70,0,233,21,8.0,70,A
366972020,2021-07-25T11:57:50,45.8634,-84.445,11.6,262.5,262.0,ARTHUR M ANDERSON,IMO5025691,WDH7563,70,0,233,21,8.0,70,A
366972020,2021-07-25T14:21:00,45.85842,-85.08,11.7,279.9,280.0,ARTHUR M ANDERSON,IMO5025691,WDH7563,70,0,233,21,8.0,70,A
366972020,2021-07-25T14:32:19,45.86427,-85.132,11.7,278.1,278.0,ARTHUR M ANDERSON,IMO5025691,WDH7563,70,0,233,21,8.0,70,A
366972020,2021-07-25T12:54:00,45.82086,-84.68882,11.4,248.6,248.0,ARTHUR M ANDERSON,IMO5025691,WDH7563,70,0,233,21,8.0,70,A
366972020,2021-07-25T14:35:49,45.86582,-85.14801,11.6,277.6,277.0,ARTHUR M ANDERSON,IMO5025691,WDH7563,70,0,233,21,8.0,70,A
366972020,2021-07-25T07:20:09,46.27432,-84.20012,6.2,143.6,143.0,ARTHUR M ANDERSON,IMO5025691,WDH7563,70,0,233,21,8.0,70,A
366972020,2021-07-25T13:42:40,45.83694,-84.90494,11.6,280.0,279.0,ARTHUR M ANDERSON,IMO5025691,WDH7563,70,0,233,21,8.0,70,A
366972020,2021-07-25T14:27:50,45.86225,-85.11127,11.7,279.9,279.0,ARTHUR M ANDERSON,IMO5025691,WDH7563,70,0,233,21,8.0,70,A
366972020,2021-07-25T14:42:49,45.86881,-85.17987,11.4,277.2,277.0,ARTHUR M ANDERSON,IMO5025691,WDH7563,70,0,233,21,8.0,70,A
366972020,2021-07-25T14:52:00,45.87268,-85.22168,11.6,278.3,278.0,ARTHUR M ANDERSON,IMO5025691,WDH7563,70,0,233,21,8.0,70,A
366972020,2021-07-25T14:38:09,45.86686,-85.15872,11.6,277.6,277.0,ARTHUR M ANDERSON,IMO5025691,WDH7563,70,0,233,21,8.0,70,A
366972020,2021-07-25T12:11:40,45.8576,-84.50847,11.6,262.9,263.0,ARTHUR M ANDERSON,IMO5025691,WDH7563,70,0,233,21,8.0,70,A
366972020,2021-07-25T14:39:19,45.86736,-85.16405,11.5,277.0,276.0,ARTHUR M ANDERSON,IMO5025691,WDH7563,70,0,233,21,8.0,70,A
366972020,2021-07-25T14:40:29,45.86785,-85.16935,11.5,277.8,277.0,ARTHUR M ANDERSON,IMO5025691,WDH7563,70,0,233,21,8.0,70,A
366972020,2021-07-25T14:34:40,45.86533,-85.14273,11.6,278.1,278.0,ARTHUR M ANDERSON,IMO5025691,WDH7563,70,0,233,21,8.0,70,A
366972020,2021-07-25T13:15:01,45.82146,-84.77978,11.3,280.0,279.0,ARTHUR M ANDERSON,IMO5025691,WDH7563,70,0,233,21,8.0,70,A
366972020,2021-07-25T12:21:00,45.85352,-84.55163,11.7,260.9,261.0,ARTHUR M ANDERSON,IMO5025691,WDH7563,70,0,233,21,8.0,70,A
366972020,2021-07-25T13:20:50,45.82467,-84.80587,11.5,279.8,279.0,ARTHUR M ANDERSON,IMO5025691,WDH7563,70,0,233,21,8.0,70,A
366972020,2021-07-25T14:53:09,45.8732,-85.22695,11.6,277.4,277.0,ARTHUR M ANDERSON,IMO5025691,WDH7563,70,0,233,21,8.0,70,A
366972020,2021-07-25T14:10:30,45.85255,-85.03179,11.6,279.7,279.0,ARTHUR M ANDERSON,IMO5025691,WDH7563,70,0,233,21,8.0,70,A
366972020,2021-07-25T12:29:59,45.84683,-84.59179,11.1,250.2,248.0,ARTHUR M ANDERSON,IMO5025691,WDH7563,70,0,233,21,8.0,70,A
366972020,2021-07-25T14:59:59,45.87616,-85.25826,11.6,277.5,277.0,ARTHUR M ANDERSON,IMO5025691,WDH7563,70,0,233,21,8.0,70,A
366972020,2021-07-25T15:09:40,45.88027,-85.30244,11.5,277.6,277.0,ARTHUR M ANDERSON,IMO5025691,WDH7563,70,0,233,21,8.0,70,A
366972020,2021-07-25T12:35:19,45.8413,-84.61308,10.1,249.1,249.0,ARTHUR M ANDERSON,IMO5025691,WDH7563,70,0,233,21,8.0,70,A
366972020,2021-07-25T15:04:50,45.87822,-85.28048,11.6,277.6,277.0,ARTHUR M ANDERSON,IMO5025691,WDH7563,70,0,233,21,8.0,70,A
366972020,2021-07-25T14:54:19,45.8737,-85.2323,11.6,277.6,277.0,ARTHUR M ANDERSON,IMO5025691,WDH7563,70,0,233,21,8.0,70,A
366972020,2021-07-25T15:06:00,45.87872,-85.28581,11.5,277.2,276.0,ARTHUR M ANDERSON,IMO5025691,WDH7563,70,0,233,21,8.0,70,A
366972020,2021-07-25T14:24:29,45.86036,-85.0959,11.7,280.1,280.0,ARTHUR M ANDERSON,IMO5025691,WDH7563,70,0,233,21,8.0,70,A
366972020,2021-07-25T14:25:30,45.86097,-85.10056,11.7,280.6,280.0,ARTHUR M ANDERSON,IMO5025691,WDH7563,70,0,233,21,8.0,70,A
366972020,2021-07-25T15:23:40,45.88621,-85.36649,11.6,278.1,277.0,ARTHUR M ANDERSON,IMO5025691,WDH7563,70,0,233,21,8.0,70,A
366972020,2021-07-25T15:24:51,45.88671,-85.37193,11.6,277.6,276.0,ARTHUR M ANDERSON,IMO5025691,WDH7563,70,0,233,21,8.0,70,A
366972020,2021-07-25T15:10:49,45.88075,-85.30771,11.6,277.2,276.0,ARTHUR M ANDERSON,IMO5025691,WDH7563,70,0,233,21,8.0,70,A
366972020,2021-07-25T14:28:59,45.86282,-85.11654,11.6,277.8,277.0,ARTHUR M ANDERSON,IMO5025691,WDH7563,70,0,233,21,8.0,70,A
366972020,2021-07-25T12:43:29,45.83315,-84.64475,10.9,249.3,248.0,ARTHUR M ANDERSON,IMO5025691,WDH7563,70,0,233,21,8.0,70,A
366972020,2021-07-25T14:30:10,45.86332,-85.12198,11.7,277.1,277.0,ARTHUR M ANDERSON,IMO5025691,WDH7563,70,0,233,21,8.0,70,A
366972020,2021-07-25T15:31:41,45.88958,-85.40339,11.7,277.7,277.0,ARTHUR M ANDERSON,IMO5025691,WDH7563,70,0,233,21,8.0,70,A
366972020,2021-07-25T15:26:00,45.8872,-85.37722,11.6,277.2,276.0,ARTHUR M ANDERSON,IMO5025691,WDH7563,70,0,233,21,8.0,70,A
366972020,2021-07-25T15:27:09,45.88768,-85.38251,11.6,277.5,276.0,ARTHUR M ANDERSON,IMO5025691,WDH7563,70,0,233,21,8.0,70,A
366972020,2021-07-25T15:08:20,45.87968,-85.29637,11.5,278.1,277.0,ARTHUR M ANDERSON,IMO5025691,WDH7563,70,0,233,21,8.0,70,A
366972020,2021-07-25T15:28:21,45.88817,-85.38805,11.6,276.9,276.0,ARTHUR M ANDERSON,IMO5025691,WDH7563,70,0,233,21,8.0,70,A
366972020,2021-07-25T15:41:01,45.89355,-85.44597,11.4,277.4,277.0,ARTHUR M ANDERSON,IMO5025691,WDH7563,70,0,233,21,8.0,70,A
366972020,2021-07-25T07:58:23,46.21252,-84.15448,7.6,128.6,128.0,ARTHUR M ANDERSON,IMO5025691,WDH7563,70,0,233,21,8.0,70,A
366972020,2021-07-25T13:54:21,45.84341,-84.95802,11.6,279.5,279.0,ARTHUR M ANDERSON,IMO5025691,WDH7563,70,0,233,21,8.0,70,A
366972020,2021-07-25T08:01:00,46.20895,-84.14798,8.0,128.2,128.0,ARTHUR M ANDERSON,IMO5025691,WDH7563,70,0,233,21,8.0,70,A
366972020,2021-07-25T14:46:19,45.87025,-85.19568,11.4,277.5,277.0,ARTHUR M ANDERSON,IMO5025691,WDH7563,70,0,233,21,8.0,70,A
366972020,2021-07-25T15:39:51,45.89306,-85.44069,11.4,277.5,276.0,ARTHUR M ANDERSON,IMO5025691,WDH7563,70,0,233,21,8.0,70,A
366972020,2021-07-25T15:48:50,45.89493,-85.48126,11.3,268.6,268.0,ARTHUR M ANDERSON,IMO5025691,WDH7563,70,0,233,21,8.0,70,A
366972020,2021-07-25T15:21:19,45.88518,-85.35579,11.5,277.4,276.0,ARTHUR M ANDERSON,IMO5025691,WDH7563,70,0,233,21,8.0,70,A
366972020,2021-07-25T13:57:50,45.8454,-84.9739,11.6,280.3,280.0,ARTHUR M ANDERSON,IMO5025691,WDH7563,70,0,233,21,8.0,70,A
366972020,2021-07-25T15:35:09,45.89102,-85.41933,11.5,277.4,276.0,ARTHUR M ANDERSON,IMO5025691,WDH7563,70,0,233,21,8.0,70,A
366972020,2021-07-25T15:46:29,45.89516,-85.47065,11.2,267.0,266.0,ARTHUR M ANDERSON,IMO5025691,WDH7563,70,0,233,21,8.0,70,A
366972020,2021-07-25T14:00:00,45.84661,-84.98379,11.6,280.4,280.0,ARTHUR M ANDERSON,IMO5025691,WDH7563,70,0,233,21,8.0,70,A
366972020,2021-07-25T13:07:00,45.81703,-84.74481,11.0,279.6,279.0,ARTHUR M ANDERSON,IMO5025691,WDH7563,70,0,233,21,8.0,70,A
366972020,2021-07-25T15:51:10,45.89474,-85.49181,11.3,268.7,268.0,ARTHUR M ANDERSON,IMO5025691,WDH7563,70,0,233,21,8.0,70,A
366972020,2021-07-25T14:04:39,45.84928,-85.00504,11.6,279.9,280.0,ARTHUR M ANDERSON,IMO5025691,WDH7563,70,0,233,21,8.0,70,A
366972020,2021-07-25T08:07:40,46.19865,-84.12907,9.7,128.1,128.0,ARTHUR M ANDERSON,IMO5025691,WDH7563,70,0,233,21,8.0,70,A
366972020,2021-07-25T15:00:10,45.87624,-85.2591,11.6,277.7,277.0,ARTHUR M ANDERSON,IMO5025691,WDH7563,70,0,233,21,8.0,70,A
366972020,2021-07-25T15:45:21,45.89526,-85.46558,11.3,270.8,270.0,ARTHUR M ANDERSON,IMO5025691,WDH7563,70,0,233,21,8.0,70,A
366972020,2021-07-25T15:34:00,45.89055,-85.41407,11.6,277.1,276.0,ARTHUR M ANDERSON,IMO5025691,WDH7563,70,0,233,21,8.0,70,A
366972020,2021-07-25T14:08:09,45.85122,-85.02105,11.7,280.1,280.0,ARTHUR M ANDERSON,IMO5025691,WDH7563,70,0,233,21,8.0,70,A
366972020,2021-07-25T14:09:19,45.85189,-85.02639,11.6,279.9,280.0,ARTHUR M ANDERSON,IMO5025691,WDH7563,70,0,233,21,8.0,70,A
366972020,2021-07-25T16:06:59,45.89247,-85.56408,11.4,265.5,265.0,ARTHUR M ANDERSON,IMO5025691,WDH7563,70,0,233,21,8.0,70,A
366972020,2021-07-25T15:50:01,45.89484,-85.4866,11.3,268.3,268.0,ARTHUR M ANDERSON,IMO5025691,WDH7563,70,0,233,21,8.0,70,A
366972020,2021-07-25T15:52:19,45.89465,-85.49713,11.4,268.5,268.0,ARTHUR M ANDERSON,IMO5025691,WDH7563,70,0,233,21,8.0,70,A
366972020,2021-07-25T16:10:16,45.89048,-85.57846,10.8,242.1,240.0,ARTHUR M ANDERSON,IMO5025691,WDH7563,70,0,233,21,8.0,70,A
366972020,2021-07-25T16:11:20,45.88893,-85.58245,11.0,240.6,240.0,ARTHUR M ANDERSON,IMO5025691,WDH7563,70,0,233,21,8.0,70,A
366972020,2021-07-25T14:14:00,45.85453,-85.04784,11.7,279.7,279.0,ARTHUR M ANDERSON,IMO5025691,WDH7563,70,0,233,21,8.0,70,A
366972020,2021-07-25T16:08:10,45.89218,-85.56946,11.4,265.8,265.0,ARTHUR M ANDERSON,IMO5025691,WDH7563,70,0,233,21,8.0,70,A
366972020,2021-07-25T14:19:49,45.85776,-85.0745,11.7,279.7,279.0,ARTHUR M ANDERSON,IMO5025691,WDH7563,70,0,233,21,8.0,70,A
366972020,2021-07-25T15:13:11,45.88176,-85.31857,11.6,278.0,277.0,ARTHUR M ANDERSON,IMO5025691,WDH7563,70,0,233,21,8.0,70,A
366972020,2021-07-25T15:44:20,45.89496,-85.46108,11.4,277.9,277.0,ARTHUR M ANDERSON,IMO5025691,WDH7563,70,0,233,21,8.0,70,A
366972020,2021-07-25T15:20:10,45.88471,-85.35056,11.5,277.4,276.0,ARTHUR M ANDERSON,IMO5025691,WDH7563,70,0,233,21,8.0,70,A
366972020,2021-07-25T16:05:49,45.89276,-85.55879,11.4,266.1,266.0,ARTHUR M ANDERSON,IMO5025691,WDH7563,70,0,233,21,8.0,70,A
366972020,2021-07-25T15:55:39,45.89415,-85.51222,11.4,266.2,265.0,ARTHUR M ANDERSON,IMO5025691,WDH7563,70,0,233,21,8.0,70,A
366972020,2021-07-25T16:20:20,45.87517,-85.61857,11.6,240.4,239.0,ARTHUR M ANDERSON,IMO5025691,WDH7563,70,0,233,21,8.0,70,A
366972020,2021-07-25T14:33:30,45.8648,-85.13737,11.6,278.1,278.0,ARTHUR M ANDERSON,IMO5025691,WDH7563,70,0,233,21,8.0,70,A
366972020,2021-07-25T15:56:49,45.89398,-85.51749,11.5,267.8,267.0,ARTHUR M ANDERSON,IMO5025691,WDH7563,70,0,233,21,8.0,70,A
366972020,2021-07-25T16:28:29,45.86219,-85.65171,11.7,240.8,240.0,ARTHUR M ANDERSON,IMO5025691,WDH7563,70,0,233,21,8.0,70,A
366972020,2021-07-25T14:41:39,45.86834,-85.17462,11.4,277.2,277.0,ARTHUR M ANDERSON,IMO5025691,WDH7563,70,0,233,21,8.0,70,A
366972020,2021-07-25T16:03:29,45.89307,-85.54816,11.5,267.8,267.0,ARTHUR M ANDERSON,IMO5025691,WDH7563,70,0,233,21,8.0,70,A
366972020,2021-07-25T15:32:50,45.89009,-85.40871,11.7,277.5,276.0,ARTHUR M ANDERSON,IMO5025691,WDH7563,70,0,233,21,8.0,70,A
366972020,2021-07-25T16:04:39,45.89295,-85.55348,11.4,268.3,268.0,ARTHUR M ANDERSON,IMO5025691,WDH7563,70,0,233,21,8.0,70,A
366972020,2021-07-25T16:36:40,45.84919,-85.68489,11.7,240.5,239.0,ARTHUR M ANDERSON,IMO5025691,WDH7563,70,0,233,21,8.0,70,A
366972020,2021-07-25T16:22:40,45.87147,-85.62802,11.6,240.8,240.0,ARTHUR M ANDERSON,IMO5025691,WDH7563,70,0,233,21,8.0,70,A
366972020,2021-07-25T14:47:29,45.87071,-85.20099,11.5,277.5,277.0,ARTHUR M ANDERSON,IMO5025691,WDH7563,70,0,233,21,8.0,70,A
366972020,2021-07-25T13:37:59,45.83434,-84.8836,11.6,279.8,279.0,ARTHUR M ANDERSON,IMO5025691,WDH7563,70,0,233,21,8.0,70,A
366972020,2021-07-25T13:39:10,45.83497,-84.889,11.6,279.4,279.0,ARTHUR M ANDERSON,IMO5025691,WDH7563,70,0,233,21,8.0,70,A
366972020,2021-07-25T16:24:59,45.86776,-85.6374,11.7,240.4,239.0,ARTHUR M ANDERSON,IMO5025691,WDH7563,70,0,233,21,8.0,70,A
366972020,2021-07-25T14:49:49,45.87172,-85.21175,11.6,277.8,277.0,ARTHUR M ANDERSON,IMO5025691,WDH7563,70,0,233,21,8.0,70,A
366972020,2021-07-25T16:27:20,45.86404,-85.64696,11.7,240.8,240.0,ARTHUR M ANDERSON,IMO5025691,WDH7563,70,0,233,21,8.0,70,A
366972020,2021-07-25T16:41:20,45.84177,-85.70391,11.7,240.6,239.0,ARTHUR M ANDERSON,IMO5025691,WDH7563,70,0,233,21,8.0,70,A
366972020,2021-07-25T14:55:20,45.87415,-85.23696,11.6,278.1,278.0,ARTHUR M ANDERSON,IMO5025691,WDH7563,70,0,233,21,8.0,70,A
366972020,2021-07-25T16:32:00,45.85661,-85.6659,11.7,240.7,240.0,ARTHUR M ANDERSON,IMO5025691,WDH7563,70,0,233,21,8.0,70,A
366972020,2021-07-25T14:56:30,45.87468,-85.24229,11.6,277.6,277.0,ARTHUR M ANDERSON,IMO5025691,WDH7563,70,0,233,21,8.0,70,A
366972020,2021-07-25T16:47:10,45.83236,-85.72776,11.8,240.4,239.0,ARTHUR M ANDERSON,IMO5025691,WDH7563,70,0,233,21,8.0,70,A
366972020,2021-07-25T16:34:20,45.85289,-85.6754,11.7,240.8,240.0,ARTHUR M ANDERSON,IMO5025691,WDH7563,70,0,233,21,8.0,70,A
366972020,2021-07-25T16:48:20,45.83049,-85.73249,11.7,240.6,239.0,ARTHUR M ANDERSON,IMO5025691,WDH7563,70,0,233,21,8.0,70,A
366972020,2021-07-25T13:52:00,45.84216,-84.9473,11.6,279.7,279.0,ARTHUR M ANDERSON,IMO5025691,WDH7563,70,0,233,21,8.0,70,A
366972020,2021-07-25T13:53:09,45.84277,-84.95254,11.6,279.3,279.0,ARTHUR M ANDERSON,IMO5025691,WDH7563,70,0,233,21,8.0,70,A
366972020,2021-07-25T14:58:50,45.87568,-85.25306,11.6,277.8,277.0,ARTHUR M ANDERSON,IMO5025691,WDH7563,70,0,233,21,8.0,70,A
366972020,2021-07-25T16:18:00,45.87884,-85.60921,11.6,241.5,241.0,ARTHUR M ANDERSON,IMO5025691,WDH7563,70,0,233,21,8.0,70,A
366972020,2021-07-25T16:19:09,45.87704,-85.61387,11.6,240.7,240.0,ARTHUR M ANDERSON,IMO5025691,WDH7563,70,0,233,21,8.0,70,A
366972020,2021-07-25T16:50:39,45.82685,-85.74187,11.6,240.4,239.0,ARTHUR M ANDERSON,IMO5025691,WDH7563,70,0,233,21,8.0,70,A
366972020,2021-07-25T16:37:51,45.8473,-85.6897,11.7,240.6,239.0,ARTHUR M ANDERSON,IMO5025691,WDH7563,70,0,233,21,8.0,70,A
366972020,2021-07-25T16:40:10,45.84363,-85.69916,11.7,240.4,239.0,ARTHUR M ANDERSON,IMO5025691,WDH7563,70,0,233,21,8.0,70,A
366972020,2021-07-25T15:03:40,45.8777,-85.27515,11.6,277.7,277.0,ARTHUR M ANDERSON,IMO5025691,WDH7563,70,0,233,21,8.0,70,A
366972020,2021-07-25T16:23:50,45.86959,-85.63274,11.6,240.2,239.0,ARTHUR M ANDERSON,IMO5025691,WDH7563,70,0,233,21,8.0,70,A
366972020,2021-07-25T16:54:19,45.82098,-85.75661,11.6,240.4,239.0,ARTHUR M ANDERSON,IMO5025691,WDH7563,70,0,233,21,8.0,70,A
366972020,2021-07-25T15:54:30,45.8944,-85.50694,11.3,267.3,267.0,ARTHUR M ANDERSON,IMO5025691,WDH7563,70,0,233,21,8.0,70,A
366972020,2021-07-25T16:29:40,45.86033,-85.65645,11.6,240.8,240.0,ARTHUR M ANDERSON,IMO5025691,WDH7563,70,0,233,21,8.0,70,A
366972020,2021-07-25T16:58:59,45.81347,-85.77564,11.8,240.6,239.0,ARTHUR M ANDERSON,IMO5025691,WDH7563,70,0,233,21,8.0,70,A
366972020,2021-07-25T16:59:59,45.81185,-85.77974,11.8,240.6,239.0,ARTHUR M ANDERSON,IMO5025691,WDH7563,70,0,233,21,8.0,70,A
366972020,2021-07-25T14:03:30,45.84862,-84.99978,11.6,280.1,280.0,ARTHUR M ANDERSON,IMO5025691,WDH7563,70,0,233,21,8.0,70,A
366972020,2021-07-25T17:02:20,45.80802,-85.78936,11.8,240.5,239.0,ARTHUR M ANDERSON,IMO5025691,WDH7563,70,0,233,21,8.0,70,A
366972020,2021-07-25T16:53:09,45.8228,-85.75195,11.6,240.6,239.0,ARTHUR M ANDERSON,IMO5025691,WDH7563,70,0,233,21,8.0,70,A
366972020,2021-07-25T15:12:00,45.88124,-85.31315,11.6,277.4,276.0,ARTHUR M ANDERSON,IMO5025691,WDH7563,70,0,233,21,8.0,70,A
366972020,2021-07-25T08:30:29,46.1546,-84.04966,11.3,127.9,128.0,ARTHUR M ANDERSON,IMO5025691,WDH7563,70,0,233,21,8.0,70,A
366972020,2021-07-25T17:05:50,45.80235,-85.80374,11.8,240.4,239.0,ARTHUR M ANDERSON,IMO5025691,WDH7563,70,0,233,21,8.0,70,A
366972020,2021-07-25T15:14:20,45.88228,-85.32384,11.6,277.5,276.0,ARTHUR M ANDERSON,IMO5025691,WDH7563,70,0,233,21,8.0,70,A
366972020,2021-07-25T14:11:39,45.85318,-85.03706,11.7,279.8,280.0,ARTHUR M ANDERSON,IMO5025691,WDH7563,70,0,233,21,8.0,70,A
366972020,2021-07-25T17:08:10,45.79854,-85.81338,11.8,240.7,239.0,ARTHUR M ANDERSON,IMO5025691,WDH7563,70,0,233,21,8.0,70,A
366972020,2021-07-25T08:31:40,46.15229,-84.04547,11.2,128.5,128.0,ARTHUR M ANDERSON,IMO5025691,WDH7563,70,0,233,21,8.0,70,A
366972020,2021-07-25T17:13:50,45.78937,-85.83652,11.7,240.7,240.0,ARTHUR M ANDERSON,IMO5025691,WDH7563,70,0,233,21,8.0,70,A
366972020,2021-07-25T14:18:40,45.85713,-85.06923,11.7,280.1,280.0,ARTHUR M ANDERSON,IMO5025691,WDH7563,70,0,233,21,8.0,70,A
366972020,2021-07-25T15:22:29,45.88567,-85.3611,11.5,277.9,277.0,ARTHUR M ANDERSON,IMO5025691,WDH7563,70,0,233,21,8.0,70,A
366972020,2021-07-25T17:17:10,45.78404,-85.85011,11.8,240.6,240.0,ARTHUR M ANDERSON,IMO5025691,WDH7563,70,0,233,21,8.0,70,A
366972020,2021-07-25T16:14:40,45.88394,-85.59563,11.4,241.5,241.0,ARTHUR M ANDERSON,IMO5025691,WDH7563,70,0,233,21,8.0,70,A
366972020,2021-07-25T16:49:30,45.82866,-85.73725,11.7,241.1,240.0,ARTHUR M ANDERSON,IMO5025691,WDH7563,70,0,233,21,8.0,70,A
366972020,2021-07-25T14:22:10,45.85908,-85.08527,11.7,279.8,280.0,ARTHUR M ANDERSON,IMO5025691,WDH7563,70,0,233,21,8.0,70,A
366972020,2021-07-25T14:23:19,45.85971,-85.09055,11.7,279.9,279.0,ARTHUR M ANDERSON,IMO5025691,WDH7563,70,0,233,21,8.0,70,A
366972020,2021-07-25T08:38:39,46.13871,-84.02109,11.2,129.2,128.0,ARTHUR M ANDERSON,IMO5025691,WDH7563,70,0,233,21,8.0,70,A
366972020,2021-07-25T17:19:30,45.78028,-85.85954,11.8,240.1,239.0,ARTHUR M ANDERSON,IMO5025691,WDH7563,70,0,233,21,8.0,70,A
366972020,2021-07-25T16:52:00,45.82465,-85.74734,11.6,240.1,239.0,ARTHUR M ANDERSON,IMO5025691,WDH7563,70,0,233,21,8.0,70,A
366972020,2021-07-25T17:22:59,45.77464,-85.87371,11.7,240.1,240.0,ARTHUR M ANDERSON,IMO5025691,WDH7563,70,0,233,21,8.0,70,A
366972020,2021-07-25T16:21:29,45.87333,-85.62323,11.6,240.7,240.0,ARTHUR M ANDERSON,IMO5025691,WDH7563,70,0,233,21,8.0,70,A
366972020,2021-07-25T17:26:30,45.76899,-85.8881,11.8,240.7,240.0,ARTHUR M ANDERSON,IMO5025691,WDH7563,70,0,233,21,8.0,70,A
366972020,2021-07-25T17:16:09,45.7857,-85.84588,11.7,240.9,240.0,ARTHUR M ANDERSON,IMO5025691,WDH7563,70,0,233,21,8.0,70,A
366972020,2021-07-25T17:27:40,45.76713,-85.89288,11.8,240.8,240.0,ARTHUR M ANDERSON,IMO5025691,WDH7563,70,0,233,21,8.0,70,A
366972020,2021-07-25T16:26:09,45.86592,-85.64213,11.7,240.7,240.0,ARTHUR M ANDERSON,IMO5025691,WDH7563,70,0,233,21,8.0,70,A
366972020,2021-07-25T17:20:39,45.7784,-85.86421,11.8,240.2,239.0,ARTHUR M ANDERSON,IMO5025691,WDH7563,70,0,233,21,8.0,70,A
366972020,2021-07-25T08:48:39,46.10907,-84.01468,11.0,185.0,184.0,ARTHUR M ANDERSON,IMO5025691,WDH7563,70,0,233,21,8.0,70,A
366972020,2021-07-25T17:04:40,45.80424,-85.79894,11.8,240.5,239.0,ARTHUR M ANDERSON,IMO5025691,WDH7563,70,0,233,21,8.0,70,A
366972020,2021-07-25T16:39:00,45.84548,-85.6944,11.7,240.6,239.0,ARTHUR M ANDERSON,IMO5025691,WDH7563,70,0,233,21,8.0,70,A
366972020,2021-07-25T17:40:20,45.74682,-85.94445,11.7,240.9,240.0,ARTHUR M ANDERSON,IMO5025691,WDH7563,70,0,233,21,8.0,70,A
366972020,2021-07-25T14:45:09,45.86976,-85.19048,11.4,277.0,276.0,ARTHUR M ANDERSON,IMO5025691,WDH7563,70,0,233,21,8.0,70,A
366972020,2021-07-25T17:09:20,45.79666,-85.81818,11.8,240.5,239.0,ARTHUR M ANDERSON,IMO5025691,WDH7563,70,0,233,21,8.0,70,A
366972020,2021-07-25T17:10:21,45.79504,-85.82228,11.8,240.3,239.0,ARTHUR M ANDERSON,IMO5025691,WDH7563,70,0,233,21,8.0,70,A
366972020,2021-07-25T16:42:30,45.83987,-85.70866,11.8,240.6,239.0,ARTHUR M ANDERSON,IMO5025691,WDH7563,70,0,233,21,8.0,70,A
366972020,2021-07-25T17:11:30,45.79317,-85.82694,11.7,240.3,239.0,ARTHUR M ANDERSON,IMO5025691,WDH7563,70,0,233,21,8.0,70,A
366972020,2021-07-25T14:50:50,45.87215,-85.21634,11.6,278.1,278.0,ARTHUR M ANDERSON,IMO5025691,WDH7563,70,0,233,21,8.0,70,A
366972020,2021-07-25T16:45:59,45.83428,-85.72292,11.8,240.2,239.0,ARTHUR M ANDERSON,IMO5025691,WDH7563,70,0,233,21,8.0,70,A
366972020,2021-07-25T09:00:11,46.07338,-84.01776,11.1,164.0,163.0,ARTHUR M ANDERSON,IMO5025691,WDH7563,70,0,233,21,8.0,70,A
366972020,2021-07-25T17:42:39,45.74319,-85.95386,11.6,240.8,240.0,ARTHUR M ANDERSON,IMO5025691,WDH7563,70,0,233,21,8.0,70,A
366972020,2021-07-25T17:43:40,45.74157,-85.95797,11.6,240.7,240.0,ARTHUR M ANDERSON,IMO5025691,WDH7563,70,0,233,21,8.0,70,A
366972020,2021-07-25T17:59:40,45.71621,-86.02255,11.6,240.4,239.0,ARTHUR M ANDERSON,IMO5025691,WDH7563,70,0,233,21,8.0,70,A
366972020,2021-07-25T17:56:09,45.72181,-86.00838,11.6,240.3,239.0,ARTHUR M ANDERSON,IMO5025691,WDH7563,70,0,233,21,8.0,70,A
366972020,2021-07-25T18:01:09,45.71384,-86.02853,11.6,240.9,240.0,ARTHUR M ANDERSON,IMO5025691,WDH7563,70,0,233,21,8.0,70,A
366972020,2021-07-25T09:06:41,46.06234,-83.99605,11.2,115.7,115.0,ARTHUR M ANDERSON,IMO5025691,WDH7563,70,0,233,21,8.0,70,A
366972020,2021-07-25T17:58:29,45.71808,-86.01779,11.6,240.3,239.0,ARTHUR M ANDERSON,IMO5025691,WDH7563,70,0,233,21,8.0,70,A
366972020,2021-07-25T18:03:19,45.71038,-86.03736,11.6,240.8,240.0,ARTHUR M ANDERSON,IMO5025691,WDH7563,70,0,233,21,8.0,70,A
366972020,2021-07-25T15:53:29,45.89451,-85.50243,11.3,267.5,267.0,ARTHUR M ANDERSON,IMO5025691,WDH7563,70,0,233,21,8.0,70,A
366972020,2021-07-25T14:57:40,45.87518,-85.24764,11.6,277.6,277.0,ARTHUR M ANDERSON,IMO5025691,WDH7563,70,0,233,21,8.0,70,A
366972020,2021-07-25T17:52:39,45.72736,-85.99424,11.6,241.0,240.0,ARTHUR M ANDERSON,IMO5025691,WDH7563,70,0,233,21,8.0,70,A
366972020,2021-07-25T09:07:50,46.06077,-83.99137,11.3,115.7,115.0,ARTHUR M ANDERSON,IMO5025691,WDH7563,70,0,233,21,8.0,70,A
366972020,2021-07-25T09:09:00,46.05918,-83.98657,11.4,115.5,115.0,ARTHUR M ANDERSON,IMO5025691,WDH7563,70,0,233,21,8.0,70,A
366972020,2021-07-25T15:59:00,45.89368,-85.5276,11.5,267.8,267.0,ARTHUR M ANDERSON,IMO5025691,WDH7563,70,0,233,21,8.0,70,A
366972020,2021-07-25T17:01:10,45.80993,-85.78459,11.8,240.4,239.0,ARTHUR M ANDERSON,IMO5025691,WDH7563,70,0,233,21,8.0,70,A
366972020,2021-07-25T16:00:09,45.89352,-85.53283,11.5,267.6,267.0,ARTHUR M ANDERSON,IMO5025691,WDH7563,70,0,233,21,8.0,70,A
366972020,2021-07-25T16:02:20,45.89319,-85.54287,11.5,267.6,267.0,ARTHUR M ANDERSON,IMO5025691,WDH7563,70,0,233,21,8.0,70,A
366972020,2021-07-25T17:35:39,45.75429,-85.92542,11.7,240.5,240.0,ARTHUR M ANDERSON,IMO5025691,WDH7563,70,0,233,21,8.0,70,A
366972020,2021-07-25T18:04:20,45.70881,-86.04142,11.6,240.6,239.0,ARTHUR M ANDERSON,IMO5025691,WDH7563,70,0,233,21,8.0,70,A
366972020,2021-07-25T16:09:14,45.89176,-85.57425,11.2,257.2,256.0,ARTHUR M ANDERSON,IMO5025691,WDH7563,70,0,233,21,8.0,70,A
366972020,2021-07-25T18:16:00,45.69008,-86.08854,11.7,240.4,239.0,ARTHUR M ANDERSON,IMO5025691,WDH7563,70,0,233,21,8.0,70,A
366972020,2021-07-25T18:07:49,45.70322,-86.05545,11.7,240.4,239.0,ARTHUR M ANDERSON,IMO5025691,WDH7563,70,0,233,21,8.0,70,A
366972020,2021-07-25T17:12:40,45.79128,-85.83168,11.7,240.6,240.0,ARTHUR M ANDERSON,IMO5025691,WDH7563,70,0,233,21,8.0,70,A
366972020,2021-07-25T18:19:23,45.68422,-86.10167,11.3,224.5,221.0,ARTHUR M ANDERSON,IMO5025691,WDH7563,70,0,233,21,8.0,70,A
366972020,2021-07-25T16:12:30,45.88717,-85.58707,11.2,242.0,242.0,ARTHUR M ANDERSON,IMO5025691,WDH7563,70,0,233,21,8.0,70,A
366972020,2021-07-25T15:15:30,45.88277,-85.32922,11.6,277.2,276.0,ARTHUR M ANDERSON,IMO5025691,WDH7563,70,0,233,21,8.0,70,A
366972020,2021-07-25T18:23:31,45.67269,-86.10636,10.7,192.5,193.0,ARTHUR M ANDERSON,IMO5025691,WDH7563,70,0,233,21,8.0,70,A
366972020,2021-07-25T17:49:20,45.73259,-85.98081,11.6,240.8,240.0,ARTHUR M ANDERSON,IMO5025691,WDH7563,70,0,233,21,8.0,70,A
366972020,2021-07-25T09:12:30,46.05438,-83.97205,11.5,115.0,115.0,ARTHUR M ANDERSON,IMO5025691,WDH7563,70,0,233,21,8.0,70,A
366972020,2021-07-25T17:18:19,45.78221,-85.85473,11.8,240.5,240.0,ARTHUR M ANDERSON,IMO5025691,WDH7563,70,0,233,21,8.0,70,A
366972020,2021-07-25T18:14:49,45.69196,-86.08383,11.7,240.7,239.0,ARTHUR M ANDERSON,IMO5025691,WDH7563,70,0,233,21,8.0,70,A
366972020,2021-07-25T18:24:39,45.66936,-86.10756,10.9,195.2,195.0,ARTHUR M ANDERSON,IMO5025691,WDH7563,70,0,233,21,8.0,70,A
366972020,2021-07-25T18:29:19,45.65532,-86.1135,11.5,197.0,197.0,ARTHUR M ANDERSON,IMO5025691,WDH7563,70,0,233,21,8.0,70,A
366972020,2021-07-25T17:24:10,45.7727,-85.87861,11.8,240.5,240.0,ARTHUR M ANDERSON,IMO5025691,WDH7563,70,0,233,21,8.0,70,A
366972020,2021-07-25T18:30:29,45.65174,-86.11511,11.5,197.3,197.0,ARTHUR M ANDERSON,IMO5025691,WDH7563,70,0,233,21,8.0,70,A
366972020,2021-07-25T18:31:30,45.64858,-86.11652,11.6,197.2,197.0,ARTHUR M ANDERSON,IMO5025691,WDH7563,70,0,233,21,8.0,70,A
366972020,2021-07-25T17:25:19,45.77088,-85.88325,11.8,240.8,240.0,ARTHUR M ANDERSON,IMO5025691,WDH7563,70,0,233,21,8.0,70,A
366972020,2021-07-25T17:31:09,45.76152,-85.90718,11.7,240.5,240.0,ARTHUR M ANDERSON,IMO5025691,WDH7563,70,0,233,21,8.0,70,A
366972020,2021-07-25T15:29:30,45.88862,-85.39334,11.6,277.1,276.0,ARTHUR M ANDERSON,IMO5025691,WDH7563,70,0,233,21,8.0,70,A
366972020,2021-07-25T18:35:49,45.6353,-86.12256,11.6,197.7,198.0,ARTHUR M ANDERSON,IMO5025691,WDH7563,70,0,233,21,8.0,70,A
366972020,2021-07-25T18:28:10,45.65882,-86.11195,11.4,197.1,197.0,ARTHUR M ANDERSON,IMO5025691,WDH7563,70,0,233,21,8.0,70,A
366972020,2021-07-25T18:41:29,45.6178,-86.13047,11.7,197.9,198.0,ARTHUR M ANDERSON,IMO5025691,WDH7563,70,0,233,21,8.0,70,A
366972020,2021-07-25T09:13:41,46.05277,-83.96712,11.5,115.2,115.0,ARTHUR M ANDERSON,IMO5025691,WDH7563,70,0,233,21,8.0,70,A
366972020,2021-07-25T18:42:40,45.61414,-86.13216,11.7,198.1,198.0,ARTHUR M ANDERSON,IMO5025691,WDH7563,70,0,233,21,8.0,70,A
366972020,2021-07-25T16:33:10,45.85474,-85.67063,11.7,240.7,239.0,ARTHUR M ANDERSON,IMO5025691,WDH7563,70,0,233,21,8.0,70,A
366972020,2021-07-25T15:36:19,45.89152,-85.42465,11.5,278.0,277.0,ARTHUR M ANDERSON,IMO5025691,WDH7563,70,0,233,21,8.0,70,A
366972020,2021-07-25T18:48:20,45.59658,-86.14024,11.7,197.7,198.0,ARTHUR M ANDERSON,IMO5025691,WDH7563,70,0,233,21,8.0,70,A
366972020,2021-07-25T17:44:51,45.73968,-85.96272,11.6,240.1,239.0,ARTHUR M ANDERSON,IMO5025691,WDH7563,70,0,233,21,8.0,70,A
366972020,2021-07-25T18:50:41,45.58933,-86.14367,11.7,198.2,198.0,ARTHUR M ANDERSON,IMO5025691,WDH7563,70,0,233,21,8.0,70,A
366972020,2021-07-25T18:08:59,45.70134,-86.06016,11.7,240.3,239.0,ARTHUR M ANDERSON,IMO5025691,WDH7563,70,0,233,21,8.0,70,A
366972020,2021-07-25T18:52:59,45.58219,-86.14694,11.7,197.7,198.0,ARTHUR M ANDERSON,IMO5025691,WDH7563,70,0,233,21,8.0,70,A
366972020,2021-07-25T18:10:10,45.69943,-86.06494,11.7,240.3,239.0,ARTHUR M ANDERSON,IMO5025691,WDH7563,70,0,233,21,8.0,70,A
366972020,2021-07-25T17:48:19,45.73419,-85.9767,11.6,240.9,240.0,ARTHUR M ANDERSON,IMO5025691,WDH7563,70,0,233,21,8.0,70,A
366972020,2021-07-25T18:55:21,45.57481,-86.15008,11.7,196.7,197.0,ARTHUR M ANDERSON,IMO5025691,WDH7563,70,0,233,21,8.0,70,A
366972020,2021-07-25T18:12:30,45.69567,-86.07437,11.7,240.5,239.0,ARTHUR M ANDERSON,IMO5025691,WDH7563,70,0,233,21,8.0,70,A
366972020,2021-07-25T15:43:11,45.89444,-85.4558,11.5,277.9,277.0,ARTHUR M ANDERSON,IMO5025691,WDH7563,70,0,233,21,8.0,70,A
366972020,2021-07-25T16:43:39,45.83802,-85.71336,11.8,240.9,240.0,ARTHUR M ANDERSON,IMO5025691,WDH7563,70,0,233,21,8.0,70,A
366972020,2021-07-25T16:44:50,45.83613,-85.71823,11.8,240.6,239.0,ARTHUR M ANDERSON,IMO5025691,WDH7563,70,0,233,21,8.0,70,A
366972020,2021-07-25T18:58:50,45.56398,-86.15481,11.7,197.1,197.0,ARTHUR M ANDERSON,IMO5025691,WDH7563,70,0,233,21,8.0,70,A
366972020,2021-07-25T17:53:50,45.7255,-85.99904,11.6,240.5,240.0,ARTHUR M ANDERSON,IMO5025691,WDH7563,70,0,233,21,8.0,70,A
366972020,2021-07-25T09:15:59,46.04961,-83.95741,11.7,115.1,115.0,ARTHUR M ANDERSON,IMO5025691,WDH7563,70,0,233,21,8.0,70,A
366972020,2021-07-25T18:18:20,45.68631,-86.09794,11.7,239.8,239.0,ARTHUR M ANDERSON,IMO5025691,WDH7563,70,0,233,21,8.0,70,A
366972020,2021-07-25T18:46:10,45.6033,-86.13716,11.7,197.6,198.0,ARTHUR M ANDERSON,IMO5025691,WDH7563,70,0,233,21,8.0,70,A
366972020,2021-07-25T19:02:10,45.55357,-86.15933,11.6,196.8,197.0,ARTHUR M ANDERSON,IMO5025691,WDH7563,70,0,233,21,8.0,70,A
366972020,2021-07-25T09:20:40,46.04306,-83.93738,11.8,115.8,115.0,ARTHUR M ANDERSON,IMO5025691,WDH7563,70,0,233,21,8.0,70,A
366972020,2021-07-25T18:22:30,45.67561,-86.10559,10.5,186.5,185.0,ARTHUR M ANDERSON,IMO5025691,WDH7563,70,0,233,21,8.0,70,A
366972020,2021-07-25T19:07:50,45.53603,-86.16678,11.6,196.0,196.0,ARTHUR M ANDERSON,IMO5025691,WDH7563,70,0,233,21,8.0,70,A
366972020,2021-07-25T19:01:00,45.55725,-86.15775,11.7,197.2,197.0,ARTHUR M ANDERSON,IMO5025691,WDH7563,70,0,233,21,8.0,70,A
366972020,2021-07-25T19:09:00,45.53242,-86.16828,11.6,196.2,196.0,ARTHUR M ANDERSON,IMO5025691,WDH7563,70,0,233,21,8.0,70,A
366972020,2021-07-25T18:25:51,45.66581,-86.10898,11.1,195.9,195.0,ARTHUR M ANDERSON,IMO5025691,WDH7563,70,0,233,21,8.0,70,A
366972020,2021-07-25T18:27:00,45.66234,-86.11042,11.3,196.4,196.0,ARTHUR M ANDERSON,IMO5025691,WDH7563,70,0,233,21,8.0,70,A
366972020,2021-07-25T15:57:50,45.89384,-85.52215,11.5,267.7,267.0,ARTHUR M ANDERSON,IMO5025691,WDH7563,70,0,233,21,8.0,70,A
366972020,2021-07-25T19:03:11,45.55046,-86.16067,11.6,196.6,196.0,ARTHUR M ANDERSON,IMO5025691,WDH7563,70,0,233,21,8.0,70,A
366972020,2021-07-25T19:10:10,45.52879,-86.16975,11.6,195.5,195.0,ARTHUR M ANDERSON,IMO5025691,WDH7563,70,0,233,21,8.0,70,A
366972020,2021-07-25T16:55:30,45.81909,-85.7614,11.7,240.5,239.0,ARTHUR M ANDERSON,IMO5025691,WDH7563,70,0,233,21,8.0,70,A
366972020,2021-07-25T19:12:30,45.52156,-86.17272,11.6,196.1,196.0,ARTHUR M ANDERSON,IMO5025691,WDH7563,70,0,233,21,8.0,70,A
366972020,2021-07-25T18:54:09,45.57852,-86.14854,11.7,196.3,196.0,ARTHUR M ANDERSON,IMO5025691,WDH7563,70,0,233,21,8.0,70,A
366972020,2021-07-25T19:14:49,45.51436,-86.17576,11.6,196.8,196.0,ARTHUR M ANDERSON,IMO5025691,WDH7563,70,0,233,21,8.0,70,A
366972020,2021-07-25T19:19:30,45.49984,-86.18172,11.6,195.9,195.0,ARTHUR M ANDERSON,IMO5025691,WDH7563,70,0,233,21,8.0,70,A
366972020,2021-07-25T18:38:00,45.62857,-86.12552,11.7,197.1,197.0,ARTHUR M ANDERSON,IMO5025691,WDH7563,70,0,233,21,8.0,70,A
366972020,2021-07-25T19:24:09,45.48549,-86.18756,11.5,196.0,195.0,ARTHUR M ANDERSON,IMO5025691,WDH7563,70,0,233,21,8.0,70,A
366972020,2021-07-25T18:13:41,45.69378,-86.07918,11.7,240.8,239.0,ARTHUR M ANDERSON,IMO5025691,WDH7563,70,0,233,21,8.0,70,A
366972020,2021-07-25T19:13:40,45.51795,-86.17424,11.6,196.6,196.0,ARTHUR M ANDERSON,IMO5025691,WDH7563,70,0,233,21,8.0,70,A
366972020,2021-07-25T18:17:09,45.68822,-86.09318,11.7,240.2,239.0,ARTHUR M ANDERSON,IMO5025691,WDH7563,70,0,233,21,8.0,70,A
366972020,2021-07-25T18:45:00,45.60693,-86.13551,11.7,198.2,198.0,ARTHUR M ANDERSON,IMO5025691,WDH7563,70,0,233,21,8.0,70,A
366972020,2021-07-25T16:15:50,45.88217,-85.60033,11.5,241.4,241.0,ARTHUR M ANDERSON,IMO5025691,WDH7563,70,0,233,21,8.0,70,A
366972020,2021-07-25T18:20:26,45.6815,-86.10413,10.7,203.4,200.0,ARTHUR M ANDERSON,IMO5025691,WDH7563,70,0,233,21,8.0,70,A
366972020,2021-07-25T19:33:29,45.45684,-86.19926,11.4,196.1,195.0,ARTHUR M ANDERSON,IMO5025691,WDH7563,70,0,233,21,8.0,70,A
366972020,2021-07-25T16:16:59,45.88041,-85.605,11.5,241.7,241.0,ARTHUR M ANDERSON,IMO5025691,WDH7563,70,0,233,21,8.0,70,A
366972020,2021-07-25T18:47:19,45.59969,-86.13882,11.7,197.5,198.0,ARTHUR M ANDERSON,IMO5025691,WDH7563,70,0,233,21,8.0,70,A
366972020,2021-07-25T19:21:50,45.49263,-86.18468,11.6,195.8,195.0,ARTHUR M ANDERSON,IMO5025691,WDH7563,70,0,233,21,8.0,70,A
366972020,2021-07-25T19:11:19,45.52517,-86.17122,11.6,195.9,195.0,ARTHUR M ANDERSON,IMO5025691,WDH7563,70,0,233,21,8.0,70,A
366972020,2021-07-25T19:28:50,45.47108,-86.19343,11.4,195.6,195.0,ARTHUR M ANDERSON,IMO5025691,WDH7563,70,0,233,21,8.0,70,A
366972020,2021-07-25T17:21:50,45.77648,-85.86903,11.7,240.4,240.0,ARTHUR M ANDERSON,IMO5025691,WDH7563,70,0,233,21,8.0,70,A
366972020,2021-07-25T19:29:59,45.46755,-86.19487,11.4,195.9,195.0,ARTHUR M ANDERSON,IMO5025691,WDH7563,70,0,233,21,8.0,70,A
366972020,2021-07-25T19:23:00,45.48905,-86.18612,11.6,195.8,195.0,ARTHUR M ANDERSON,IMO5025691,WDH7563,70,0,233,21,8.0,70,A
366972020,2021-07-25T16:30:50,45.85848,-85.66117,11.7,240.6,239.0,ARTHUR M ANDERSON,IMO5025691,WDH7563,70,0,233,21,8.0,70,A
366972020,2021-07-25T19:50:39,45.40416,-86.22065,11.5,196.2,196.0,ARTHUR M ANDERSON,IMO5025691,WDH7563,70,0,233,21,8.0,70,A
366972020,2021-07-25T19:04:20,45.54688,-86.16218,11.6,196.4,196.0,ARTHUR M ANDERSON,IMO5025691,WDH7563,70,0,233,21,8.0,70,A
366972020,2021-07-25T18:36:50,45.63221,-86.12393,11.6,197.2,197.0,ARTHUR M ANDERSON,IMO5025691,WDH7563,70,0,233,21,8.0,70,A
366972020,2021-07-25T16:35:30,45.85105,-85.68015,11.7,240.8,240.0,ARTHUR M ANDERSON,IMO5025691,WDH7563,70,0,233,21,8.0,70,A
366972020,2021-07-25T19:26:30,45.47826,-86.19054,11.5,196.0,195.0,ARTHUR M ANDERSON,IMO5025691,WDH7563,70,0,233,21,8.0,70,A
366972020,2021-07-25T19:38:00,45.44302,-86.20494,11.4,195.8,195.0,ARTHUR M ANDERSON,IMO5025691,WDH7563,70,0,233,21,8.0,70,A
366972020,2021-07-25T17:32:10,45.75991,-85.91127,11.7,240.5,240.0,ARTHUR M ANDERSON,IMO5025691,WDH7563,70,0,233,21,8.0,70,A
366972020,2021-07-25T19:06:39,45.5397,-86.16524,11.6,196.9,197.0,ARTHUR M ANDERSON,IMO5025691,WDH7563,70,0,233,21,8.0,70,A
366972020,2021-07-25T17:33:20,45.758,-85.91607,11.7,240.2,239.0,ARTHUR M ANDERSON,IMO5025691,WDH7563,70,0,233,21,8.0,70,A
366972020,2021-07-25T18:43:49,45.61058,-86.1338,11.7,198.0,198.0,ARTHUR M ANDERSON,IMO5025691,WDH7563,70,0,233,21,8.0,70,A
366972020,2021-07-25T19:41:20,45.43281,-86.20914,11.4,195.7,195.0,ARTHUR M ANDERSON,IMO5025691,WDH7563,70,0,233,21,8.0,70,A
366972020,2021-07-25T19:58:41,45.37925,-86.23091,11.6,196.2,196.0,ARTHUR M ANDERSON,IMO5025691,WDH7563,70,0,233,21,8.0,70,A
366972020,2021-07-25T19:42:30,45.42924,-86.21053,11.4,195.5,195.0,ARTHUR M ANDERSON,IMO5025691,WDH7563,70,0,233,21,8.0,70,A
366972020,2021-07-25T09:28:50,46.02382,-83.91353,11.1,142.4,142.0,ARTHUR M ANDERSON,IMO5025691,WDH7563,70,0,233,21,8.0,70,A
366972020,2021-07-25T19:32:20,45.46037,-86.19783,11.4,196.1,195.0,ARTHUR M ANDERSON,IMO5025691,WDH7563,70,0,233,21,8.0,70,A
366972020,2021-07-25T19:43:40,45.42565,-86.21192,11.4,195.3,195.0,ARTHUR M ANDERSON,IMO5025691,WDH7563,70,0,233,21,8.0,70,A
366972020,2021-07-25T20:00:00,45.37515,-86.23256,11.6,195.6,195.0,ARTHUR M ANDERSON,IMO5025691,WDH7563,70,0,233,21,8.0,70,A
366972020,2021-07-25T18:49:31,45.59292,-86.14197,11.7,198.5,199.0,ARTHUR M ANDERSON,IMO5025691,WDH7563,70,0,233,21,8.0,70,A
366972020,2021-07-25T19:53:00,45.39688,-86.22361,11.6,195.9,195.0,ARTHUR M ANDERSON,IMO5025691,WDH7563,70,0,233,21,8.0,70,A
366972020,2021-07-25T17:45:59,45.73786,-85.96728,11.6,240.6,240.0,ARTHUR M ANDERSON,IMO5025691,WDH7563,70,0,233,21,8.0,70,A
366972020,2021-07-25T17:50:29,45.73077,-85.98547,11.6,241.2,240.0,ARTHUR M ANDERSON,IMO5025691,WDH7563,70,0,233,21,8.0,70,A
366972020,2021-07-25T17:51:30,45.72917,-85.98958,11.6,241.1,240.0,ARTHUR M ANDERSON,IMO5025691,WDH7563,70,0,233,21,8.0,70,A
366972020,2021-07-25T17:54:59,45.72368,-86.00367,11.6,240.5,239.0,ARTHUR M ANDERSON,IMO5025691,WDH7563,70,0,233,21,8.0,70,A
366972020,2021-07-25T18:59:59,45.5604,-86.15636,11.7,197.2,197.0,ARTHUR M ANDERSON,IMO5025691,WDH7563,70,0,233,21,8.0,70,A
366972020,2021-07-25T19:35:39,45.45022,-86.20201,11.4,196.3,195.0,ARTHUR M ANDERSON,IMO5025691,WDH7563,70,0,233,21,8.0,70,A
366972020,2021-07-25T19:55:20,45.3896,-86.22664,11.6,196.5,196.0,ARTHUR M ANDERSON,IMO5025691,WDH7563,70,0,233,21,8.0,70,A
366972020,2021-07-25T17:57:20,45.71991,-86.01315,11.6,240.3,239.0,ARTHUR M ANDERSON,IMO5025691,WDH7563,70,0,233,21,8.0,70,A
366972020,2021-07-25T19:40:10,45.43638,-86.20767,11.4,196.2,196.0,ARTHUR M ANDERSON,IMO5025691,WDH7563,70,0,233,21,8.0,70,A
366972020,2021-07-25T19:05:31,45.54321,-86.16373,11.6,196.8,197.0,ARTHUR M ANDERSON,IMO5025691,WDH7563,70,0,233,21,8.0,70,A
366972020,2021-07-25T20:23:20,45.30285,-86.26195,11.4,196.7,197.0,ARTHUR M ANDERSON,IMO5025691,WDH7563,70,0,233,21,8.0,70,A
366972020,2021-07-25T18:02:10,45.71223,-86.03265,11.6,240.7,240.0,ARTHUR M ANDERSON,IMO5025691,WDH7563,70,0,233,21,8.0,70,A
366972020,2021-07-25T20:24:29,45.29928,-86.26343,11.4,196.2,197.0,ARTHUR M ANDERSON,IMO5025691,WDH7563,70,0,233,21,8.0,70,A
366972020,2021-07-25T19:44:51,45.42201,-86.21336,11.4,195.9,195.0,ARTHUR M ANDERSON,IMO5025691,WDH7563,70,0,233,21,8.0,70,A
366972020,2021-07-25T18:05:29,45.70698,-86.04605,11.6,240.3,239.0,ARTHUR M ANDERSON,IMO5025691,WDH7563,70,0,233,21,8.0,70,A
366972020,2021-07-25T17:03:30,45.8061,-85.79423,11.8,240.9,240.0,ARTHUR M ANDERSON,IMO5025691,WDH7563,70,0,233,21,8.0,70,A
366972020,2021-07-25T20:11:40,45.33881,-86.24725,11.6,196.3,197.0,ARTHUR M ANDERSON,IMO5025691,WDH7563,70,0,233,21,8.0,70,A
366972020,2021-07-25T17:06:59,45.80048,-85.80846,11.8,240.4,239.0,ARTHUR M ANDERSON,IMO5025691,WDH7563,70,0,233,21,8.0,70,A
366972020,2021-07-25T19:49:30,45.4077,-86.21921,11.5,196.1,195.0,ARTHUR M ANDERSON,IMO5025691,WDH7563,70,0,233,21,8.0,70,A
366972020,2021-07-25T20:31:20,45.27832,-86.27179,11.4,195.3,196.0,ARTHUR M ANDERSON,IMO5025691,WDH7563,70,0,233,21,8.0,70,A
366972020,2021-07-25T20:32:29,45.27479,-86.27324,11.4,196.4,197.0,ARTHUR M ANDERSON,IMO5025691,WDH7563,70,0,233,21,8.0,70,A
366972020,2021-07-25T20:18:39,45.31724,-86.25604,11.5,196.0,196.0,ARTHUR M ANDERSON,IMO5025691,WDH7563,70,0,233,21,8.0,70,A
366972020,2021-07-25T09:49:29,45.96414,-83.89278,11.5,184.9,184.0,ARTHUR M ANDERSON,IMO5025691,WDH7563,70,0,233,21,8.0,70,A
366972020,2021-07-25T19:20:40,45.49629,-86.18319,11.6,196.1,196.0,ARTHUR M ANDERSON,IMO5025691,WDH7563,70,0,233,21,8.0,70,A
366972020,2021-07-25T20:12:50,45.33518,-86.24871,11.6,195.4,196.0,ARTHUR M ANDERSON,IMO5025691,WDH7563,70,0,233,21,8.0,70,A
366972020,2021-07-25T20:14:00,45.33156,-86.25014,11.5,195.5,196.0,ARTHUR M ANDERSON,IMO5025691,WDH7563,70,0,233,21,8.0,70,A
366972020,2021-07-25T19:56:29,45.38603,-86.22813,11.6,196.6,196.0,ARTHUR M ANDERSON,IMO5025691,WDH7563,70,0,233,21,8.0,70,A
366972020,2021-07-25T17:15:00,45.78753,-85.8412,11.7,240.6,240.0,ARTHUR M ANDERSON,IMO5025691,WDH7563,70,0,233,21,8.0,70,A
366972020,2021-07-25T19:25:20,45.48179,-86.18909,11.5,195.9,195.0,ARTHUR M ANDERSON,IMO5025691,WDH7563,70,0,233,21,8.0,70,A
366972020,2021-07-25T19:27:40,45.47467,-86.192,11.5,195.8,195.0,ARTHUR M ANDERSON,IMO5025691,WDH7563,70,0,233,21,8.0,70,A
366972020,2021-07-25T20:20:59,45.31004,-86.25891,11.5,196.0,196.0,ARTHUR M ANDERSON,IMO5025691,WDH7563,70,0,233,21,8.0,70,A
366972020,2021-07-25T20:29:00,45.28549,-86.26899,11.4,195.3,196.0,ARTHUR M ANDERSON,IMO5025691,WDH7563,70,0,233,21,8.0,70,A
366972020,2021-07-25T20:30:10,45.28191,-86.27039,11.4,195.5,196.0,ARTHUR M ANDERSON,IMO5025691,WDH7563,70,0,233,21,8.0,70,A
366972020,2021-07-25T09:55:11,45.94581,-83.89501,11.6,185.7,186.0,ARTHUR M ANDERSON,IMO5025691,WDH7563,70,0,233,21,8.0,70,A
366972020,2021-07-25T20:49:30,45.22254,-86.29445,11.5,195.6,196.0,ARTHUR M ANDERSON,IMO5025691,WDH7563,70,0,233,21,8.0,70,A
366972020,2021-07-25T20:08:10,45.34969,-86.24285,11.6,195.7,196.0,ARTHUR M ANDERSON,IMO5025691,WDH7563,70,0,233,21,8.0,70,A
366972020,2021-07-25T09:56:13,45.94263,-83.8962,11.3,201.1,203.0,ARTHUR M ANDERSON,IMO5025691,WDH7563,70,0,233,21,8.0,70,A
366972020,2021-07-25T20:51:49,45.21539,-86.29734,11.5,196.3,197.0,ARTHUR M ANDERSON,IMO5025691,WDH7563,70,0,233,21,8.0,70,A
366972020,2021-07-25T18:32:31,45.6455,-86.1179,11.6,197.3,197.0,ARTHUR M ANDERSON,IMO5025691,WDH7563,70,0,233,21,8.0,70,A
366972020,2021-07-25T18:33:39,45.64196,-86.11949,11.6,197.5,197.0,ARTHUR M ANDERSON,IMO5025691,WDH7563,70,0,233,21,8.0,70,A
366972020,2021-07-25T19:36:49,45.44664,-86.20346,11.4,195.7,195.0,ARTHUR M ANDERSON,IMO5025691,WDH7563,70,0,233,21,8.0,70,A
366972020,2021-07-25T20:54:11,45.2081,-86.30027,11.5,195.5,196.0,ARTHUR M ANDERSON,IMO5025691,WDH7563,70,0,233,21,8.0,70,A
366972020,2021-07-25T17:29:59,45.76341,-85.90235,11.8,240.6,240.0,ARTHUR M ANDERSON,IMO5025691,WDH7563,70,0,233,21,8.0,70,A
366972020,2021-07-25T17:34:30,45.75615,-85.92075,11.7,240.2,239.0,ARTHUR M ANDERSON,IMO5025691,WDH7563,70,0,233,21,8.0,70,A
366972020,2021-07-25T20:37:00,45.26092,-86.27882,11.4,196.0,196.0,ARTHUR M ANDERSON,IMO5025691,WDH7563,70,0,233,21,8.0,70,A
366972020,2021-07-25T17:36:50,45.7524,-85.93021,11.7,240.6,240.0,ARTHUR M ANDERSON,IMO5025691,WDH7563,70,0,233,21,8.0,70,A
366972020,2021-07-25T17:38:00,45.75053,-85.93496,11.7,240.8,240.0,ARTHUR M ANDERSON,IMO5025691,WDH7563,70,0,233,21,8.0,70,A
366972020,2021-07-25T21:01:10,45.18659,-86.30906,11.4,196.1,196.0,ARTHUR M ANDERSON,IMO5025691,WDH7563,70,0,233,21,8.0,70,A
366972020,2021-07-25T17:41:29,45.74502,-85.94912,11.7,241.1,240.0,ARTHUR M ANDERSON,IMO5025691,WDH7563,70,0,233,21,8.0,70,A
366972020,2021-07-25T20:19:49,45.31363,-86.25748,11.5,195.8,196.0,ARTHUR M ANDERSON,IMO5025691,WDH7563,70,0,233,21,8.0,70,A
366972020,2021-07-25T20:33:39,45.27123,-86.27473,11.4,196.5,197.0,ARTHUR M ANDERSON,IMO5025691,WDH7563,70,0,233,21,8.0,70,A
366972020,2021-07-25T19:48:20,45.4113,-86.21773,11.5,196.1,196.0,ARTHUR M ANDERSON,IMO5025691,WDH7563,70,0,233,21,8.0,70,A
366972020,2021-07-25T21:06:59,45.16885,-86.31631,11.4,196.4,196.0,ARTHUR M ANDERSON,IMO5025691,WDH7563,70,0,233,21,8.0,70,A
366972020,2021-07-25T17:47:09,45.73602,-85.97198,11.6,241.1,240.0,ARTHUR M ANDERSON,IMO5025691,WDH7563,70,0,233,21,8.0,70,A
366972020,2021-07-25T20:35:49,45.26456,-86.27737,11.4,195.5,196.0,ARTHUR M ANDERSON,IMO5025691,WDH7563,70,0,233,21,8.0,70,A
366972020,2021-07-25T19:51:50,45.40049,-86.22214,11.5,195.8,195.0,ARTHUR M ANDERSON,IMO5025691,WDH7563,70,0,233,21,8.0,70,A
366972020,2021-07-25T21:11:40,45.15449,-86.32215,11.4,196.6,196.0,ARTHUR M ANDERSON,IMO5025691,WDH7563,70,0,233,21,8.0,70,A
366972020,2021-07-25T20:42:49,45.24305,-86.28612,11.4,195.8,196.0,ARTHUR M ANDERSON,IMO5025691,WDH7563,70,0,233,21,8.0,70,A
366972020,2021-07-25T20:45:00,45.23635,-86.28886,11.5,196.2,197.0,ARTHUR M ANDERSON,IMO5025691,WDH7563,70,0,233,21,8.0,70,A
366972020,2021-07-25T19:59:51,45.37562,-86.23237,11.6,195.7,195.0,ARTHUR M ANDERSON,IMO5025691,WDH7563,70,0,233,21,8.0,70,A
366972020,2021-07-25T18:00:00,45.71567,-86.0239,11.6,240.7,240.0,ARTHUR M ANDERSON,IMO5025691,WDH7563,70,0,233,21,8.0,70,A
366972020,2021-07-25T09:59:59,45.93653,-83.90889,10.5,251.8,252.0,ARTHUR M ANDERSON,IMO5025691,WDH7563,70,0,233,21,8.0,70,A
366972020,2021-07-25T20:04:39,45.36066,-86.2384,11.6,196.2,196.0,ARTHUR M ANDERSON,IMO5025691,WDH7563,70,0,233,21,8.0,70,A
366972020,2021-07-25T20:06:59,45.35339,-86.24136,11.6,195.9,196.0,ARTHUR M ANDERSON,IMO5025691,WDH7563,70,0,233,21,8.0,70,A
366972020,2021-07-25T21:23:59,45.11697,-86.33734,11.4,195.9,195.0,ARTHUR M ANDERSON,IMO5025691,WDH7563,70,0,233,21,8.0,70,A
366972020,2021-07-25T18:11:20,45.69755,-86.06965,11.7,240.4,239.0,ARTHUR M ANDERSON,IMO5025691,WDH7563,70,0,233,21,8.0,70,A
366972020,2021-07-25T21:26:20,45.10978,-86.34023,11.4,195.7,195.0,ARTHUR M ANDERSON,IMO5025691,WDH7563,70,0,233,21,8.0,70,A
366972020,2021-07-25T20:57:40,45.19739,-86.30464,11.5,195.6,196.0,ARTHUR M ANDERSON,IMO5025691,WDH7563,70,0,233,21,8.0,70,A
366972020,2021-07-25T21:00:01,45.19016,-86.30757,11.5,196.3,197.0,ARTHUR M ANDERSON,IMO5025691,WDH7563,70,0,233,21,8.0,70,A
366972020,2021-07-25T20:17:30,45.32077,-86.25457,11.5,196.5,197.0,ARTHUR M ANDERSON,IMO5025691,WDH7563,70,0,233,21,8.0,70,A
366972020,2021-07-25T19:18:19,45.50357,-86.18022,11.6,195.5,195.0,ARTHUR M ANDERSON,IMO5025691,WDH7563,70,0,233,21,8.0,70,A
366972020,2021-07-25T18:21:27,45.67868,-86.10505,10.2,188.9,185.0,ARTHUR M ANDERSON,IMO5025691,WDH7563,70,0,233,21,8.0,70,A
366972020,2021-07-25T21:17:10,45.13777,-86.32895,11.4,196.3,196.0,ARTHUR M ANDERSON,IMO5025691,WDH7563,70,0,233,21,8.0,70,A
366972020,2021-07-25T21:18:19,45.13426,-86.3304,11.4,196.1,195.0,ARTHUR M ANDERSON,IMO5025691,WDH7563,70,0,233,21,8.0,70,A
366972020,2021-07-25T20:52:59,45.2118,-86.2988,11.5,195.9,196.0,ARTHUR M ANDERSON,IMO5025691,WDH7563,70,0,233,21,8.0,70,A
366972020,2021-07-25T20:55:19,45.20461,-86.3017,11.5,196.3,197.0,ARTHUR M ANDERSON,IMO5025691,WDH7563,70,0,233,21,8.0,70,A
366972020,2021-07-25T19:31:10,45.46394,-86.19638,11.4,196.1,195.0,ARTHUR M ANDERSON,IMO5025691,WDH7563,70,0,233,21,8.0,70,A
366972020,2021-07-25T18:34:40,45.6389,-86.1209,11.6,197.9,198.0,ARTHUR M ANDERSON,IMO5025691,WDH7563,70,0,233,21,8.0,70,A
366972020,2021-07-25T21:13:49,45.14794,-86.32486,11.4,195.8,195.0,ARTHUR M ANDERSON,IMO5025691,WDH7563,70,0,233,21,8.0,70,A
366972020,2021-07-25T10:16:09,45.9224,-83.98,11.8,254.3,253.0,ARTHUR M ANDERSON,IMO5025691,WDH7563,70,0,233,21,8.0,70,A
366972020,2021-07-25T21:16:01,45.14127,-86.32753,11.4,195.7,195.0,ARTHUR M ANDERSON,IMO5025691,WDH7563,70,0,233,21,8.0,70,A
366972020,2021-07-25T21:32:10,45.09205,-86.34746,11.3,196.0,195.0,ARTHUR M ANDERSON,IMO5025691,WDH7563,70,0,233,21,8.0,70,A
366972020,2021-07-25T21:02:19,45.18311,-86.31046,11.4,195.9,196.0,ARTHUR M ANDERSON,IMO5025691,WDH7563,70,0,233,21,8.0,70,A
366972020,2021-07-25T21:33:20,45.08851,-86.34892,11.4,196.4,196.0,ARTHUR M ANDERSON,IMO5025691,WDH7563,70,0,233,21,8.0,70,A
366972020,2021-07-25T19:39:09,45.43944,-86.2064,11.4,196.1,195.0,ARTHUR M ANDERSON,IMO5025691,WDH7563,70,0,233,21,8.0,70,A
366972020,2021-07-25T10:17:20,45.92134,-83.98536,11.8,254.1,253.0,ARTHUR M ANDERSON,IMO5025691,WDH7563,70,0,233,21,8.0,70,A
366972020,2021-07-25T21:36:49,45.07786,-86.35319,11.4,196.0,196.0,ARTHUR M ANDERSON,IMO5025691,WDH7563,70,0,233,21,8.0,70,A
366972020,2021-07-25T20:38:10,45.25736,-86.28032,11.4,196.2,196.0,ARTHUR M ANDERSON,IMO5025691,WDH7563,70,0,233,21,8.0,70,A
366972020,2021-07-25T21:39:10,45.07068,-86.3561,11.4,195.7,195.0,ARTHUR M ANDERSON,IMO5025691,WDH7563,70,0,233,21,8.0,70,A
366972020,2021-07-25T21:10:30,45.1581,-86.32066,11.4,195.8,195.0,ARTHUR M ANDERSON,IMO5025691,WDH7563,70,0,233,21,8.0,70,A
366972020,2021-07-25T21:56:50,45.01651,-86.37789,11.5,195.8,196.0,ARTHUR M ANDERSON,IMO5025691,WDH7563,70,0,233,21,8.0,70,A
366972020,2021-07-25T21:57:59,45.01295,-86.3793,11.5,195.5,196.0,ARTHUR M ANDERSON,IMO5025691,WDH7563,70,0,233,21,8.0,70,A
366972020,2021-07-25T21:41:30,45.06352,-86.35891,11.4,195.4,195.0,ARTHUR M ANDERSON,IMO5025691,WDH7563,70,0,233,21,8.0,70,A
366972020,2021-07-25T22:00:01,45.00668,-86.38181,11.5,195.8,196.0,ARTHUR M ANDERSON,IMO5025691,WDH7563,70,0,233,21,8.0,70,A
366972020,2021-07-25T18:51:51,45.58571,-86.14534,11.7,197.5,198.0,ARTHUR M ANDERSON,IMO5025691,WDH7563,70,0,233,21,8.0,70,A
366972020,2021-07-25T21:12:41,45.15144,-86.32342,11.4,196.4,196.0,ARTHUR M ANDERSON,IMO5025691,WDH7563,70,0,233,21,8.0,70,A
366972020,2021-07-25T21:28:41,45.10263,-86.34314,11.3,196.4,196.0,ARTHUR M ANDERSON,IMO5025691,WDH7563,70,0,233,21,8.0,70,A
366972020,2021-07-25T21:43:49,45.05642,-86.36173,11.4,196.2,196.0,ARTHUR M ANDERSON,IMO5025691,WDH7563,70,0,233,21,8.0,70,A
366972020,2021-07-25T21:14:50,45.14489,-86.32608,11.4,195.9,195.0,ARTHUR M ANDERSON,IMO5025691,WDH7563,70,0,233,21,8.0,70,A
366972020,2021-07-25T18:57:40,45.56755,-86.15325,11.7,197.3,197.0,ARTHUR M ANDERSON,IMO5025691,WDH7563,70,0,233,21,8.0,70,A
366972020,2021-07-25T22:07:09,44.98456,-86.3907,11.6,196.1,196.0,ARTHUR M ANDERSON,IMO5025691,WDH7563,70,0,233,21,8.0,70,A
366972020,2021-07-25T21:51:00,45.03441,-86.37071,11.4,195.8,196.0,ARTHUR M ANDERSON,IMO5025691,WDH7563,70,0,233,21,8.0,70,A
366972020,2021-07-25T18:59:59,45.5604,-86.15636,11.7,197.2,197.0,ARTHUR M ANDERSON,IMO5025691,WDH7563,70,0,233,21,8.0,70,A
366972020,2021-07-25T21:52:09,45.03088,-86.37214,11.4,196.1,196.0,ARTHUR M ANDERSON,IMO5025691,WDH7563,70,0,233,21,8.0,70,A
366972020,2021-07-25T21:38:01,45.0742,-86.35468,11.4,196.1,196.0,ARTHUR M ANDERSON,IMO5025691,WDH7563,70,0,233,21,8.0,70,A
366972020,2021-07-25T21:45:00,45.05278,-86.36322,11.4,196.0,196.0,ARTHUR M ANDERSON,IMO5025691,WDH7563,70,0,233,21,8.0,70,A
366972020,2021-07-25T20:09:19,45.34605,-86.24427,11.6,195.7,196.0,ARTHUR M ANDERSON,IMO5025691,WDH7563,70,0,233,21,8.0,70,A
366972020,2021-07-25T22:02:20,44.99952,-86.38469,11.5,196.0,196.0,ARTHUR M ANDERSON,IMO5025691,WDH7563,70,0,233,21,8.0,70,A
366972020,2021-07-25T22:03:31,44.99586,-86.38617,11.6,196.0,196.0,ARTHUR M ANDERSON,IMO5025691,WDH7563,70,0,233,21,8.0,70,A
366972020,2021-07-25T21:48:41,45.04151,-86.36783,11.4,196.1,196.0,ARTHUR M ANDERSON,IMO5025691,WDH7563,70,0,233,21,8.0,70,A
366972020,2021-07-25T22:05:59,44.98818,-86.38922,11.6,196.2,196.0,ARTHUR M ANDERSON,IMO5025691,WDH7563,70,0,233,21,8.0,70,A
366972020,2021-07-25T20:15:09,45.328,-86.25156,11.5,196.1,196.0,ARTHUR M ANDERSON,IMO5025691,WDH7563,70,0,233,21,8.0,70,A
366972020,2021-07-25T20:16:20,45.32435,-86.25308,11.5,196.4,197.0,ARTHUR M ANDERSON,IMO5025691,WDH7563,70,0,233,21,8.0,70,A
366972020,2021-07-25T21:54:30,45.02369,-86.37503,11.4,195.7,196.0,ARTHUR M ANDERSON,IMO5025691,WDH7563,70,0,233,21,8.0,70,A
366972020,2021-07-25T20:22:10,45.30642,-86.26043,11.5,196.5,197.0,ARTHUR M ANDERSON,IMO5025691,WDH7563,70,0,233,21,8.0,70,A
366972020,2021-07-25T21:49:49,45.03804,-86.36923,11.4,196.0,196.0,ARTHUR M ANDERSON,IMO5025691,WDH7563,70,0,233,21,8.0,70,A
366972020,2021-07-25T22:39:20,44.88454,-86.43109,11.5,195.7,197.0,ARTHUR M ANDERSON,IMO5025691,WDH7563,70,0,233,21,8.0,70,A
366972020,2021-07-25T21:25:10,45.11334,-86.33881,11.4,196.1,196.0,ARTHUR M ANDERSON,IMO5025691,WDH7563,70,0,233,21,8.0,70,A
366972020,2021-07-25T22:45:09,44.86666,-86.43824,11.4,195.6,197.0,ARTHUR M ANDERSON,IMO5025691,WDH7563,70,0,233,21,8.0,70,A
366972020,2021-07-25T22:09:30,44.97724,-86.39365,11.6,196.2,197.0,ARTHUR M ANDERSON,IMO5025691,WDH7563,70,0,233,21,8.0,70,A
366972020,2021-07-25T10:34:29,45.90571,-84.06315,11.8,254.1,253.0,ARTHUR M ANDERSON,IMO5025691,WDH7563,70,0,233,21,8.0,70,A
366972020,2021-07-25T22:11:51,44.96992,-86.39659,11.6,196.0,196.0,ARTHUR M ANDERSON,IMO5025691,WDH7563,70,0,233,21,8.0,70,A
366972020,2021-07-25T21:29:49,45.0992,-86.34459,11.3,196.7,196.0,ARTHUR M ANDERSON,IMO5025691,WDH7563,70,0,233,21,8.0,70,A
366972020,2021-07-25T22:12:59,44.96639,-86.39801,11.6,196.0,197.0,ARTHUR M ANDERSON,IMO5025691,WDH7563,70,0,233,21,8.0,70,A
366972020,2021-07-25T10:39:09,45.90144,-84.08431,11.8,253.9,253.0,ARTHUR M ANDERSON,IMO5025691,WDH7563,70,0,233,21,8.0,70,A
366972020,2021-07-25T20:40:30,45.25021,-86.28322,11.4,196.0,196.0,ARTHUR M ANDERSON,IMO5025691,WDH7563,70,0,233,21,8.0,70,A
366972020,2021-07-25T22:33:31,44.90245,-86.42375,11.5,195.2,197.0,ARTHUR M ANDERSON,IMO5025691,WDH7563,70,0,233,21,8.0,70,A
366972020,2021-07-25T20:41:40,45.24662,-86.28466,11.4,196.1,196.0,ARTHUR M ANDERSON,IMO5025691,WDH7563,70,0,233,21,8.0,70,A
366972020,2021-07-25T22:34:39,44.89893,-86.42514,11.5,195.9,198.0,ARTHUR M ANDERSON,IMO5025691,WDH7563,70,0,233,21,8.0,70,A
366972020,2021-07-25T22:15:21,44.95901,-86.40096,11.6,195.6,196.0,ARTHUR M ANDERSON,IMO5025691,WDH7563,70,0,233,21,8.0,70,A
366972020,2021-07-25T22:04:39,44.99233,-86.38758,11.6,195.4,196.0,ARTHUR M ANDERSON,IMO5025691,WDH7563,70,0,233,21,8.0,70,A
366972020,2021-07-25T22:17:40,44.95178,-86.4039,11.6,196.1,197.0,ARTHUR M ANDERSON,IMO5025691,WDH7563,70,0,233,21,8.0,70,A
366972020,2021-07-25T21:35:41,45.08133,-86.35179,11.4,195.9,195.0,ARTHUR M ANDERSON,IMO5025691,WDH7563,70,0,233,21,8.0,70,A
366972020,2021-07-25T22:56:29,44.83186,-86.45226,11.5,196.1,197.0,ARTHUR M ANDERSON,IMO5025691,WDH7563,70,0,233,21,8.0,70,A
366972020,2021-07-25T22:21:10,44.94084,-86.40824,11.6,195.4,197.0,ARTHUR M ANDERSON,IMO5025691,WDH7563,70,0,233,21,8.0,70,A
366972020,2021-07-25T22:40:31,44.88089,-86.43254,11.5,195.5,197.0,ARTHUR M ANDERSON,IMO5025691,WDH7563,70,0,233,21,8.0,70,A
366972020,2021-07-25T22:22:20,44.93721,-86.40971,11.6,196.2,198.0,ARTHUR M ANDERSON,IMO5025691,WDH7563,70,0,233,21,8.0,70,A
366972020,2021-07-25T20:48:19,45.22613,-86.29303,11.5,195.6,196.0,ARTHUR M ANDERSON,IMO5025691,WDH7563,70,0,233,21,8.0,70,A
366972020,2021-07-25T10:43:40,45.89742,-84.10478,11.8,254.0,253.0,ARTHUR M ANDERSON,IMO5025691,WDH7563,70,0,233,21,8.0,70,A
366972020,2021-07-25T19:46:00,45.41846,-86.21478,11.5,195.7,195.0,ARTHUR M ANDERSON,IMO5025691,WDH7563,70,0,233,21,8.0,70,A
366972020,2021-07-25T19:47:11,45.41483,-86.21627,11.5,195.9,195.0,ARTHUR M ANDERSON,IMO5025691,WDH7563,70,0,233,21,8.0,70,A
366972020,2021-07-25T10:47:20,45.89409,-84.12131,11.7,253.5,253.0,ARTHUR M ANDERSON,IMO5025691,WDH7563,70,0,233,21,8.0,70,A
366972020,2021-07-25T22:29:10,44.91593,-86.41831,11.6,196.3,198.0,ARTHUR M ANDERSON,IMO5025691,WDH7563,70,0,233,21,8.0,70,A
366972020,2021-07-25T20:58:49,45.19385,-86.30605,11.5,195.8,196.0,ARTHUR M ANDERSON,IMO5025691,WDH7563,70,0,233,21,8.0,70,A
366972020,2021-07-25T10:49:40,45.89195,-84.13179,11.7,253.8,254.0,ARTHUR M ANDERSON,IMO5025691,WDH7563,70,0,233,21,8.0,70,A
366972020,2021-07-25T22:23:29,44.93363,-86.41116,11.6,195.8,197.0,ARTHUR M ANDERSON,IMO5025691,WDH7563,70,0,233,21,8.0,70,A
366972020,2021-07-25T23:11:39,44.78466,-86.47111,11.7,196.0,198.0,ARTHUR M ANDERSON,IMO5025691,WDH7563,70,0,233,21,8.0,70,A
366972020,2021-07-25T22:58:49,44.82466,-86.45515,11.5,195.7,197.0,ARTHUR M ANDERSON,IMO5025691,WDH7563,70,0,233,21,8.0,70,A
366972020,2021-07-25T21:53:20,45.02726,-86.3736,11.4,195.9,196.0,ARTHUR M ANDERSON,IMO5025691,WDH7563,70,0,233,21,8.0,70,A
366972020,2021-07-25T19:57:30,45.38292,-86.22941,11.6,196.0,195.0,ARTHUR M ANDERSON,IMO5025691,WDH7563,70,0,233,21,8.0,70,A
366972020,2021-07-25T23:12:50,44.7809,-86.47263,11.7,196.0,199.0,ARTHUR M ANDERSON,IMO5025691,WDH7563,70,0,233,21,8.0,70,A
366972020,2021-07-25T21:04:39,45.17592,-86.31337,11.4,195.9,196.0,ARTHUR M ANDERSON,IMO5025691,WDH7563,70,0,233,21,8.0,70,A
366972020,2021-07-25T23:01:09,44.81745,-86.45807,11.6,195.9,198.0,ARTHUR M ANDERSON,IMO5025691,WDH7563,70,0,233,21,8.0,70,A
366972020,2021-07-25T23:04:40,44.80651,-86.46245,11.6,196.0,198.0,ARTHUR M ANDERSON,IMO5025691,WDH7563,70,0,233,21,8.0,70,A
366972020,2021-07-25T21:59:01,45.00976,-86.38057,11.5,195.9,196.0,ARTHUR M ANDERSON,IMO5025691,WDH7563,70,0,233,21,8.0,70,A
366972020,2021-07-25T23:19:49,44.75905,-86.48145,11.7,195.9,199.0,ARTHUR M ANDERSON,IMO5025691,WDH7563,70,0,233,21,8.0,70,A
366972020,2021-07-25T22:31:21,44.90917,-86.4211,11.6,196.5,198.0,ARTHUR M ANDERSON,IMO5025691,WDH7563,70,0,233,21,8.0,70,A
366972020,2021-07-25T21:08:11,45.16517,-86.31781,11.4,196.1,195.0,ARTHUR M ANDERSON,IMO5025691,WDH7563,70,0,233,21,8.0,70,A
366972020,2021-07-25T23:23:20,44.74803,-86.48597,11.7,196.3,199.0,ARTHUR M ANDERSON,IMO5025691,WDH7563,70,0,233,21,8.0,70,A
366972020,2021-07-25T22:47:21,44.85992,-86.44097,11.4,195.6,196.0,ARTHUR M ANDERSON,IMO5025691,WDH7563,70,0,233,21,8.0,70,A
366972020,2021-07-25T23:25:39,44.74077,-86.48887,11.7,195.5,198.0,ARTHUR M ANDERSON,IMO5025691,WDH7563,70,0,233,21,8.0,70,A
366972020,2021-07-25T22:50:39,44.84981,-86.44506,11.4,196.6,197.0,ARTHUR M ANDERSON,IMO5025691,WDH7563,70,0,233,21,8.0,70,A
366972020,2021-07-25T23:22:09,44.75174,-86.48447,11.7,196.5,199.0,ARTHUR M ANDERSON,IMO5025691,WDH7563,70,0,233,21,8.0,70,A
366972020,2021-07-25T22:53:01,44.84255,-86.44801,11.5,195.9,197.0,ARTHUR M ANDERSON,IMO5025691,WDH7563,70,0,233,21,8.0,70,A
366972020,2021-07-25T23:07:01,44.79917,-86.46533,11.7,195.5,198.0,ARTHUR M ANDERSON,IMO5025691,WDH7563,70,0,233,21,8.0,70,A
366972020,2021-07-25T23:09:19,44.79198,-86.46818,11.7,195.5,198.0,ARTHUR M ANDERSON,IMO5025691,WDH7563,70,0,233,21,8.0,70,A
366972020,2021-07-25T23:00:00,44.82101,-86.45663,11.5,196.0,198.0,ARTHUR M ANDERSON,IMO5025691,WDH7563,70,0,233,21,8.0,70,A
366972020,2021-07-25T23:49:49,44.6646,-86.51937,11.8,195.3,199.0,ARTHUR M ANDERSON,IMO5025691,WDH7563,70,0,233,21,8.0,70,A
366972020,2021-07-25T23:13:59,44.77737,-86.47407,11.7,196.0,199.0,ARTHUR M ANDERSON,IMO5025691,WDH7563,70,0,233,21,8.0,70,A
366972020,2021-07-25T23:15:10,44.77366,-86.47559,11.7,196.5,199.0,ARTHUR M ANDERSON,IMO5025691,WDH7563,70,0,233,21,8.0,70,A
366972020,2021-07-25T11:08:00,45.88397,-84.21604,11.6,262.4,262.0,ARTHUR M ANDERSON,IMO5025691,WDH7563,70,0,233,21,8.0,70,A
366972020,2021-07-25T23:41:40,44.69038,-86.50913,11.8,196.1,200.0,ARTHUR M ANDERSON,IMO5025691,WDH7563,70,0,233,21,8.0,70,A
366972020,2021-07-25T23:18:40,44.76267,-86.47999,11.7,195.6,198.0,ARTHUR M ANDERSON,IMO5025691,WDH7563,70,0,233,21,8.0,70,A
366972020,2021-07-25T23:59:10,44.63498,-86.53133,11.9,196.2,199.0,ARTHUR M ANDERSON,IMO5025691,WDH7563,70,0,233,21,8.0,70,A
366972020,2021-07-25T23:20:59,44.75538,-86.48294,11.7,195.9,199.0,ARTHUR M ANDERSON,IMO5025691,WDH7563,70,0,233,21,8.0,70,A
366972020,2021-07-25T20:26:40,45.29264,-86.26615,11.4,195.8,196.0,ARTHUR M ANDERSON,IMO5025691,WDH7563,70,0,233,21,8.0,70,A
366972020,2021-07-25T23:17:29,44.76639,-86.47853,11.7,195.8,198.0,ARTHUR M ANDERSON,IMO5025691,WDH7563,70,0,233,21,8.0,70,A
366972020,2021-07-25T23:24:30,44.74438,-86.48745,11.7,195.9,199.0,ARTHUR M ANDERSON,IMO5025691,WDH7563,70,0,233,21,8.0,70,A
366972020,2021-07-25T21:46:20,45.04871,-86.36489,11.4,196.0,196.0,ARTHUR M ANDERSON,IMO5025691,WDH7563,70,0,233,21,8.0,70,A
366972020,2021-07-25T11:16:00,45.8806,-84.2527,11.6,262.8,263.0,ARTHUR M ANDERSON,IMO5025691,WDH7563,70,0,233,21,8.0,70,A
366972020,2021-07-25T11:25:29,45.8767,-84.29604,11.5,262.1,262.0,ARTHUR M ANDERSON,IMO5025691,WDH7563,70,0,233,21,8.0,70,A
366972020,2021-07-25T23:37:00,44.70508,-86.50324,11.7,195.7,199.0,ARTHUR M ANDERSON,IMO5025691,WDH7563,70,0,233,21,8.0,70,A
366972020,2021-07-25T20:34:40,45.26811,-86.27599,11.4,195.4,195.0,ARTHUR M ANDERSON,IMO5025691,WDH7563,70,0,233,21,8.0,70,A
366972020,2021-07-25T11:31:00,45.87442,-84.3213,11.6,263.0,263.0,ARTHUR M ANDERSON,IMO5025691,WDH7563,70,0,233,21,8.0,70,A
366972020,2021-07-25T23:29:09,44.72979,-86.49328,11.7,196.7,200.0,ARTHUR M ANDERSON,IMO5025691,WDH7563,70,0,233,21,8.0,70,A
366972020,2021-07-25T23:42:50,44.6867,-86.51059,11.8,195.7,199.0,ARTHUR M ANDERSON,IMO5025691,WDH7563,70,0,233,21,8.0,70,A
366972020,2021-07-25T11:40:19,45.8706,-84.36416,11.6,262.7,262.0,ARTHUR M ANDERSON,IMO5025691,WDH7563,70,0,233,21,8.0,70,A
366972020,2021-07-25T23:46:19,44.67572,-86.51502,11.8,196.4,200.0,ARTHUR M ANDERSON,IMO5025691,WDH7563,70,0,233,21,8.0,70,A
366972020,2021-07-25T20:39:20,45.25378,-86.28176,11.4,195.8,196.0,ARTHUR M ANDERSON,IMO5025691,WDH7563,70,0,233,21,8.0,70,A
366972020,2021-07-25T11:42:39,45.86966,-84.37493,11.7,262.8,262.0,ARTHUR M ANDERSON,IMO5025691,WDH7563,70,0,233,21,8.0,70,A
366972020,2021-07-25T22:08:21,44.98082,-86.39221,11.6,195.8,196.0,ARTHUR M ANDERSON,IMO5025691,WDH7563,70,0,233,21,8.0,70,A
366972020,2021-07-25T20:43:50,45.23997,-86.28736,11.5,195.9,196.0,ARTHUR M ANDERSON,IMO5025691,WDH7563,70,0,233,21,8.0,70,A
366972020,2021-07-25T22:14:10,44.9627,-86.39949,11.6,195.7,196.0,ARTHUR M ANDERSON,IMO5025691,WDH7563,70,0,233,21,8.0,70,A
366972020,2021-07-25T20:47:10,45.22973,-86.29157,11.5,196.0,196.0,ARTHUR M ANDERSON,IMO5025691,WDH7563,70,0,233,21,8.0,70,A
366972020,2021-07-25T22:16:30,44.95542,-86.40242,11.6,196.3,197.0,ARTHUR M ANDERSON,IMO5025691,WDH7563,70,0,233,21,8.0,70,A
366972020,2021-07-25T23:48:41,44.66823,-86.51797,11.8,195.4,199.0,ARTHUR M ANDERSON,IMO5025691,WDH7563,70,0,233,21,8.0,70,A
366972020,2021-07-25T23:10:30,44.78826,-86.46967,11.7,195.8,198.0,ARTHUR M ANDERSON,IMO5025691,WDH7563,70,0,233,21,8.0,70,A
366972020,2021-07-25T22:20:00,44.9445,-86.40681,11.6,195.6,197.0,ARTHUR M ANDERSON,IMO5025691,WDH7563,70,0,233,21,8.0,70,A
366972020,2021-07-25T23:55:41,44.64609,-86.52682,11.8,195.8,199.0,ARTHUR M ANDERSON,IMO5025691,WDH7563,70,0,233,21,8.0,70,A
366972020,2021-07-25T22:26:59,44.92271,-86.41553,11.6,196.2,198.0,ARTHUR M ANDERSON,IMO5025691,WDH7563,70,0,233,21,8.0,70,A
366972020,2021-07-25T22:30:20,44.91231,-86.4198,11.6,196.2,198.0,ARTHUR M ANDERSON,IMO5025691,WDH7563,70,0,233,21,8.0,70,A
366972020,2021-07-25T12:10:29,45.85807,-84.5031,11.6,262.4,262.0,ARTHUR M ANDERSON,IMO5025691,WDH7563,70,0,233,21,8.0,70,A
366972020,2021-07-25T22:32:29,44.90566,-86.42251,11.6,195.5,197.0,ARTHUR M ANDERSON,IMO5025691,WDH7563,70,0,233,21,8.0,70,A
366972020,2021-07-25T21:05:49,45.17241,-86.31483,11.4,196.8,196.0,ARTHUR M ANDERSON,IMO5025691,WDH7563,70,0,233,21,8.0,70,A
366972020,2021-07-25T23:30:11,44.72655,-86.49463,11.7,196.2,199.0,ARTHUR M ANDERSON,IMO5025691,WDH7563,70,0,233,21,8.0,70,A
366972020,2021-07-25T23:31:19,44.72299,-86.49609,11.7,196.2,199.0,ARTHUR M ANDERSON,IMO5025691,WDH7563,70,0,233,21,8.0,70,A
366972020,2021-07-25T22:37:00,44.89171,-86.42813,11.5,196.5,198.0,ARTHUR M ANDERSON,IMO5025691,WDH7563,70,0,233,21,8.0,70,A
366972020,2021-07-25T23:33:40,44.71558,-86.49906,11.8,195.6,198.0,ARTHUR M ANDERSON,IMO5025691,WDH7563,70,0,233,21,8.0,70,A
366972020,2021-07-25T21:09:20,45.16167,-86.31923,11.4,195.7,195.0,ARTHUR M ANDERSON,IMO5025691,WDH7563,70,0,233,21,8.0,70,A
366972020,2021-07-25T23:35:59,44.70829,-86.50196,11.8,195.6,199.0,ARTHUR M ANDERSON,IMO5025691,WDH7563,70,0,233,21,8.0,70,A
366972020,2021-07-25T12:26:30,45.8505,-84.57693,11.6,254.1,252.0,ARTHUR M ANDERSON,IMO5025691,WDH7563,70,0,233,21,8.0,70,A
366972020,2021-07-25T12:27:40,45.84928,-84.58202,11.4,250.6,248.0,ARTHUR M ANDERSON,IMO5025691,WDH7563,70,0,233,21,8.0,70,A
366972020,2021-07-25T23:39:19,44.6978,-86.50618,11.7,196.1,199.0,ARTHUR M ANDERSON,IMO5025691,WDH7563,70,0,233,21,8.0,70,A
366972020,2021-07-25T22:41:39,44.87741,-86.43392,11.5,196.0,197.0,ARTHUR M ANDERSON,IMO5025691,WDH7563,70,0,233,21,8.0,70,A
366972020,2021-07-25T23:40:30,44.69406,-86.50765,11.8,195.7,199.0,ARTHUR M ANDERSON,IMO5025691,WDH7563,70,0,233,21,8.0,70,A
366972020,2021-07-25T21:21:41,45.12397,-86.33452,11.4,196.1,195.0,ARTHUR M ANDERSON,IMO5025691,WDH7563,70,0,233,21,8.0,70,A
366972020,2021-07-25T21:22:49,45.12051,-86.33591,11.4,196.0,195.0,ARTHUR M ANDERSON,IMO5025691,WDH7563,70,0,233,21,8.0,70,A
366972020,2021-07-25T23:45:10,44.67933,-86.51354,11.8,195.8,199.0,ARTHUR M ANDERSON,IMO5025691,WDH7563,70,0,233,21,8.0,70,A
366972020,2021-07-25T21:27:31,45.10618,-86.34169,11.4,196.2,196.0,ARTHUR M ANDERSON,IMO5025691,WDH7563,70,0,233,21,8.0,70,A
366972020,2021-07-25T12:34:10,45.84246,-84.60868,10.5,249.3,248.0,ARTHUR M ANDERSON,IMO5025691,WDH7563,70,0,233,21,8.0,70,A
366972020,2021-07-25T21:34:29,45.085,-86.35033,11.4,195.7,195.0,ARTHUR M ANDERSON,IMO5025691,WDH7563,70,0,233,21,8.0,70,A
366972020,2021-07-25T23:57:59,44.63873,-86.52979,11.9,196.5,199.0,ARTHUR M ANDERSON,IMO5025691,WDH7563,70,0,233,21,8.0,70,A
366972020,2021-07-25T12:42:20,45.83436,-84.64012,10.6,249.4,248.0,ARTHUR M ANDERSON,IMO5025691,WDH7563,70,0,233,21,8.0,70,A
366972020,2021-07-25T23:02:19,44.81383,-86.45953,11.6,196.1,198.0,ARTHUR M ANDERSON,IMO5025691,WDH7563,70,0,233,21,8.0,70,A
366972020,2021-07-25T12:44:40,45.83182,-84.64961,11.1,248.3,248.0,ARTHUR M ANDERSON,IMO5025691,WDH7563,70,0,233,21,8.0,70,A
366972020,2021-07-25T23:05:50,44.80288,-86.46387,11.6,195.3,197.0,ARTHUR M ANDERSON,IMO5025691,WDH7563,70,0,233,21,8.0,70,A
366972020,2021-07-25T21:42:40,45.05995,-86.36032,11.4,195.8,195.0,ARTHUR M ANDERSON,IMO5025691,WDH7563,70,0,233,21,8.0,70,A
366972020,2021-07-25T23:16:19,44.77006,-86.47707,11.7,195.9,198.0,ARTHUR M ANDERSON,IMO5025691,WDH7563,70,0,233,21,8.0,70,A
366972020,2021-07-25T13:05:40,45.81638,-84.739,10.9,279.4,279.0,ARTHUR M ANDERSON,IMO5025691,WDH7563,70,0,233,21,8.0,70,A
366972020,2021-07-25T13:08:10,45.81768,-84.74976,11.0,281.2,281.0,ARTHUR M ANDERSON,IMO5025691,WDH7563,70,0,233,21,8.0,70,A
366972020,2021-07-25T23:32:30,44.71928,-86.49761,11.7,196.1,199.0,ARTHUR M ANDERSON,IMO5025691,WDH7563,70,0,233,21,8.0,70,A
366972020,2021-07-25T23:34:50,44.71186,-86.50052,11.8,195.6,199.0,ARTHUR M ANDERSON,IMO5025691,WDH7563,70,0,233,21,8.0,70,A
366972020,2021-07-25T22:10:39,44.97366,-86.39509,11.6,195.7,196.0,ARTHUR M ANDERSON,IMO5025691,WDH7563,70,0,233,21,8.0,70,A
366972020,2021-07-25T13:19:39,45.82402,-84.80055,11.5,280.0,279.0,ARTHUR M ANDERSON,IMO5025691,WDH7563,70,0,233,21,8.0,70,A
366972020,2021-07-25T23:43:59,44.68302,-86.51207,11.8,195.9,199.0,ARTHUR M ANDERSON,IMO5025691,WDH7563,70,0,233,21,8.0,70,A
366972020,2021-07-25T22:18:49,44.94819,-86.40534,11.6,195.7,197.0,ARTHUR M ANDERSON,IMO5025691,WDH7563,70,0,233,21,8.0,70,A
366972020,2021-07-25T13:27:39,45.82857,-84.83664,11.5,279.5,278.0,ARTHUR M ANDERSON,IMO5025691,WDH7563,70,0,233,21,8.0,70,A
366972020,2021-07-25T23:50:59,44.66091,-86.52082,11.8,195.8,199.0,ARTHUR M ANDERSON,IMO5025691,WDH7563,70,0,233,21,8.0,70,A
366972020,2021-07-25T22:25:50,44.92629,-86.41408,11.6,195.8,197.0,ARTHUR M ANDERSON,IMO5025691,WDH7563,70,0,233,21,8.0,70,A
366972020,2021-07-25T23:52:09,44.65726,-86.52229,11.8,196.2,199.0,ARTHUR M ANDERSON,IMO5025691,WDH7563,70,0,233,21,8.0,70,A
366972020,2021-07-25T22:28:09,44.91908,-86.41701,11.6,196.2,198.0,ARTHUR M ANDERSON,IMO5025691,WDH7563,70,0,233,21,8.0,70,A
366972020,2021-07-25T13:32:19,45.8312,-84.85779,11.6,280.5,279.0,ARTHUR M ANDERSON,IMO5025691,WDH7563,70,0,233,21,8.0,70,A
366972020,2021-07-25T13:33:20,45.83178,-84.86242,11.6,279.9,279.0,ARTHUR M ANDERSON,IMO5025691,WDH7563,70,0,233,21,8.0,70,A
366972020,2021-07-25T13:34:30,45.83244,-84.86772,11.6,280.2,279.0,ARTHUR M ANDERSON,IMO5025691,WDH7563,70,0,233,21,8.0,70,A
366972020,2021-07-25T22:35:50,44.89529,-86.42663,11.5,196.6,198.0,ARTHUR M ANDERSON,IMO5025691,WDH7563,70,0,233,21,8.0,70,A
366972020,2021-07-25T13:48:29,45.8402,-84.93137,11.5,280.0,280.0,ARTHUR M ANDERSON,IMO5025691,WDH7563,70,0,233,21,8.0,70,A
366972020,2021-07-25T22:44:01,44.87015,-86.43686,11.4,195.6,197.0,ARTHUR M ANDERSON,IMO5025691,WDH7563,70,0,233,21,8.0,70,A
366972020,2021-07-25T22:46:20,44.86299,-86.43975,11.4,196.1,197.0,ARTHUR M ANDERSON,IMO5025691,WDH7563,70,0,233,21,8.0,70,A
366972020,2021-07-25T13:56:40,45.84472,-84.96858,11.6,280.2,280.0,ARTHUR M ANDERSON,IMO5025691,WDH7563,70,0,233,21,8.0,70,A
366972020,2021-07-25T22:49:31,44.85328,-86.44365,11.4,195.7,197.0,ARTHUR M ANDERSON,IMO5025691,WDH7563,70,0,233,21,8.0,70,A
366972020,2021-07-25T22:51:50,44.84619,-86.44656,11.4,196.3,197.0,ARTHUR M ANDERSON,IMO5025691,WDH7563,70,0,233,21,8.0,70,A
366972020,2021-07-25T13:59:00,45.84604,-84.97923,11.6,279.7,279.0,ARTHUR M ANDERSON,IMO5025691,WDH7563,70,0,233,21,8.0,70,A
366972020,2021-07-25T14:01:09,45.84729,-84.98905,11.6,280.4,280.0,ARTHUR M ANDERSON,IMO5025691,WDH7563,70,0,233,21,8.0,70,A
366972020,2021-07-25T22:54:09,44.83905,-86.44939,11.5,195.8,197.0,ARTHUR M ANDERSON,IMO5025691,WDH7563,70,0,233,21,8.0,70,A
366972020,2021-07-25T14:16:19,45.8558,-85.05846,11.7,280.1,280.0,ARTHUR M ANDERSON,IMO5025691,WDH7563,70,0,233,21,8.0,70,A
366972020,2021-07-25T14:17:29,45.85647,-85.06381,11.6,279.9,280.0,ARTHUR M ANDERSON,IMO5025691,WDH7563,70,0,233,21,8.0,70,A
366972020,2021-07-25T14:31:11,45.86375,-85.12669,11.7,277.6,277.0,ARTHUR M ANDERSON,IMO5025691,WDH7563,70,0,233,21,8.0,70,A
366972020,2021-07-25T14:36:59,45.86635,-85.15344,11.6,277.7,277.0,ARTHUR M ANDERSON,IMO5025691,WDH7563,70,0,233,21,8.0,70,A
366972020,2021-07-25T23:26:50,44.73705,-86.49035,11.7,195.7,199.0,ARTHUR M ANDERSON,IMO5025691,WDH7563,70,0,233,21,8.0,70,A
366972020,2021-07-25T23:28:00,44.73339,-86.4918,11.7,195.7,199.0,ARTHUR M ANDERSON,IMO5025691,WDH7563,70,0,233,21,8.0,70,A
366972020,2021-07-25T14:44:00,45.86931,-85.18521,11.4,277.4,277.0,ARTHUR M ANDERSON,IMO5025691,WDH7563,70,0,233,21,8.0,70,A
366972020,2021-07-25T14:48:40,45.87122,-85.2064,11.6,277.5,277.0,ARTHUR M ANDERSON,IMO5025691,WDH7563,70,0,233,21,8.0,70,A
366972020,2021-07-25T15:01:20,45.87672,-85.26444,11.6,276.7,276.0,ARTHUR M ANDERSON,IMO5025691,WDH7563,70,0,233,21,8.0,70,A
366972020,2021-07-25T15:02:30,45.87719,-85.2698,11.6,277.6,277.0,ARTHUR M ANDERSON,IMO5025691,WDH7563,70,0,233,21,8.0,70,A
366972020,2021-07-25T15:07:09,45.87915,-85.29104,11.4,277.3,276.0,ARTHUR M ANDERSON,IMO5025691,WDH7563,70,0,233,21,8.0,70,A
366972020,2021-07-25T23:56:50,44.64244,-86.52827,11.8,196.1,199.0,ARTHUR M ANDERSON,IMO5025691,WDH7563,70,0,233,21,8.0,70,A
366972020,2021-07-25T15:16:39,45.88324,-85.33451,11.6,277.0,276.0,ARTHUR M ANDERSON,IMO5025691,WDH7563,70,0,233,21,8.0,70,A
366972020,2021-07-25T15:17:50,45.88372,-85.33993,11.5,277.4,276.0,ARTHUR M ANDERSON,IMO5025691,WDH7563,70,0,233,21,8.0,70,A
366972020,2021-07-25T15:19:00,45.8842,-85.34524,11.5,277.9,277.0,ARTHUR M ANDERSON,IMO5025691,WDH7563,70,0,233,21,8.0,70,A
366972020,2021-07-25T15:30:40,45.88915,-85.39879,11.6,277.5,277.0,ARTHUR M ANDERSON,IMO5025691,WDH7563,70,0,233,21,8.0,70,A
366972020,2021-07-25T15:37:30,45.89208,-85.43003,11.5,278.1,277.0,ARTHUR M ANDERSON,IMO5025691,WDH7563,70,0,233,21,8.0,70,A
366972020,2021-07-25T15:38:39,45.89256,-85.43525,11.5,277.7,277.0,ARTHUR M ANDERSON,IMO5025691,WDH7563,70,0,233,21,8.0,70,A
366972020,2021-07-25T15:42:10,45.89402,-85.45118,11.4,277.4,277.0,ARTHUR M ANDERSON,IMO5025691,WDH7563,70,0,233,21,8.0,70,A
366972020,2021-07-25T15:47:40,45.89501,-85.47598,11.3,268.7,268.0,ARTHUR M ANDERSON,IMO5025691,WDH7563,70,0,233,21,8.0,70,A
366972020,2021-07-25T16:01:19,45.89334,-85.5382,11.5,267.0,266.0,ARTHUR M ANDERSON,IMO5025691,WDH7563,70,0,233,21,8.0,70,A
366972020,2021-07-25T16:13:31,45.88568,-85.59104,11.3,241.4,241.0,ARTHUR M ANDERSON,IMO5025691,WDH7563,70,0,233,21,8.0,70,A
366972020,2021-07-25T16:56:39,45.81724,-85.76608,11.8,240.2,239.0,ARTHUR M ANDERSON,IMO5025691,WDH7563,70,0,233,21,8.0,70,A
366972020,2021-07-25T16:57:50,45.81532,-85.77091,11.8,240.7,240.0,ARTHUR M ANDERSON,IMO5025691,WDH7563,70,0,233,21,8.0,70,A
366972020,2021-07-25T17:28:49,45.76525,-85.89765,11.8,240.6,240.0,ARTHUR M ANDERSON,IMO5025691,WDH7563,70,0,233,21,8.0,70,A
366972020,2021-07-25T17:39:09,45.74869,-85.93965,11.7,241.1,240.0,ARTHUR M ANDERSON,IMO5025691,WDH7563,70,0,233,21,8.0,70,A
366972020,2021-07-25T18:06:40,45.70508,-86.05081,11.7,240.2,239.0,ARTHUR M ANDERSON,IMO5025691,WDH7563,70,0,233,21,8.0,70,A
366972020,2021-07-25T18:39:09,45.62502,-86.12713,11.7,197.4,197.0,ARTHUR M ANDERSON,IMO5025691,WDH7563,70,0,233,21,8.0,70,A
366972020,2021-07-25T18:40:19,45.62141,-86.12879,11.7,197.7,198.0,ARTHUR M ANDERSON,IMO5025691,WDH7563,70,0,233,21,8.0,70,A
366972020,2021-07-25T18:56:29,45.57127,-86.15161,11.7,197.1,197.0,ARTHUR M ANDERSON,IMO5025691,WDH7563,70,0,233,21,8.0,70,A
366972020,2021-07-25T19:15:59,45.5108,-86.17728,11.5,196.4,196.0,ARTHUR M ANDERSON,IMO5025691,WDH7563,70,0,233,21,8.0,70,A
366972020,2021-07-25T19:17:10,45.50714,-86.17878,11.6,195.8,195.0,ARTHUR M ANDERSON,IMO5025691,WDH7563,70,0,233,21,8.0,70,A
366972020,2021-07-25T19:34:30,45.45374,-86.20055,11.4,196.3,195.0,ARTHUR M ANDERSON,IMO5025691,WDH7563,70,0,233,21,8.0,70,A
366972020,2021-07-25T19:54:10,45.39326,-86.22509,11.6,196.3,196.0,ARTHUR M ANDERSON,IMO5025691,WDH7563,70,0,233,21,8.0,70,A
366972020,2021-07-25T20:01:09,45.37156,-86.23396,11.6,195.2,195.0,ARTHUR M ANDERSON,IMO5025691,WDH7563,70,0,233,21,8.0,70,A
366972020,2021-07-25T20:02:21,45.36782,-86.23545,11.6,195.4,195.0,ARTHUR M ANDERSON,IMO5025691,WDH7563,70,0,233,21,8.0,70,A
366972020,2021-07-25T20:03:29,45.36428,-86.23688,11.6,196.1,196.0,ARTHUR M ANDERSON,IMO5025691,WDH7563,70,0,233,21,8.0,70,A
366972020,2021-07-25T20:05:50,45.35698,-86.23991,11.6,196.3,196.0,ARTHUR M ANDERSON,IMO5025691,WDH7563,70,0,233,21,8.0,70,A
366972020,2021-07-25T20:10:29,45.34247,-86.24574,11.6,195.9,196.0,ARTHUR M ANDERSON,IMO5025691,WDH7563,70,0,233,21,8.0,70,A
366972020,2021-07-25T20:25:30,45.29621,-86.26469,11.4,196.1,196.0,ARTHUR M ANDERSON,IMO5025691,WDH7563,70,0,233,21,8.0,70,A
366972020,2021-07-25T20:27:50,45.28907,-86.26758,11.4,195.4,196.0,ARTHUR M ANDERSON,IMO5025691,WDH7563,70,0,233,21,8.0,70,A
366972020,2021-07-25T20:46:01,45.23327,-86.29012,11.5,196.3,197.0,ARTHUR M ANDERSON,IMO5025691,WDH7563,70,0,233,21,8.0,70,A
366972020,2021-07-25T20:50:41,45.21889,-86.29592,11.5,196.1,196.0,ARTHUR M ANDERSON,IMO5025691,WDH7563,70,0,233,21,8.0,70,A
366972020,2021-07-25T20:56:29,45.20103,-86.30318,11.5,196.0,196.0,ARTHUR M ANDERSON,IMO5025691,WDH7563,70,0,233,21,8.0,70,A
366972020,2021-07-25T21:03:30,45.17949,-86.31192,11.4,195.8,196.0,ARTHUR M ANDERSON,IMO5025691,WDH7563,70,0,233,21,8.0,70,A
366972020,2021-07-25T21:19:31,45.13059,-86.33188,11.4,195.7,195.0,ARTHUR M ANDERSON,IMO5025691,WDH7563,70,0,233,21,8.0,70,A
366972020,2021-07-25T21:20:40,45.12703,-86.33329,11.4,195.9,195.0,ARTHUR M ANDERSON,IMO5025691,WDH7563,70,0,233,21,8.0,70,A
366972020,2021-07-25T21:31:00,45.0956,-86.34604,11.3,195.6,195.0,ARTHUR M ANDERSON,IMO5025691,WDH7563,70,0,233,21,8.0,70,A
366972020,2021-07-25T21:40:20,45.0671,-86.35754,11.4,195.4,195.0,ARTHUR M ANDERSON,IMO5025691,WDH7563,70,0,233,21,8.0,70,A
366972020,2021-07-25T21:47:30,45.04511,-86.36635,11.4,196.3,196.0,ARTHUR M ANDERSON,IMO5025691,WDH7563,70,0,233,21,8.0,70,A
366972020,2021-07-25T21:55:41,45.02004,-86.37648,11.4,195.6,196.0,ARTHUR M ANDERSON,IMO5025691,WDH7563,70,0,233,21,8.0,70,A
366972020,2021-07-25T22:01:10,45.00313,-86.38323,11.5,195.6,196.0,ARTHUR M ANDERSON,IMO5025691,WDH7563,70,0,233,21,8.0,70,A
366972020,2021-07-25T22:24:40,44.92988,-86.41266,11.6,195.7,197.0,ARTHUR M ANDERSON,IMO5025691,WDH7563,70,0,233,21,8.0,70,A
366972020,2021-07-25T22:38:09,44.88818,-86.4296,11.5,196.1,197.0,ARTHUR M ANDERSON,IMO5025691,WDH7563,70,0,233,21,8.0,70,A
366972020,2021-07-25T22:42:50,44.87378,-86.4354,11.4,196.0,197.0,ARTHUR M ANDERSON,IMO5025691,WDH7563,70,0,233,21,8.0,70,A
366972020,2021-07-25T22:48:30,44.85635,-86.44242,11.4,196.2,197.0,ARTHUR M ANDERSON,IMO5025691,WDH7563,70,0,233,21,8.0,70,A
366972020,2021-07-25T22:55:20,44.83541,-86.45084,11.5,196.0,197.0,ARTHUR M ANDERSON,IMO5025691,WDH7563,70,0,233,21,8.0,70,A
366972020,2021-07-25T22:57:39,44.82821,-86.45373,11.5,195.8,197.0,ARTHUR M ANDERSON,IMO5025691,WDH7563,70,0,233,21,8.0,70,A
366972020,2021-07-25T23:03:29,44.81021,-86.46099,11.6,195.9,198.0,ARTHUR M ANDERSON,IMO5025691,WDH7563,70,0,233,21,8.0,70,A
366972020,2021-07-25T23:08:10,44.79557,-86.46675,11.7,195.5,198.0,ARTHUR M ANDERSON,IMO5025691,WDH7563,70,0,233,21,8.0,70,A
366972020,2021-07-25T23:38:11,44.70135,-86.50472,11.7,195.7,199.0,ARTHUR M ANDERSON,IMO5025691,WDH7563,70,0,233,21,8.0,70,A
366972020,2021-07-25T23:47:29,44.67203,-86.5165,11.8,195.3,198.0,ARTHUR M ANDERSON,IMO5025691,WDH7563,70,0,233,21,8.0,70,A
366972020,2021-07-25T23:53:19,44.65353,-86.52382,11.8,196.5,199.0,ARTHUR M ANDERSON,IMO5025691,WDH7563,70,0,233,21,8.0,70,A
366972020,2021-07-25T23:54:30,44.64984,-86.52529,11.8,195.8,199.0,ARTHUR M ANDERSON,IMO5025691,WDH7563,70,0,233,21,8.0,70,A
366972020,2021-07-26T00:00:00,44.63238,-86.53239,11.9,196.2,199.0,ARTHUR M ANDERSON,IMO5025691,WDH7563,70,0,233,21,8.0,70,A
366972020,2021-07-26T00:01:10,44.62862,-86.53393,11.9,195.9,198.0,ARTHUR M ANDERSON,IMO5025691,WDH7563,70,0,233,21,8.0,70,A
366972020,2021-07-26T00:02:19,44.625,-86.53538,11.9,196.1,198.0,ARTHUR M ANDERSON,IMO5025691,WDH7563,70,0,233,21,8.0,70,A
366972020,2021-07-26T00:03:29,44.62127,-86.53687,11.9,196.0,198.0,ARTHUR M ANDERSON,IMO5025691,WDH7563,70,0,233,21,8.0,70,A
366972020,2021-07-26T00:04:40,44.61749,-86.53838,11.9,196.3,199.0,ARTHUR M ANDERSON,IMO5025691,WDH7563,70,0,233,21,8.0,70,A
366972020,2021-07-26T00:05:50,44.61379,-86.53993,11.9,196.2,198.0,ARTHUR M ANDERSON,IMO5025691,WDH7563,70,0,233,21,8.0,70,A
366972020,2021-07-26T00:08:09,44.60637,-86.54293,11.9,196.4,199.0,ARTHUR M ANDERSON,IMO5025691,WDH7563,70,0,233,21,8.0,70,A
366972020,2021-07-26T00:07:00,44.61005,-86.54143,11.9,196.0,198.0,ARTHUR M ANDERSON,IMO5025691,WDH7563,70,0,233,21,8.0,70,A
366972020,2021-07-26T00:09:20,44.60259,-86.54444,11.9,195.5,198.0,ARTHUR M ANDERSON,IMO5025691,WDH7563,70,0,233,21,8.0,70,A
366972020,2021-07-26T00:12:59,44.59089,-86.54906,11.9,195.6,198.0,ARTHUR M ANDERSON,IMO5025691,WDH7563,70,0,233,21,8.0,70,A
366972020,2021-07-26T00:11:39,44.59517,-86.54736,11.9,195.8,198.0,ARTHUR M ANDERSON,IMO5025691,WDH7563,70,0,233,21,8.0,70,A
366972020,2021-07-26T00:15:20,44.58338,-86.55208,11.9,196.1,198.0,ARTHUR M ANDERSON,IMO5025691,WDH7563,70,0,233,21,8.0,70,A
366972020,2021-07-26T00:10:30,44.59881,-86.54593,11.9,195.6,198.0,ARTHUR M ANDERSON,IMO5025691,WDH7563,70,0,233,21,8.0,70,A
366972020,2021-07-26T00:14:09,44.58716,-86.55056,11.9,195.9,198.0,ARTHUR M ANDERSON,IMO5025691,WDH7563,70,0,233,21,8.0,70,A
366972020,2021-07-26T00:16:30,44.57959,-86.55362,11.9,196.4,198.0,ARTHUR M ANDERSON,IMO5025691,WDH7563,70,0,233,21,8.0,70,A
366972020,2021-07-26T00:17:39,44.57598,-86.55512,11.9,196.4,198.0,ARTHUR M ANDERSON,IMO5025691,WDH7563,70,0,233,21,8.0,70,A
366972020,2021-07-26T00:18:50,44.57219,-86.55666,12.0,196.7,198.0,ARTHUR M ANDERSON,IMO5025691,WDH7563,70,0,233,21,8.0,70,A
366972020,2021-07-26T00:20:00,44.56847,-86.55823,12.0,196.6,198.0,ARTHUR M ANDERSON,IMO5025691,WDH7563,70,0,233,21,8.0,70,A
366972020,2021-07-26T00:22:19,44.56104,-86.56127,12.0,195.5,197.0,ARTHUR M ANDERSON,IMO5025691,WDH7563,70,0,233,21,8.0,70,A
366972020,2021-07-26T00:23:30,44.55722,-86.56276,12.0,195.5,197.0,ARTHUR M ANDERSON,IMO5025691,WDH7563,70,0,233,21,8.0,70,A
366972020,2021-07-26T00:25:50,44.5497,-86.56574,12.0,195.7,197.0,ARTHUR M ANDERSON,IMO5025691,WDH7563,70,0,233,21,8.0,70,A
366972020,2021-07-26T00:28:10,44.54216,-86.56869,12.0,195.7,197.0,ARTHUR M ANDERSON,IMO5025691,WDH7563,70,0,233,21,8.0,70,A
366972020,2021-07-26T00:26:59,44.54599,-86.5672,12.0,195.3,197.0,ARTHUR M ANDERSON,IMO5025691,WDH7563,70,0,233,21,8.0,70,A
366972020,2021-07-26T00:29:20,44.5384,-86.57016,12.0,195.3,197.0,ARTHUR M ANDERSON,IMO5025691,WDH7563,70,0,233,21,8.0,70,A
366972020,2021-07-26T00:31:40,44.53085,-86.57315,12.1,196.6,198.0,ARTHUR M ANDERSON,IMO5025691,WDH7563,70,0,233,21,8.0,70,A
366972020,2021-07-26T00:32:49,44.52715,-86.57469,12.1,196.2,198.0,ARTHUR M ANDERSON,IMO5025691,WDH7563,70,0,233,21,8.0,70,A
366972020,2021-07-26T00:34:01,44.52325,-86.57622,12.1,195.8,197.0,ARTHUR M ANDERSON,IMO5025691,WDH7563,70,0,233,21,8.0,70,A
366972020,2021-07-26T00:24:39,44.55352,-86.56422,12.0,195.8,197.0,ARTHUR M ANDERSON,IMO5025691,WDH7563,70,0,233,21,8.0,70,A
366972020,2021-07-26T00:35:09,44.51958,-86.57769,12.1,196.0,198.0,ARTHUR M ANDERSON,IMO5025691,WDH7563,70,0,233,21,8.0,70,A
366972020,2021-07-26T00:36:20,44.51577,-86.57921,12.1,196.0,198.0,ARTHUR M ANDERSON,IMO5025691,WDH7563,70,0,233,21,8.0,70,A
366972020,2021-07-26T00:38:31,44.5087,-86.58202,12.1,195.9,198.0,ARTHUR M ANDERSON,IMO5025691,WDH7563,70,0,233,21,8.0,70,A
366972020,2021-07-26T00:37:21,44.51247,-86.58052,12.1,195.9,198.0,ARTHUR M ANDERSON,IMO5025691,WDH7563,70,0,233,21,8.0,70,A
366972020,2021-07-26T00:21:10,44.56473,-86.55981,12.0,196.3,198.0,ARTHUR M ANDERSON,IMO5025691,WDH7563,70,0,233,21,8.0,70,A
366972020,2021-07-26T00:41:59,44.49749,-86.58649,12.1,195.5,198.0,ARTHUR M ANDERSON,IMO5025691,WDH7563,70,0,233,21,8.0,70,A
366972020,2021-07-26T00:43:11,44.4936,-86.58803,12.1,195.7,198.0,ARTHUR M ANDERSON,IMO5025691,WDH7563,70,0,233,21,8.0,70,A
366972020,2021-07-26T00:40:49,44.50122,-86.58503,12.0,195.6,197.0,ARTHUR M ANDERSON,IMO5025691,WDH7563,70,0,233,21,8.0,70,A
366972020,2021-07-26T00:45:30,44.48614,-86.5911,12.0,196.0,198.0,ARTHUR M ANDERSON,IMO5025691,WDH7563,70,0,233,21,8.0,70,A
366972020,2021-07-26T00:44:21,44.48986,-86.58958,12.0,196.6,199.0,ARTHUR M ANDERSON,IMO5025691,WDH7563,70,0,233,21,8.0,70,A
366972020,2021-07-26T00:47:49,44.47861,-86.5941,12.0,195.7,198.0,ARTHUR M ANDERSON,IMO5025691,WDH7563,70,0,233,21,8.0,70,A
366972020,2021-07-26T00:48:50,44.47538,-86.59539,12.0,196.0,199.0,ARTHUR M ANDERSON,IMO5025691,WDH7563,70,0,233,21,8.0,70,A
366972020,2021-07-26T00:51:10,44.46788,-86.59841,12.0,195.9,198.0,ARTHUR M ANDERSON,IMO5025691,WDH7563,70,0,233,21,8.0,70,A
366972020,2021-07-26T00:30:29,44.53467,-86.57161,12.1,195.7,197.0,ARTHUR M ANDERSON,IMO5025691,WDH7563,70,0,233,21,8.0,70,A
366972020,2021-07-26T00:53:29,44.46044,-86.60135,12.0,195.6,198.0,ARTHUR M ANDERSON,IMO5025691,WDH7563,70,0,233,21,8.0,70,A
366972020,2021-07-26T00:54:39,44.4567,-86.60286,11.9,196.5,199.0,ARTHUR M ANDERSON,IMO5025691,WDH7563,70,0,233,21,8.0,70,A
366972020,2021-07-26T00:58:11,44.44543,-86.60743,11.9,195.6,198.0,ARTHUR M ANDERSON,IMO5025691,WDH7563,70,0,233,21,8.0,70,A
366972020,2021-07-26T00:59:20,44.44173,-86.60887,11.8,195.5,198.0,ARTHUR M ANDERSON,IMO5025691,WDH7563,70,0,233,21,8.0,70,A
366972020,2021-07-26T01:00:00,44.43967,-86.60969,11.8,196.1,198.0,ARTHUR M ANDERSON,IMO5025691,WDH7563,70,0,233,21,8.0,70,A
366972020,2021-07-26T00:55:49,44.45297,-86.60439,11.9,196.5,199.0,ARTHUR M ANDERSON,IMO5025691,WDH7563,70,0,233,21,8.0,70,A
366972020,2021-07-26T01:02:21,44.43221,-86.6127,11.8,195.6,198.0,ARTHUR M ANDERSON,IMO5025691,WDH7563,70,0,233,21,8.0,70,A
366972020,2021-07-26T01:03:31,44.42849,-86.61414,11.9,195.6,198.0,ARTHUR M ANDERSON,IMO5025691,WDH7563,70,0,233,21,8.0,70,A
366972020,2021-07-26T01:05:49,44.42118,-86.61706,11.9,196.2,199.0,ARTHUR M ANDERSON,IMO5025691,WDH7563,70,0,233,21,8.0,70,A
366972020,2021-07-26T01:04:40,44.42484,-86.61558,11.9,195.9,198.0,ARTHUR M ANDERSON,IMO5025691,WDH7563,70,0,233,21,8.0,70,A
366972020,2021-07-26T01:06:59,44.41747,-86.61853,11.9,195.6,198.0,ARTHUR M ANDERSON,IMO5025691,WDH7563,70,0,233,21,8.0,70,A
366972020,2021-07-26T00:39:41,44.50493,-86.58356,12.0,196.5,199.0,ARTHUR M ANDERSON,IMO5025691,WDH7563,70,0,233,21,8.0,70,A
366972020,2021-07-26T01:08:10,44.41369,-86.62002,11.9,196.0,199.0,ARTHUR M ANDERSON,IMO5025691,WDH7563,70,0,233,21,8.0,70,A
366972020,2021-07-26T01:12:49,44.39891,-86.62597,11.9,195.5,198.0,ARTHUR M ANDERSON,IMO5025691,WDH7563,70,0,233,21,8.0,70,A
366972020,2021-07-26T01:09:20,44.41001,-86.62153,11.9,196.3,199.0,ARTHUR M ANDERSON,IMO5025691,WDH7563,70,0,233,21,8.0,70,A
366972020,2021-07-26T01:16:19,44.38776,-86.6304,11.9,195.2,198.0,ARTHUR M ANDERSON,IMO5025691,WDH7563,70,0,233,21,8.0,70,A
366972020,2021-07-26T01:13:59,44.39519,-86.62746,11.9,196.1,199.0,ARTHUR M ANDERSON,IMO5025691,WDH7563,70,0,233,21,8.0,70,A
366972020,2021-07-26T01:19:49,44.37658,-86.63483,11.9,196.4,199.0,ARTHUR M ANDERSON,IMO5025691,WDH7563,70,0,233,21,8.0,70,A
366972020,2021-07-26T01:01:11,44.43591,-86.61123,11.8,196.4,199.0,ARTHUR M ANDERSON,IMO5025691,WDH7563,70,0,233,21,8.0,70,A
366972020,2021-07-26T01:22:09,44.36915,-86.63787,11.9,195.9,198.0,ARTHUR M ANDERSON,IMO5025691,WDH7563,70,0,233,21,8.0,70,A
366972020,2021-07-26T00:46:40,44.48237,-86.5926,12.0,195.7,198.0,ARTHUR M ANDERSON,IMO5025691,WDH7563,70,0,233,21,8.0,70,A
366972020,2021-07-26T01:18:39,44.3803,-86.63331,11.9,195.8,198.0,ARTHUR M ANDERSON,IMO5025691,WDH7563,70,0,233,21,8.0,70,A
366972020,2021-07-26T01:23:20,44.36537,-86.63939,11.9,196.0,198.0,ARTHUR M ANDERSON,IMO5025691,WDH7563,70,0,233,21,8.0,70,A
366972020,2021-07-26T01:17:30,44.38399,-86.63185,11.9,195.7,198.0,ARTHUR M ANDERSON,IMO5025691,WDH7563,70,0,233,21,8.0,70,A
366972020,2021-07-26T01:24:31,44.3616,-86.64088,11.9,195.8,198.0,ARTHUR M ANDERSON,IMO5025691,WDH7563,70,0,233,21,8.0,70,A
366972020,2021-07-26T00:49:59,44.47169,-86.5969,12.0,196.1,199.0,ARTHUR M ANDERSON,IMO5025691,WDH7563,70,0,233,21,8.0,70,A
366972020,2021-07-26T00:52:20,44.46407,-86.59991,12.0,196.0,198.0,ARTHUR M ANDERSON,IMO5025691,WDH7563,70,0,233,21,8.0,70,A
366972020,2021-07-26T01:25:39,44.35798,-86.64229,11.9,195.9,198.0,ARTHUR M ANDERSON,IMO5025691,WDH7563,70,0,233,21,8.0,70,A
366972020,2021-07-26T01:10:31,44.40624,-86.62308,11.9,196.5,199.0,ARTHUR M ANDERSON,IMO5025691,WDH7563,70,0,233,21,8.0,70,A
366972020,2021-07-26T01:28:00,44.35048,-86.64531,11.9,196.2,199.0,ARTHUR M ANDERSON,IMO5025691,WDH7563,70,0,233,21,8.0,70,A
366972020,2021-07-26T01:11:40,44.40257,-86.62454,11.9,196.0,198.0,ARTHUR M ANDERSON,IMO5025691,WDH7563,70,0,233,21,8.0,70,A
366972020,2021-07-26T01:30:21,44.34296,-86.6483,11.9,196.0,199.0,ARTHUR M ANDERSON,IMO5025691,WDH7563,70,0,233,21,8.0,70,A
366972020,2021-07-26T00:56:59,44.44924,-86.6059,11.9,196.1,198.0,ARTHUR M ANDERSON,IMO5025691,WDH7563,70,0,233,21,8.0,70,A
366972020,2021-07-26T01:31:30,44.33931,-86.64977,11.9,196.3,199.0,ARTHUR M ANDERSON,IMO5025691,WDH7563,70,0,233,21,8.0,70,A
366972020,2021-07-26T01:29:09,44.34681,-86.64677,11.9,196.0,198.0,ARTHUR M ANDERSON,IMO5025691,WDH7563,70,0,233,21,8.0,70,A
366972020,2021-07-26T01:32:40,44.33559,-86.65131,11.9,196.4,199.0,ARTHUR M ANDERSON,IMO5025691,WDH7563,70,0,233,21,8.0,70,A
366972020,2021-07-26T01:39:40,44.3132,-86.66026,11.9,195.9,198.0,ARTHUR M ANDERSON,IMO5025691,WDH7563,70,0,233,21,8.0,70,A
366972020,2021-07-26T01:41:51,44.30622,-86.66299,11.9,195.8,199.0,ARTHUR M ANDERSON,IMO5025691,WDH7563,70,0,233,21,8.0,70,A
366972020,2021-07-26T01:38:31,44.3169,-86.65879,11.9,195.7,198.0,ARTHUR M ANDERSON,IMO5025691,WDH7563,70,0,233,21,8.0,70,A
366972020,2021-07-26T01:35:00,44.32813,-86.65427,11.9,195.6,198.0,ARTHUR M ANDERSON,IMO5025691,WDH7563,70,0,233,21,8.0,70,A
366972020,2021-07-26T01:37:20,44.32068,-86.65728,11.9,196.5,199.0,ARTHUR M ANDERSON,IMO5025691,WDH7563,70,0,233,21,8.0,70,A
366972020,2021-07-26T01:47:20,44.28869,-86.67005,12.0,195.6,198.0,ARTHUR M ANDERSON,IMO5025691,WDH7563,70,0,233,21,8.0,70,A
366972020,2021-07-26T01:40:50,44.30948,-86.66169,11.9,195.5,198.0,ARTHUR M ANDERSON,IMO5025691,WDH7563,70,0,233,21,8.0,70,A
366972020,2021-07-26T01:45:10,44.29556,-86.6673,11.9,196.2,199.0,ARTHUR M ANDERSON,IMO5025691,WDH7563,70,0,233,21,8.0,70,A
366972020,2021-07-26T01:53:10,44.26987,-86.67743,12.0,195.6,199.0,ARTHUR M ANDERSON,IMO5025691,WDH7563,70,0,233,21,8.0,70,A
366972020,2021-07-26T01:50:49,44.27751,-86.67448,12.0,195.7,199.0,ARTHUR M ANDERSON,IMO5025691,WDH7563,70,0,233,21,8.0,70,A
366972020,2021-07-26T01:51:59,44.27374,-86.67596,12.0,195.6,199.0,ARTHUR M ANDERSON,IMO5025691,WDH7563,70,0,233,21,8.0,70,A
366972020,2021-07-26T01:59:59,44.24784,-86.68626,12.1,195.9,199.0,ARTHUR M ANDERSON,IMO5025691,WDH7563,70,0,233,21,8.0,70,A
366972020,2021-07-26T01:55:19,44.26292,-86.68021,12.0,196.4,199.0,ARTHUR M ANDERSON,IMO5025691,WDH7563,70,0,233,21,8.0,70,A
366972020,2021-07-26T01:33:50,44.33188,-86.65281,11.9,195.8,198.0,ARTHUR M ANDERSON,IMO5025691,WDH7563,70,0,233,21,8.0,70,A
366972020,2021-07-26T01:56:29,44.25921,-86.68173,12.0,196.3,199.0,ARTHUR M ANDERSON,IMO5025691,WDH7563,70,0,233,21,8.0,70,A
366972020,2021-07-26T02:07:00,44.22528,-86.69527,12.0,196.0,199.0,ARTHUR M ANDERSON,IMO5025691,WDH7563,70,0,233,21,8.0,70,A
366972020,2021-07-26T02:08:10,44.22153,-86.69675,12.0,195.8,198.0,ARTHUR M ANDERSON,IMO5025691,WDH7563,70,0,233,21,8.0,70,A
366972020,2021-07-26T02:03:29,44.23656,-86.69078,12.0,196.2,199.0,ARTHUR M ANDERSON,IMO5025691,WDH7563,70,0,233,21,8.0,70,A
366972020,2021-07-26T02:05:49,44.2291,-86.69375,12.0,195.5,198.0,ARTHUR M ANDERSON,IMO5025691,WDH7563,70,0,233,21,8.0,70,A
366972020,2021-07-26T02:02:19,44.24031,-86.68927,12.0,196.4,199.0,ARTHUR M ANDERSON,IMO5025691,WDH7563,70,0,233,21,8.0,70,A
366972020,2021-07-26T01:57:40,44.2554,-86.68325,12.1,196.2,199.0,ARTHUR M ANDERSON,IMO5025691,WDH7563,70,0,233,21,8.0,70,A
366972020,2021-07-26T02:12:50,44.2065,-86.70279,12.0,196.2,198.0,ARTHUR M ANDERSON,IMO5025691,WDH7563,70,0,233,21,8.0,70,A
366972020,2021-07-26T02:10:30,44.21402,-86.69977,12.0,196.0,199.0,ARTHUR M ANDERSON,IMO5025691,WDH7563,70,0,233,21,8.0,70,A
366972020,2021-07-26T02:16:19,44.19525,-86.70727,12.0,196.3,199.0,ARTHUR M ANDERSON,IMO5025691,WDH7563,70,0,233,21,8.0,70,A
366972020,2021-07-26T02:19:50,44.18389,-86.71184,12.0,196.1,198.0,ARTHUR M ANDERSON,IMO5025691,WDH7563,70,0,233,21,8.0,70,A
366972020,2021-07-26T02:13:59,44.20279,-86.70426,12.0,196.0,198.0,ARTHUR M ANDERSON,IMO5025691,WDH7563,70,0,233,21,8.0,70,A
366972020,2021-07-26T01:15:09,44.39148,-86.62895,11.9,195.9,198.0,ARTHUR M ANDERSON,IMO5025691,WDH7563,70,0,233,21,8.0,70,A
366972020,2021-07-26T02:24:29,44.16891,-86.71778,12.0,196.4,198.0,ARTHUR M ANDERSON,IMO5025691,WDH7563,70,0,233,21,8.0,70,A
366972020,2021-07-26T02:25:40,44.1651,-86.71933,12.0,196.3,198.0,ARTHUR M ANDERSON,IMO5025691,WDH7563,70,0,233,21,8.0,70,A
366972020,2021-07-26T02:18:41,44.1876,-86.71035,12.0,196.3,199.0,ARTHUR M ANDERSON,IMO5025691,WDH7563,70,0,233,21,8.0,70,A
366972020,2021-07-26T01:20:59,44.37287,-86.63636,11.9,196.7,199.0,ARTHUR M ANDERSON,IMO5025691,WDH7563,70,0,233,21,8.0,70,A
366972020,2021-07-26T02:32:40,44.14254,-86.72832,12.0,195.9,198.0,ARTHUR M ANDERSON,IMO5025691,WDH7563,70,0,233,21,8.0,70,A
366972020,2021-07-26T02:35:01,44.13497,-86.73127,12.0,195.6,197.0,ARTHUR M ANDERSON,IMO5025691,WDH7563,70,0,233,21,8.0,70,A
366972020,2021-07-26T01:54:11,44.26662,-86.6787,12.0,195.9,199.0,ARTHUR M ANDERSON,IMO5025691,WDH7563,70,0,233,21,8.0,70,A
366972020,2021-07-26T02:27:59,44.15763,-86.72229,12.0,195.5,197.0,ARTHUR M ANDERSON,IMO5025691,WDH7563,70,0,233,21,8.0,70,A
366972020,2021-07-26T02:21:00,44.18013,-86.71335,12.0,196.1,198.0,ARTHUR M ANDERSON,IMO5025691,WDH7563,70,0,233,21,8.0,70,A
366972020,2021-07-26T02:39:40,44.12003,-86.7372,12.0,195.8,198.0,ARTHUR M ANDERSON,IMO5025691,WDH7563,70,0,233,21,8.0,70,A
366972020,2021-07-26T02:31:29,44.14636,-86.72679,12.0,196.4,198.0,ARTHUR M ANDERSON,IMO5025691,WDH7563,70,0,233,21,8.0,70,A
366972020,2021-07-26T02:26:50,44.16129,-86.72086,12.0,196.0,198.0,ARTHUR M ANDERSON,IMO5025691,WDH7563,70,0,233,21,8.0,70,A
366972020,2021-07-26T01:26:49,44.35425,-86.64377,11.9,196.1,198.0,ARTHUR M ANDERSON,IMO5025691,WDH7563,70,0,233,21,8.0,70,A
366972020,2021-07-26T02:33:50,44.13878,-86.72977,12.0,195.7,197.0,ARTHUR M ANDERSON,IMO5025691,WDH7563,70,0,233,21,8.0,70,A
366972020,2021-07-26T02:36:10,44.13127,-86.73272,12.0,195.9,198.0,ARTHUR M ANDERSON,IMO5025691,WDH7563,70,0,233,21,8.0,70,A
366972020,2021-07-26T02:37:19,44.12757,-86.73421,12.0,196.3,198.0,ARTHUR M ANDERSON,IMO5025691,WDH7563,70,0,233,21,8.0,70,A
366972020,2021-07-26T02:46:39,44.09761,-86.74629,12.0,195.9,197.0,ARTHUR M ANDERSON,IMO5025691,WDH7563,70,0,233,21,8.0,70,A
366972020,2021-07-26T02:47:50,44.09386,-86.74778,12.0,195.7,197.0,ARTHUR M ANDERSON,IMO5025691,WDH7563,70,0,233,21,8.0,70,A
366972020,2021-07-26T02:49:00,44.09012,-86.74927,12.0,195.8,197.0,ARTHUR M ANDERSON,IMO5025691,WDH7563,70,0,233,21,8.0,70,A
366972020,2021-07-26T02:40:50,44.1163,-86.73872,12.0,196.3,198.0,ARTHUR M ANDERSON,IMO5025691,WDH7563,70,0,233,21,8.0,70,A
366972020,2021-07-26T02:04:40,44.23281,-86.6923,12.0,195.8,199.0,ARTHUR M ANDERSON,IMO5025691,WDH7563,70,0,233,21,8.0,70,A
366972020,2021-07-26T02:45:31,44.10131,-86.74482,12.0,195.8,197.0,ARTHUR M ANDERSON,IMO5025691,WDH7563,70,0,233,21,8.0,70,A
366972020,2021-07-26T02:54:39,44.07191,-86.75654,12.0,196.3,198.0,ARTHUR M ANDERSON,IMO5025691,WDH7563,70,0,233,21,8.0,70,A
366972020,2021-07-26T02:55:40,44.06869,-86.75782,12.0,196.2,197.0,ARTHUR M ANDERSON,IMO5025691,WDH7563,70,0,233,21,8.0,70,A
366972020,2021-07-26T02:50:09,44.08643,-86.75073,12.0,195.9,197.0,ARTHUR M ANDERSON,IMO5025691,WDH7563,70,0,233,21,8.0,70,A
366972020,2021-07-26T02:11:39,44.21032,-86.70126,12.0,196.2,199.0,ARTHUR M ANDERSON,IMO5025691,WDH7563,70,0,233,21,8.0,70,A
366972020,2021-07-26T02:51:19,44.08263,-86.75226,12.0,196.1,198.0,ARTHUR M ANDERSON,IMO5025691,WDH7563,70,0,233,21,8.0,70,A
366972020,2021-07-26T02:52:20,44.07941,-86.75354,12.0,195.7,197.0,ARTHUR M ANDERSON,IMO5025691,WDH7563,70,0,233,21,8.0,70,A
366972020,2021-07-26T02:43:10,44.10883,-86.74179,12.0,196.3,198.0,ARTHUR M ANDERSON,IMO5025691,WDH7563,70,0,233,21,8.0,70,A
366972020,2021-07-26T03:02:20,44.04717,-86.76635,12.0,196.0,197.0,ARTHUR M ANDERSON,IMO5025691,WDH7563,70,0,233,21,8.0,70,A
366972020,2021-07-26T03:03:30,44.04341,-86.76784,12.1,196.1,197.0,ARTHUR M ANDERSON,IMO5025691,WDH7563,70,0,233,21,8.0,70,A
366972020,2021-07-26T01:36:10,44.32442,-86.65573,11.9,196.2,199.0,ARTHUR M ANDERSON,IMO5025691,WDH7563,70,0,233,21,8.0,70,A
366972020,2021-07-26T02:15:10,44.19896,-86.70578,12.0,195.8,198.0,ARTHUR M ANDERSON,IMO5025691,WDH7563,70,0,233,21,8.0,70,A
366972020,2021-07-26T02:59:10,44.0574,-86.76229,12.0,195.8,197.0,ARTHUR M ANDERSON,IMO5025691,WDH7563,70,0,233,21,8.0,70,A
366972020,2021-07-26T02:58:00,44.06117,-86.76082,12.0,195.9,197.0,ARTHUR M ANDERSON,IMO5025691,WDH7563,70,0,233,21,8.0,70,A
366972020,2021-07-26T03:00:00,44.05471,-86.76336,12.0,196.1,197.0,ARTHUR M ANDERSON,IMO5025691,WDH7563,70,0,233,21,8.0,70,A
366972020,2021-07-26T02:17:30,44.19137,-86.70883,12.0,196.1,198.0,ARTHUR M ANDERSON,IMO5025691,WDH7563,70,0,233,21,8.0,70,A
366972020,2021-07-26T03:10:29,44.02078,-86.77685,12.1,195.9,197.0,ARTHUR M ANDERSON,IMO5025691,WDH7563,70,0,233,21,8.0,70,A
366972020,2021-07-26T03:12:50,44.01314,-86.77989,12.1,195.8,197.0,ARTHUR M ANDERSON,IMO5025691,WDH7563,70,0,233,21,8.0,70,A
366972020,2021-07-26T03:14:00,44.00934,-86.78141,12.1,196.0,197.0,ARTHUR M ANDERSON,IMO5025691,WDH7563,70,0,233,21,8.0,70,A
366972020,2021-07-26T02:56:49,44.06499,-86.75931,12.0,196.1,197.0,ARTHUR M ANDERSON,IMO5025691,WDH7563,70,0,233,21,8.0,70,A
366972020,2021-07-26T03:08:10,44.02831,-86.7739,12.1,196.0,197.0,ARTHUR M ANDERSON,IMO5025691,WDH7563,70,0,233,21,8.0,70,A
366972020,2021-07-26T02:22:09,44.17642,-86.71479,12.0,195.4,197.0,ARTHUR M ANDERSON,IMO5025691,WDH7563,70,0,233,21,8.0,70,A
366972020,2021-07-26T01:42:59,44.30261,-86.66442,11.9,196.1,199.0,ARTHUR M ANDERSON,IMO5025691,WDH7563,70,0,233,21,8.0,70,A
366972020,2021-07-26T03:01:10,44.05094,-86.76485,12.0,196.1,197.0,ARTHUR M ANDERSON,IMO5025691,WDH7563,70,0,233,21,8.0,70,A
366972020,2021-07-26T01:44:09,44.29888,-86.66596,11.9,196.3,199.0,ARTHUR M ANDERSON,IMO5025691,WDH7563,70,0,233,21,8.0,70,A
366972020,2021-07-26T03:11:40,44.01693,-86.77838,12.1,196.1,197.0,ARTHUR M ANDERSON,IMO5025691,WDH7563,70,0,233,21,8.0,70,A
366972020,2021-07-26T03:18:40,43.99417,-86.78747,12.1,196.1,197.0,ARTHUR M ANDERSON,IMO5025691,WDH7563,70,0,233,21,8.0,70,A
366972020,2021-07-26T03:04:40,44.03964,-86.76934,12.1,195.9,197.0,ARTHUR M ANDERSON,IMO5025691,WDH7563,70,0,233,21,8.0,70,A
366972020,2021-07-26T03:07:00,44.03208,-86.77237,12.1,196.2,197.0,ARTHUR M ANDERSON,IMO5025691,WDH7563,70,0,233,21,8.0,70,A
366972020,2021-07-26T03:24:29,43.97522,-86.79485,12.1,195.8,197.0,ARTHUR M ANDERSON,IMO5025691,WDH7563,70,0,233,21,8.0,70,A
366972020,2021-07-26T02:29:10,44.15381,-86.72378,12.0,195.4,197.0,ARTHUR M ANDERSON,IMO5025691,WDH7563,70,0,233,21,8.0,70,A
366972020,2021-07-26T02:30:21,44.14999,-86.72529,12.0,196.1,198.0,ARTHUR M ANDERSON,IMO5025691,WDH7563,70,0,233,21,8.0,70,A
366972020,2021-07-26T01:46:11,44.29238,-86.66859,11.9,195.8,199.0,ARTHUR M ANDERSON,IMO5025691,WDH7563,70,0,233,21,8.0,70,A
366972020,2021-07-26T03:15:10,44.00554,-86.78294,12.1,196.0,197.0,ARTHUR M ANDERSON,IMO5025691,WDH7563,70,0,233,21,8.0,70,A
366972020,2021-07-26T03:31:30,43.95231,-86.8039,12.1,196.6,198.0,ARTHUR M ANDERSON,IMO5025691,WDH7563,70,0,233,21,8.0,70,A
366972020,2021-07-26T03:21:00,43.98657,-86.79042,12.1,195.5,197.0,ARTHUR M ANDERSON,IMO5025691,WDH7563,70,0,233,21,8.0,70,A
366972020,2021-07-26T03:25:40,43.97138,-86.79642,12.2,196.2,198.0,ARTHUR M ANDERSON,IMO5025691,WDH7563,70,0,233,21,8.0,70,A
366972020,2021-07-26T03:32:39,43.94857,-86.80541,12.1,195.8,197.0,ARTHUR M ANDERSON,IMO5025691,WDH7563,70,0,233,21,8.0,70,A
366972020,2021-07-26T01:48:30,44.28494,-86.67151,12.0,195.9,199.0,ARTHUR M ANDERSON,IMO5025691,WDH7563,70,0,233,21,8.0,70,A
366972020,2021-07-26T01:49:41,44.28115,-86.67303,12.0,196.1,199.0,ARTHUR M ANDERSON,IMO5025691,WDH7563,70,0,233,21,8.0,70,A
366972020,2021-07-26T03:19:49,43.99043,-86.78894,12.1,195.6,197.0,ARTHUR M ANDERSON,IMO5025691,WDH7563,70,0,233,21,8.0,70,A
366972020,2021-07-26T03:28:00,43.96376,-86.79943,12.2,195.7,197.0,ARTHUR M ANDERSON,IMO5025691,WDH7563,70,0,233,21,8.0,70,A
366972020,2021-07-26T03:33:50,43.94471,-86.80695,12.1,196.0,198.0,ARTHUR M ANDERSON,IMO5025691,WDH7563,70,0,233,21,8.0,70,A
366972020,2021-07-26T02:38:30,44.12377,-86.73571,12.0,195.7,197.0,ARTHUR M ANDERSON,IMO5025691,WDH7563,70,0,233,21,8.0,70,A
366972020,2021-07-26T03:23:20,43.97891,-86.7934,12.1,195.5,197.0,ARTHUR M ANDERSON,IMO5025691,WDH7563,70,0,233,21,8.0,70,A
366972020,2021-07-26T03:22:09,43.98282,-86.79188,12.1,195.5,197.0,ARTHUR M ANDERSON,IMO5025691,WDH7563,70,0,233,21,8.0,70,A
366972020,2021-07-26T03:37:09,43.9339,-86.8113,12.1,196.1,197.0,ARTHUR M ANDERSON,IMO5025691,WDH7563,70,0,233,21,8.0,70,A
366972020,2021-07-26T03:26:51,43.96751,-86.79796,12.2,196.2,198.0,ARTHUR M ANDERSON,IMO5025691,WDH7563,70,0,233,21,8.0,70,A
366972020,2021-07-26T02:41:59,44.11262,-86.74023,12.0,196.3,198.0,ARTHUR M ANDERSON,IMO5025691,WDH7563,70,0,233,21,8.0,70,A
366972020,2021-07-26T03:39:20,43.92688,-86.81407,12.0,195.9,197.0,ARTHUR M ANDERSON,IMO5025691,WDH7563,70,0,233,21,8.0,70,A
366972020,2021-07-26T01:58:50,44.25161,-86.68477,12.1,196.1,199.0,ARTHUR M ANDERSON,IMO5025691,WDH7563,70,0,233,21,8.0,70,A
366972020,2021-07-26T03:47:30,43.90047,-86.82465,12.1,196.3,197.0,ARTHUR M ANDERSON,IMO5025691,WDH7563,70,0,233,21,8.0,70,A
366972020,2021-07-26T02:44:21,44.10504,-86.74332,12.0,196.4,198.0,ARTHUR M ANDERSON,IMO5025691,WDH7563,70,0,233,21,8.0,70,A
366972020,2021-07-26T03:35:00,43.94093,-86.80846,12.1,196.2,198.0,ARTHUR M ANDERSON,IMO5025691,WDH7563,70,0,233,21,8.0,70,A
366972020,2021-07-26T03:36:01,43.93763,-86.80979,12.1,196.4,198.0,ARTHUR M ANDERSON,IMO5025691,WDH7563,70,0,233,21,8.0,70,A
366972020,2021-07-26T02:01:09,44.24413,-86.68773,12.0,196.1,199.0,ARTHUR M ANDERSON,IMO5025691,WDH7563,70,0,233,21,8.0,70,A
366972020,2021-07-26T03:45:10,43.90802,-86.82156,12.1,196.4,198.0,ARTHUR M ANDERSON,IMO5025691,WDH7563,70,0,233,21,8.0,70,A
366972020,2021-07-26T03:53:20,43.88144,-86.83202,12.2,195.7,197.0,ARTHUR M ANDERSON,IMO5025691,WDH7563,70,0,233,21,8.0,70,A
366972020,2021-07-26T03:49:49,43.89292,-86.82757,12.1,195.4,197.0,ARTHUR M ANDERSON,IMO5025691,WDH7563,70,0,233,21,8.0,70,A
366972020,2021-07-26T03:55:40,43.87381,-86.83503,12.2,196.1,197.0,ARTHUR M ANDERSON,IMO5025691,WDH7563,70,0,233,21,8.0,70,A
366972020,2021-07-26T03:42:49,43.9156,-86.81848,12.1,195.9,197.0,ARTHUR M ANDERSON,IMO5025691,WDH7563,70,0,233,21,8.0,70,A
366972020,2021-07-26T03:59:10,43.8624,-86.83958,12.1,196.2,197.0,ARTHUR M ANDERSON,IMO5025691,WDH7563,70,0,233,21,8.0,70,A
366972020,2021-07-26T04:01:10,43.85589,-86.84214,12.2,195.8,197.0,ARTHUR M ANDERSON,IMO5025691,WDH7563,70,0,233,21,8.0,70,A
366972020,2021-07-26T04:09:10,43.82974,-86.85249,12.2,195.8,197.0,ARTHUR M ANDERSON,IMO5025691,WDH7563,70,0,233,21,8.0,70,A
366972020,2021-07-26T04:10:19,43.82597,-86.85398,12.2,195.6,197.0,ARTHUR M ANDERSON,IMO5025691,WDH7563,70,0,233,21,8.0,70,A
366972020,2021-07-26T02:09:20,44.21772,-86.69828,12.0,196.2,199.0,ARTHUR M ANDERSON,IMO5025691,WDH7563,70,0,233,21,8.0,70,A
366972020,2021-07-26T04:04:29,43.84506,-86.84644,12.2,195.9,197.0,ARTHUR M ANDERSON,IMO5025691,WDH7563,70,0,233,21,8.0,70,A
366972020,2021-07-26T04:13:40,43.81499,-86.85819,12.2,195.6,197.0,ARTHUR M ANDERSON,IMO5025691,WDH7563,70,0,233,21,8.0,70,A
366972020,2021-07-26T03:05:50,44.03586,-86.77085,12.1,195.9,197.0,ARTHUR M ANDERSON,IMO5025691,WDH7563,70,0,233,21,8.0,70,A
366972020,2021-07-26T03:56:50,43.87001,-86.83655,12.2,196.2,197.0,ARTHUR M ANDERSON,IMO5025691,WDH7563,70,0,233,21,8.0,70,A
366972020,2021-07-26T03:58:00,43.86621,-86.83806,12.2,196.1,197.0,ARTHUR M ANDERSON,IMO5025691,WDH7563,70,0,233,21,8.0,70,A
366972020,2021-07-26T04:03:20,43.84882,-86.84493,12.2,195.6,197.0,ARTHUR M ANDERSON,IMO5025691,WDH7563,70,0,233,21,8.0,70,A
366972020,2021-07-26T03:09:21,44.02447,-86.7754,12.1,195.7,197.0,ARTHUR M ANDERSON,IMO5025691,WDH7563,70,0,233,21,8.0,70,A
366972020,2021-07-26T04:15:59,43.80741,-86.86124,12.2,196.2,198.0,ARTHUR M ANDERSON,IMO5025691,WDH7563,70,0,233,21,8.0,70,A
366972020,2021-07-26T04:19:19,43.79653,-86.86558,12.2,195.8,197.0,ARTHUR M ANDERSON,IMO5025691,WDH7563,70,0,233,21,8.0,70,A
366972020,2021-07-26T04:02:19,43.85208,-86.84367,12.2,195.8,197.0,ARTHUR M ANDERSON,IMO5025691,WDH7563,70,0,233,21,8.0,70,A
366972020,2021-07-26T04:05:40,43.84119,-86.84797,12.2,195.7,197.0,ARTHUR M ANDERSON,IMO5025691,WDH7563,70,0,233,21,8.0,70,A
366972020,2021-07-26T04:07:59,43.83361,-86.85096,12.2,195.8,197.0,ARTHUR M ANDERSON,IMO5025691,WDH7563,70,0,233,21,8.0,70,A
366972020,2021-07-26T04:06:50,43.83737,-86.84946,12.2,196.0,197.0,ARTHUR M ANDERSON,IMO5025691,WDH7563,70,0,233,21,8.0,70,A
366972020,2021-07-26T03:17:30,43.99796,-86.78595,12.1,195.8,197.0,ARTHUR M ANDERSON,IMO5025691,WDH7563,70,0,233,21,8.0,70,A
366972020,2021-07-26T04:24:00,43.78129,-86.87161,12.1,196.4,198.0,ARTHUR M ANDERSON,IMO5025691,WDH7563,70,0,233,21,8.0,70,A
366972020,2021-07-26T04:12:39,43.81827,-86.85695,12.2,195.2,197.0,ARTHUR M ANDERSON,IMO5025691,WDH7563,70,0,233,21,8.0,70,A
366972020,2021-07-26T04:25:10,43.7775,-86.87312,12.1,196.0,197.0,ARTHUR M ANDERSON,IMO5025691,WDH7563,70,0,233,21,8.0,70,A
366972020,2021-07-26T04:14:50,43.81117,-86.85972,12.2,196.2,198.0,ARTHUR M ANDERSON,IMO5025691,WDH7563,70,0,233,21,8.0,70,A
366972020,2021-07-26T04:28:41,43.7661,-86.87763,12.1,196.4,198.0,ARTHUR M ANDERSON,IMO5025691,WDH7563,70,0,233,21,8.0,70,A
366972020,2021-07-26T04:17:00,43.80409,-86.86258,12.2,195.9,198.0,ARTHUR M ANDERSON,IMO5025691,WDH7563,70,0,233,21,8.0,70,A
366972020,2021-07-26T04:27:29,43.76997,-86.87607,12.1,195.7,197.0,ARTHUR M ANDERSON,IMO5025691,WDH7563,70,0,233,21,8.0,70,A
366972020,2021-07-26T04:21:39,43.78892,-86.86856,12.1,196.2,198.0,ARTHUR M ANDERSON,IMO5025691,WDH7563,70,0,233,21,8.0,70,A
366972020,2021-07-26T04:34:30,43.74718,-86.8851,12.2,195.7,197.0,ARTHUR M ANDERSON,IMO5025691,WDH7563,70,0,233,21,8.0,70,A
366972020,2021-07-26T02:23:20,44.17261,-86.7163,12.0,196.0,198.0,ARTHUR M ANDERSON,IMO5025691,WDH7563,70,0,233,21,8.0,70,A
366972020,2021-07-26T04:26:19,43.77377,-86.87459,12.1,195.6,197.0,ARTHUR M ANDERSON,IMO5025691,WDH7563,70,0,233,21,8.0,70,A
366972020,2021-07-26T03:30:20,43.95612,-86.80238,12.2,195.6,197.0,ARTHUR M ANDERSON,IMO5025691,WDH7563,70,0,233,21,8.0,70,A
366972020,2021-07-26T04:29:49,43.76241,-86.87909,12.1,196.0,197.0,ARTHUR M ANDERSON,IMO5025691,WDH7563,70,0,233,21,8.0,70,A
366972020,2021-07-26T04:31:00,43.75856,-86.8806,12.1,195.6,197.0,ARTHUR M ANDERSON,IMO5025691,WDH7563,70,0,233,21,8.0,70,A
366972020,2021-07-26T04:32:09,43.75482,-86.88206,12.1,196.0,197.0,ARTHUR M ANDERSON,IMO5025691,WDH7563,70,0,233,21,8.0,70,A
366972020,2021-07-26T04:38:00,43.73576,-86.88954,12.1,195.9,197.0,ARTHUR M ANDERSON,IMO5025691,WDH7563,70,0,233,21,8.0,70,A
366972020,2021-07-26T04:41:30,43.72438,-86.89409,12.1,195.7,197.0,ARTHUR M ANDERSON,IMO5025691,WDH7563,70,0,233,21,8.0,70,A
366972020,2021-07-26T04:39:10,43.73197,-86.89105,12.1,196.4,198.0,ARTHUR M ANDERSON,IMO5025691,WDH7563,70,0,233,21,8.0,70,A
366972020,2021-07-26T04:46:10,43.7092,-86.90013,12.1,195.9,197.0,ARTHUR M ANDERSON,IMO5025691,WDH7563,70,0,233,21,8.0,70,A
366972020,2021-07-26T04:48:30,43.7017,-86.90312,12.1,195.9,197.0,ARTHUR M ANDERSON,IMO5025691,WDH7563,70,0,233,21,8.0,70,A
366972020,2021-07-26T04:52:00,43.69035,-86.90753,12.0,195.7,197.0,ARTHUR M ANDERSON,IMO5025691,WDH7563,70,0,233,21,8.0,70,A
366972020,2021-07-26T04:33:21,43.75092,-86.88361,12.1,196.1,197.0,ARTHUR M ANDERSON,IMO5025691,WDH7563,70,0,233,21,8.0,70,A
366972020,2021-07-26T03:44:00,43.91177,-86.82001,12.1,196.3,198.0,ARTHUR M ANDERSON,IMO5025691,WDH7563,70,0,233,21,8.0,70,A
366972020,2021-07-26T04:54:10,43.68332,-86.91033,12.0,196.1,197.0,ARTHUR M ANDERSON,IMO5025691,WDH7563,70,0,233,21,8.0,70,A
366972020,2021-07-26T04:56:20,43.67641,-86.91303,12.0,195.5,197.0,ARTHUR M ANDERSON,IMO5025691,WDH7563,70,0,233,21,8.0,70,A
366972020,2021-07-26T04:57:30,43.67263,-86.91446,12.0,195.8,197.0,ARTHUR M ANDERSON,IMO5025691,WDH7563,70,0,233,21,8.0,70,A
366972020,2021-07-26T04:59:49,43.66515,-86.9174,12.0,195.8,197.0,ARTHUR M ANDERSON,IMO5025691,WDH7563,70,0,233,21,8.0,70,A
366972020,2021-07-26T04:53:09,43.68664,-86.90899,12.0,196.3,197.0,ARTHUR M ANDERSON,IMO5025691,WDH7563,70,0,233,21,8.0,70,A
366972020,2021-07-26T05:02:20,43.65702,-86.92062,12.1,196.3,197.0,ARTHUR M ANDERSON,IMO5025691,WDH7563,70,0,233,21,8.0,70,A
366972020,2021-07-26T05:01:10,43.66078,-86.91911,12.1,196.1,197.0,ARTHUR M ANDERSON,IMO5025691,WDH7563,70,0,233,21,8.0,70,A
366972020,2021-07-26T03:48:39,43.89666,-86.82613,12.1,195.2,196.0,ARTHUR M ANDERSON,IMO5025691,WDH7563,70,0,233,21,8.0,70,A
366972020,2021-07-26T02:53:30,44.07561,-86.75505,12.0,196.1,197.0,ARTHUR M ANDERSON,IMO5025691,WDH7563,70,0,233,21,8.0,70,A
366972020,2021-07-26T05:04:40,43.64947,-86.92365,12.1,196.3,197.0,ARTHUR M ANDERSON,IMO5025691,WDH7563,70,0,233,21,8.0,70,A
366972020,2021-07-26T05:05:50,43.64569,-86.92515,12.1,195.5,196.0,ARTHUR M ANDERSON,IMO5025691,WDH7563,70,0,233,21,8.0,70,A
366972020,2021-07-26T05:08:09,43.63813,-86.9281,12.1,195.8,197.0,ARTHUR M ANDERSON,IMO5025691,WDH7563,70,0,233,21,8.0,70,A
366972020,2021-07-26T03:52:10,43.88525,-86.83054,12.2,195.8,197.0,ARTHUR M ANDERSON,IMO5025691,WDH7563,70,0,233,21,8.0,70,A
366972020,2021-07-26T04:44:59,43.71309,-86.8986,12.1,196.0,197.0,ARTHUR M ANDERSON,IMO5025691,WDH7563,70,0,233,21,8.0,70,A
366972020,2021-07-26T04:58:40,43.66886,-86.91593,12.0,195.7,197.0,ARTHUR M ANDERSON,IMO5025691,WDH7563,70,0,233,21,8.0,70,A
366972020,2021-07-26T03:54:31,43.87757,-86.83353,12.2,196.2,197.0,ARTHUR M ANDERSON,IMO5025691,WDH7563,70,0,233,21,8.0,70,A
366972020,2021-07-26T05:18:10,43.60586,-86.94094,12.0,196.1,197.0,ARTHUR M ANDERSON,IMO5025691,WDH7563,70,0,233,21,8.0,70,A
366972020,2021-07-26T05:16:00,43.61277,-86.93815,12.0,195.6,196.0,ARTHUR M ANDERSON,IMO5025691,WDH7563,70,0,233,21,8.0,70,A
366972020,2021-07-26T05:17:01,43.60955,-86.93943,12.1,196.2,197.0,ARTHUR M ANDERSON,IMO5025691,WDH7563,70,0,233,21,8.0,70,A
366972020,2021-07-26T05:13:39,43.62043,-86.93513,12.0,195.9,197.0,ARTHUR M ANDERSON,IMO5025691,WDH7563,70,0,233,21,8.0,70,A
366972020,2021-07-26T05:25:10,43.58321,-86.94974,12.0,196.2,197.0,ARTHUR M ANDERSON,IMO5025691,WDH7563,70,0,233,21,8.0,70,A
366972020,2021-07-26T04:00:00,43.85968,-86.84065,12.1,195.8,197.0,ARTHUR M ANDERSON,IMO5025691,WDH7563,70,0,233,21,8.0,70,A
366972020,2021-07-26T05:09:19,43.63441,-86.92955,12.1,196.1,197.0,ARTHUR M ANDERSON,IMO5025691,WDH7563,70,0,233,21,8.0,70,A
366972020,2021-07-26T05:10:29,43.63064,-86.93106,12.0,196.4,197.0,ARTHUR M ANDERSON,IMO5025691,WDH7563,70,0,233,21,8.0,70,A
366972020,2021-07-26T05:11:30,43.62732,-86.93241,12.0,196.1,197.0,ARTHUR M ANDERSON,IMO5025691,WDH7563,70,0,233,21,8.0,70,A
366972020,2021-07-26T05:31:51,43.56168,-86.95835,12.0,196.1,197.0,ARTHUR M ANDERSON,IMO5025691,WDH7563,70,0,233,21,8.0,70,A
366972020,2021-07-26T05:27:21,43.57618,-86.95264,12.0,195.9,197.0,ARTHUR M ANDERSON,IMO5025691,WDH7563,70,0,233,21,8.0,70,A
366972020,2021-07-26T05:28:29,43.57255,-86.95407,12.0,195.5,196.0,ARTHUR M ANDERSON,IMO5025691,WDH7563,70,0,233,21,8.0,70,A
366972020,2021-07-26T05:03:30,43.65325,-86.92215,12.1,196.1,197.0,ARTHUR M ANDERSON,IMO5025691,WDH7563,70,0,233,21,8.0,70,A
366972020,2021-07-26T05:29:41,43.56866,-86.95556,12.0,195.9,197.0,ARTHUR M ANDERSON,IMO5025691,WDH7563,70,0,233,21,8.0,70,A
366972020,2021-07-26T05:30:49,43.56495,-86.95705,12.0,196.0,197.0,ARTHUR M ANDERSON,IMO5025691,WDH7563,70,0,233,21,8.0,70,A
366972020,2021-07-26T05:33:00,43.55798,-86.95982,12.0,196.2,197.0,ARTHUR M ANDERSON,IMO5025691,WDH7563,70,0,233,21,8.0,70,A
366972020,2021-07-26T05:26:11,43.57993,-86.95109,12.0,196.9,198.0,ARTHUR M ANDERSON,IMO5025691,WDH7563,70,0,233,21,8.0,70,A
366972020,2021-07-26T05:35:20,43.55043,-86.96273,12.0,195.4,196.0,ARTHUR M ANDERSON,IMO5025691,WDH7563,70,0,233,21,8.0,70,A
366972020,2021-07-26T05:12:31,43.62409,-86.9337,12.0,195.9,197.0,ARTHUR M ANDERSON,IMO5025691,WDH7563,70,0,233,21,8.0,70,A
366972020,2021-07-26T05:46:59,43.51286,-86.97758,12.1,196.0,196.0,ARTHUR M ANDERSON,IMO5025691,WDH7563,70,0,233,21,8.0,70,A
366972020,2021-07-26T05:44:39,43.52036,-86.97464,12.1,195.7,196.0,ARTHUR M ANDERSON,IMO5025691,WDH7563,70,0,233,21,8.0,70,A
366972020,2021-07-26T04:18:10,43.80028,-86.8641,12.2,196.2,198.0,ARTHUR M ANDERSON,IMO5025691,WDH7563,70,0,233,21,8.0,70,A
366972020,2021-07-26T05:45:50,43.51659,-86.97612,12.1,195.6,196.0,ARTHUR M ANDERSON,IMO5025691,WDH7563,70,0,233,21,8.0,70,A
366972020,2021-07-26T05:14:51,43.61655,-86.93666,12.0,196.2,197.0,ARTHUR M ANDERSON,IMO5025691,WDH7563,70,0,233,21,8.0,70,A
366972020,2021-07-26T03:16:21,44.00169,-86.78447,12.1,195.7,197.0,ARTHUR M ANDERSON,IMO5025691,WDH7563,70,0,233,21,8.0,70,A
366972020,2021-07-26T05:48:09,43.50908,-86.97906,12.1,196.0,196.0,ARTHUR M ANDERSON,IMO5025691,WDH7563,70,0,233,21,8.0,70,A
366972020,2021-07-26T05:49:19,43.50529,-86.98054,12.1,195.9,196.0,ARTHUR M ANDERSON,IMO5025691,WDH7563,70,0,233,21,8.0,70,A
366972020,2021-07-26T05:20:20,43.59886,-86.94369,12.0,195.7,196.0,ARTHUR M ANDERSON,IMO5025691,WDH7563,70,0,233,21,8.0,70,A
366972020,2021-07-26T05:38:49,43.5392,-86.96712,12.0,196.5,197.0,ARTHUR M ANDERSON,IMO5025691,WDH7563,70,0,233,21,8.0,70,A
366972020,2021-07-26T05:56:19,43.48252,-86.9895,12.2,196.4,197.0,ARTHUR M ANDERSON,IMO5025691,WDH7563,70,0,233,21,8.0,70,A
366972020,2021-07-26T05:24:00,43.58698,-86.94828,12.1,195.5,196.0,ARTHUR M ANDERSON,IMO5025691,WDH7563,70,0,233,21,8.0,70,A
366972020,2021-07-26T05:57:30,43.47866,-86.99103,12.1,196.1,197.0,ARTHUR M ANDERSON,IMO5025691,WDH7563,70,0,233,21,8.0,70,A
366972020,2021-07-26T05:41:10,43.53165,-86.97017,12.0,196.4,197.0,ARTHUR M ANDERSON,IMO5025691,WDH7563,70,0,233,21,8.0,70,A
366972020,2021-07-26T05:55:10,43.48626,-86.988,12.1,196.2,197.0,ARTHUR M ANDERSON,IMO5025691,WDH7563,70,0,233,21,8.0,70,A
366972020,2021-07-26T06:01:09,43.46672,-86.99571,12.1,195.8,197.0,ARTHUR M ANDERSON,IMO5025691,WDH7563,70,0,233,21,8.0,70,A
366972020,2021-07-26T05:59:59,43.47058,-86.99422,12.1,195.8,196.0,ARTHUR M ANDERSON,IMO5025691,WDH7563,70,0,233,21,8.0,70,A
366972020,2021-07-26T06:04:30,43.45591,-87.00004,12.1,195.9,197.0,ARTHUR M ANDERSON,IMO5025691,WDH7563,70,0,233,21,8.0,70,A
366972020,2021-07-26T05:59:50,43.47107,-86.99403,12.1,195.6,196.0,ARTHUR M ANDERSON,IMO5025691,WDH7563,70,0,233,21,8.0,70,A
366972020,2021-07-26T06:11:21,43.43361,-87.0087,12.1,196.1,197.0,ARTHUR M ANDERSON,IMO5025691,WDH7563,70,0,233,21,8.0,70,A
366972020,2021-07-26T06:06:50,43.44831,-87.00302,12.1,196.0,197.0,ARTHUR M ANDERSON,IMO5025691,WDH7563,70,0,233,21,8.0,70,A
366972020,2021-07-26T04:36:49,43.73962,-86.88802,12.2,195.8,197.0,ARTHUR M ANDERSON,IMO5025691,WDH7563,70,0,233,21,8.0,70,A
366972020,2021-07-26T06:09:09,43.44072,-87.00596,12.1,195.7,196.0,ARTHUR M ANDERSON,IMO5025691,WDH7563,70,0,233,21,8.0,70,A
366972020,2021-07-26T06:05:39,43.45211,-87.00154,12.1,195.6,196.0,ARTHUR M ANDERSON,IMO5025691,WDH7563,70,0,233,21,8.0,70,A
366972020,2021-07-26T04:40:19,43.72823,-86.89256,12.1,196.0,197.0,ARTHUR M ANDERSON,IMO5025691,WDH7563,70,0,233,21,8.0,70,A
366972020,2021-07-26T06:12:29,43.42992,-87.01017,12.1,196.1,197.0,ARTHUR M ANDERSON,IMO5025691,WDH7563,70,0,233,21,8.0,70,A
366972020,2021-07-26T03:29:09,43.95999,-86.8009,12.2,195.7,197.0,ARTHUR M ANDERSON,IMO5025691,WDH7563,70,0,233,21,8.0,70,A
366972020,2021-07-26T06:13:40,43.42607,-87.01168,12.1,195.5,196.0,ARTHUR M ANDERSON,IMO5025691,WDH7563,70,0,233,21,8.0,70,A
366972020,2021-07-26T06:14:51,43.4222,-87.01316,12.1,195.8,196.0,ARTHUR M ANDERSON,IMO5025691,WDH7563,70,0,233,21,8.0,70,A
366972020,2021-07-26T06:02:10,43.46346,-86.99699,12.1,196.2,197.0,ARTHUR M ANDERSON,IMO5025691,WDH7563,70,0,233,21,8.0,70,A
366972020,2021-07-26T06:03:19,43.45974,-86.99849,12.1,196.1,197.0,ARTHUR M ANDERSON,IMO5025691,WDH7563,70,0,233,21,8.0,70,A
366972020,2021-07-26T06:17:09,43.41475,-87.01615,12.1,195.9,196.0,ARTHUR M ANDERSON,IMO5025691,WDH7563,70,0,233,21,8.0,70,A
366972020,2021-07-26T06:19:20,43.40765,-87.0189,12.1,195.6,196.0,ARTHUR M ANDERSON,IMO5025691,WDH7563,70,0,233,21,8.0,70,A
366972020,2021-07-26T06:18:10,43.41144,-87.01743,12.1,195.5,196.0,ARTHUR M ANDERSON,IMO5025691,WDH7563,70,0,233,21,8.0,70,A
366972020,2021-07-26T06:20:29,43.40394,-87.02035,12.1,196.3,197.0,ARTHUR M ANDERSON,IMO5025691,WDH7563,70,0,233,21,8.0,70,A
366972020,2021-07-26T05:51:41,43.49761,-86.98356,12.1,196.2,197.0,ARTHUR M ANDERSON,IMO5025691,WDH7563,70,0,233,21,8.0,70,A
366972020,2021-07-26T05:53:59,43.49011,-86.9865,12.1,195.5,196.0,ARTHUR M ANDERSON,IMO5025691,WDH7563,70,0,233,21,8.0,70,A
366972020,2021-07-26T04:49:40,43.69791,-86.90458,12.1,195.6,197.0,ARTHUR M ANDERSON,IMO5025691,WDH7563,70,0,233,21,8.0,70,A
366972020,2021-07-26T06:10:10,43.43747,-87.00721,12.1,195.7,196.0,ARTHUR M ANDERSON,IMO5025691,WDH7563,70,0,233,21,8.0,70,A
366972020,2021-07-26T03:38:10,43.93066,-86.81258,12.1,195.8,197.0,ARTHUR M ANDERSON,IMO5025691,WDH7563,70,0,233,21,8.0,70,A
366972020,2021-07-26T06:26:29,43.38454,-87.028,12.0,196.0,196.0,ARTHUR M ANDERSON,IMO5025691,WDH7563,70,0,233,21,8.0,70,A
366972020,2021-07-26T05:58:40,43.47487,-86.99254,12.1,196.2,197.0,ARTHUR M ANDERSON,IMO5025691,WDH7563,70,0,233,21,8.0,70,A
366972020,2021-07-26T06:25:20,43.38825,-87.02653,12.0,195.8,196.0,ARTHUR M ANDERSON,IMO5025691,WDH7563,70,0,233,21,8.0,70,A
366972020,2021-07-26T04:50:49,43.69418,-86.90603,12.1,195.3,197.0,ARTHUR M ANDERSON,IMO5025691,WDH7563,70,0,233,21,8.0,70,A
366972020,2021-07-26T06:35:50,43.35428,-87.0399,12.1,197.0,197.0,ARTHUR M ANDERSON,IMO5025691,WDH7563,70,0,233,21,8.0,70,A
366972020,2021-07-26T03:40:30,43.92311,-86.81553,12.0,195.8,197.0,ARTHUR M ANDERSON,IMO5025691,WDH7563,70,0,233,21,8.0,70,A
366972020,2021-07-26T06:28:49,43.37696,-87.03103,12.1,196.2,196.0,ARTHUR M ANDERSON,IMO5025691,WDH7563,70,0,233,21,8.0,70,A
366972020,2021-07-26T06:31:10,43.36942,-87.03399,12.1,196.3,197.0,ARTHUR M ANDERSON,IMO5025691,WDH7563,70,0,233,21,8.0,70,A
366972020,2021-07-26T06:32:19,43.3657,-87.03544,12.1,195.5,196.0,ARTHUR M ANDERSON,IMO5025691,WDH7563,70,0,233,21,8.0,70,A
366972020,2021-07-26T03:41:40,43.91933,-86.817,12.1,195.7,197.0,ARTHUR M ANDERSON,IMO5025691,WDH7563,70,0,233,21,8.0,70,A
366972020,2021-07-26T06:40:31,43.33911,-87.04583,12.1,195.9,196.0,ARTHUR M ANDERSON,IMO5025691,WDH7563,70,0,233,21,8.0,70,A
366972020,2021-07-26T06:33:29,43.36189,-87.03687,12.1,195.3,195.0,ARTHUR M ANDERSON,IMO5025691,WDH7563,70,0,233,21,8.0,70,A
366972020,2021-07-26T06:34:40,43.35801,-87.03837,12.1,196.4,197.0,ARTHUR M ANDERSON,IMO5025691,WDH7563,70,0,233,21,8.0,70,A
366972020,2021-07-26T06:21:49,43.39962,-87.02207,12.1,196.0,197.0,ARTHUR M ANDERSON,IMO5025691,WDH7563,70,0,233,21,8.0,70,A
366972020,2021-07-26T06:22:59,43.39585,-87.02355,12.1,195.6,196.0,ARTHUR M ANDERSON,IMO5025691,WDH7563,70,0,233,21,8.0,70,A
366972020,2021-07-26T06:37:00,43.35052,-87.0414,12.1,195.5,195.0,ARTHUR M ANDERSON,IMO5025691,WDH7563,70,0,233,21,8.0,70,A
366972020,2021-07-26T06:24:10,43.39202,-87.02505,12.1,195.8,196.0,ARTHUR M ANDERSON,IMO5025691,WDH7563,70,0,233,21,8.0,70,A
366972020,2021-07-26T06:39:19,43.343,-87.04432,12.1,195.9,196.0,ARTHUR M ANDERSON,IMO5025691,WDH7563,70,0,233,21,8.0,70,A
366972020,2021-07-26T06:38:10,43.34674,-87.04286,12.1,195.7,196.0,ARTHUR M ANDERSON,IMO5025691,WDH7563,70,0,233,21,8.0,70,A
366972020,2021-07-26T04:59:59,43.66456,-86.91763,12.1,196.1,197.0,ARTHUR M ANDERSON,IMO5025691,WDH7563,70,0,233,21,8.0,70,A
366972020,2021-07-26T03:46:19,43.90431,-86.8231,12.1,196.6,198.0,ARTHUR M ANDERSON,IMO5025691,WDH7563,70,0,233,21,8.0,70,A
366972020,2021-07-26T03:51:00,43.88907,-86.82906,12.1,195.5,197.0,ARTHUR M ANDERSON,IMO5025691,WDH7563,70,0,233,21,8.0,70,A
366972020,2021-07-26T06:16:00,43.41848,-87.01466,12.1,196.7,197.0,ARTHUR M ANDERSON,IMO5025691,WDH7563,70,0,233,21,8.0,70,A
366972020,2021-07-26T06:53:09,43.29806,-87.06199,12.2,195.5,196.0,ARTHUR M ANDERSON,IMO5025691,WDH7563,70,0,233,21,8.0,70,A
366972020,2021-07-26T07:01:10,43.27187,-87.07221,12.2,195.6,196.0,ARTHUR M ANDERSON,IMO5025691,WDH7563,70,0,233,21,8.0,70,A
366972020,2021-07-26T07:03:31,43.26415,-87.07521,12.2,195.9,197.0,ARTHUR M ANDERSON,IMO5025691,WDH7563,70,0,233,21,8.0,70,A
366972020,2021-07-26T06:43:59,43.32787,-87.05026,12.1,196.3,196.0,ARTHUR M ANDERSON,IMO5025691,WDH7563,70,0,233,21,8.0,70,A
366972020,2021-07-26T07:05:50,43.25655,-87.07824,12.2,196.1,197.0,ARTHUR M ANDERSON,IMO5025691,WDH7563,70,0,233,21,8.0,70,A
366972020,2021-07-26T06:49:40,43.30939,-87.05745,12.1,196.6,197.0,ARTHUR M ANDERSON,IMO5025691,WDH7563,70,0,233,21,8.0,70,A
366972020,2021-07-26T07:06:59,43.25278,-87.07971,12.2,195.8,197.0,ARTHUR M ANDERSON,IMO5025691,WDH7563,70,0,233,21,8.0,70,A
366972020,2021-07-26T06:54:10,43.29474,-87.06327,12.1,195.4,196.0,ARTHUR M ANDERSON,IMO5025691,WDH7563,70,0,233,21,8.0,70,A
366972020,2021-07-26T07:09:19,43.24514,-87.08282,12.2,196.3,197.0,ARTHUR M ANDERSON,IMO5025691,WDH7563,70,0,233,21,8.0,70,A
366972020,2021-07-26T04:11:29,43.82215,-86.85547,12.2,195.3,196.0,ARTHUR M ANDERSON,IMO5025691,WDH7563,70,0,233,21,8.0,70,A
366972020,2021-07-26T07:14:50,43.22704,-87.08986,12.2,195.7,197.0,ARTHUR M ANDERSON,IMO5025691,WDH7563,70,0,233,21,8.0,70,A
366972020,2021-07-26T07:18:20,43.21556,-87.09428,12.2,195.7,197.0,ARTHUR M ANDERSON,IMO5025691,WDH7563,70,0,233,21,8.0,70,A
366972020,2021-07-26T07:11:31,43.23793,-87.08565,12.2,196.0,197.0,ARTHUR M ANDERSON,IMO5025691,WDH7563,70,0,233,21,8.0,70,A
366972020,2021-07-26T07:13:49,43.23032,-87.08858,12.2,195.9,197.0,ARTHUR M ANDERSON,IMO5025691,WDH7563,70,0,233,21,8.0,70,A
366972020,2021-07-26T05:21:40,43.59454,-86.94538,12.1,195.6,196.0,ARTHUR M ANDERSON,IMO5025691,WDH7563,70,0,233,21,8.0,70,A
366972020,2021-07-26T07:12:40,43.23415,-87.08711,12.2,195.5,196.0,ARTHUR M ANDERSON,IMO5025691,WDH7563,70,0,233,21,8.0,70,A
366972020,2021-07-26T06:42:49,43.33165,-87.04875,12.1,196.3,197.0,ARTHUR M ANDERSON,IMO5025691,WDH7563,70,0,233,21,8.0,70,A
366972020,2021-07-26T07:15:59,43.22326,-87.09131,12.2,195.7,196.0,ARTHUR M ANDERSON,IMO5025691,WDH7563,70,0,233,21,8.0,70,A
366972020,2021-07-26T04:20:30,43.79266,-86.86708,12.2,195.9,197.0,ARTHUR M ANDERSON,IMO5025691,WDH7563,70,0,233,21,8.0,70,A
366972020,2021-07-26T06:47:30,43.31645,-87.05468,12.1,195.5,196.0,ARTHUR M ANDERSON,IMO5025691,WDH7563,70,0,233,21,8.0,70,A
366972020,2021-07-26T07:20:39,43.20795,-87.09721,12.2,196.0,197.0,ARTHUR M ANDERSON,IMO5025691,WDH7563,70,0,233,21,8.0,70,A
366972020,2021-07-26T04:22:50,43.78507,-86.87009,12.1,196.1,197.0,ARTHUR M ANDERSON,IMO5025691,WDH7563,70,0,233,21,8.0,70,A
366972020,2021-07-26T07:24:09,43.19652,-87.10176,12.2,195.5,197.0,ARTHUR M ANDERSON,IMO5025691,WDH7563,70,0,233,21,8.0,70,A
366972020,2021-07-26T07:31:00,43.17412,-87.11053,12.2,195.7,197.0,ARTHUR M ANDERSON,IMO5025691,WDH7563,70,0,233,21,8.0,70,A
366972020,2021-07-26T07:29:59,43.17739,-87.10927,12.2,195.9,197.0,ARTHUR M ANDERSON,IMO5025691,WDH7563,70,0,233,21,8.0,70,A
366972020,2021-07-26T07:28:50,43.1812,-87.10774,12.2,196.4,198.0,ARTHUR M ANDERSON,IMO5025691,WDH7563,70,0,233,21,8.0,70,A
366972020,2021-07-26T05:34:09,43.5542,-86.96129,12.0,195.6,196.0,ARTHUR M ANDERSON,IMO5025691,WDH7563,70,0,233,21,8.0,70,A
366972020,2021-07-26T07:32:09,43.17037,-87.112,12.2,195.9,197.0,ARTHUR M ANDERSON,IMO5025691,WDH7563,70,0,233,21,8.0,70,A
366972020,2021-07-26T07:00:00,43.27564,-87.07076,12.2,195.7,196.0,ARTHUR M ANDERSON,IMO5025691,WDH7563,70,0,233,21,8.0,70,A
366972020,2021-07-26T05:36:30,43.54667,-86.96417,12.0,195.8,197.0,ARTHUR M ANDERSON,IMO5025691,WDH7563,70,0,233,21,8.0,70,A
366972020,2021-07-26T07:36:40,43.15567,-87.11777,12.1,195.9,197.0,ARTHUR M ANDERSON,IMO5025691,WDH7563,70,0,233,21,8.0,70,A
366972020,2021-07-26T07:17:10,43.21939,-87.09281,12.2,196.0,197.0,ARTHUR M ANDERSON,IMO5025691,WDH7563,70,0,233,21,8.0,70,A
366972020,2021-07-26T07:33:10,43.16706,-87.11331,12.1,196.1,198.0,ARTHUR M ANDERSON,IMO5025691,WDH7563,70,0,233,21,8.0,70,A
366972020,2021-07-26T05:37:39,43.54296,-86.96561,12.0,195.7,197.0,ARTHUR M ANDERSON,IMO5025691,WDH7563,70,0,233,21,8.0,70,A
366972020,2021-07-26T07:34:20,43.16327,-87.11482,12.1,196.3,198.0,ARTHUR M ANDERSON,IMO5025691,WDH7563,70,0,233,21,8.0,70,A
366972020,2021-07-26T04:35:41,43.74332,-86.88661,12.2,195.5,197.0,ARTHUR M ANDERSON,IMO5025691,WDH7563,70,0,233,21,8.0,70,A
366972020,2021-07-26T07:40:09,43.14431,-87.12221,12.1,195.7,197.0,ARTHUR M ANDERSON,IMO5025691,WDH7563,70,0,233,21,8.0,70,A
366972020,2021-07-26T07:42:29,43.1368,-87.12512,12.1,195.9,198.0,ARTHUR M ANDERSON,IMO5025691,WDH7563,70,0,233,21,8.0,70,A
366972020,2021-07-26T05:42:19,43.52795,-86.97168,12.0,196.1,197.0,ARTHUR M ANDERSON,IMO5025691,WDH7563,70,0,233,21,8.0,70,A
366972020,2021-07-26T07:41:20,43.14052,-87.12367,12.1,195.8,198.0,ARTHUR M ANDERSON,IMO5025691,WDH7563,70,0,233,21,8.0,70,A
366972020,2021-07-26T07:43:40,43.13298,-87.12664,12.0,196.0,198.0,ARTHUR M ANDERSON,IMO5025691,WDH7563,70,0,233,21,8.0,70,A
366972020,2021-07-26T07:08:10,43.2489,-87.08129,12.2,196.9,198.0,ARTHUR M ANDERSON,IMO5025691,WDH7563,70,0,233,21,8.0,70,A
366972020,2021-07-26T07:25:20,43.19264,-87.10325,12.2,195.6,197.0,ARTHUR M ANDERSON,IMO5025691,WDH7563,70,0,233,21,8.0,70,A
366972020,2021-07-26T07:10:20,43.24181,-87.08414,12.2,196.2,197.0,ARTHUR M ANDERSON,IMO5025691,WDH7563,70,0,233,21,8.0,70,A
366972020,2021-07-26T07:47:10,43.12169,-87.13104,12.0,195.9,198.0,ARTHUR M ANDERSON,IMO5025691,WDH7563,70,0,233,21,8.0,70,A
366972020,2021-07-26T07:51:49,43.10676,-87.13698,12.0,196.2,198.0,ARTHUR M ANDERSON,IMO5025691,WDH7563,70,0,233,21,8.0,70,A
366972020,2021-07-26T04:42:40,43.72058,-86.89555,12.1,195.7,197.0,ARTHUR M ANDERSON,IMO5025691,WDH7563,70,0,233,21,8.0,70,A
366972020,2021-07-26T04:43:51,43.71675,-86.89709,12.1,196.8,198.0,ARTHUR M ANDERSON,IMO5025691,WDH7563,70,0,233,21,8.0,70,A
366972020,2021-07-26T05:50:30,43.50144,-86.98205,12.1,195.8,196.0,ARTHUR M ANDERSON,IMO5025691,WDH7563,70,0,233,21,8.0,70,A
366972020,2021-07-26T07:49:30,43.1142,-87.13405,12.0,196.1,198.0,ARTHUR M ANDERSON,IMO5025691,WDH7563,70,0,233,21,8.0,70,A
366972020,2021-07-26T05:52:50,43.49386,-86.98504,12.1,195.8,196.0,ARTHUR M ANDERSON,IMO5025691,WDH7563,70,0,233,21,8.0,70,A
366972020,2021-07-26T04:47:20,43.70548,-86.90161,12.1,196.3,198.0,ARTHUR M ANDERSON,IMO5025691,WDH7563,70,0,233,21,8.0,70,A
366972020,2021-07-26T07:38:59,43.14815,-87.12072,12.1,196.0,198.0,ARTHUR M ANDERSON,IMO5025691,WDH7563,70,0,233,21,8.0,70,A
366972020,2021-07-26T07:19:30,43.21173,-87.09575,12.2,195.7,197.0,ARTHUR M ANDERSON,IMO5025691,WDH7563,70,0,233,21,8.0,70,A
366972020,2021-07-26T07:55:19,43.09553,-87.14134,12.0,195.6,197.0,ARTHUR M ANDERSON,IMO5025691,WDH7563,70,0,233,21,8.0,70,A
366972020,2021-07-26T04:55:11,43.68011,-86.91159,12.0,195.8,197.0,ARTHUR M ANDERSON,IMO5025691,WDH7563,70,0,233,21,8.0,70,A
366972020,2021-07-26T07:59:51,43.08099,-87.14695,11.9,195.7,197.0,ARTHUR M ANDERSON,IMO5025691,WDH7563,70,0,233,21,8.0,70,A
366972020,2021-07-26T07:58:50,43.0842,-87.14571,12.0,195.4,197.0,ARTHUR M ANDERSON,IMO5025691,WDH7563,70,0,233,21,8.0,70,A
366972020,2021-07-26T08:01:09,43.07676,-87.1486,12.0,196.1,198.0,ARTHUR M ANDERSON,IMO5025691,WDH7563,70,0,233,21,8.0,70,A
366972020,2021-07-26T07:23:01,43.20023,-87.1003,12.2,196.6,198.0,ARTHUR M ANDERSON,IMO5025691,WDH7563,70,0,233,21,8.0,70,A
366972020,2021-07-26T08:03:40,43.06875,-87.15176,12.0,196.2,198.0,ARTHUR M ANDERSON,IMO5025691,WDH7563,70,0,233,21,8.0,70,A
366972020,2021-07-26T07:26:30,43.18876,-87.10475,12.2,195.6,197.0,ARTHUR M ANDERSON,IMO5025691,WDH7563,70,0,233,21,8.0,70,A
366972020,2021-07-26T08:04:49,43.06507,-87.15321,12.0,196.2,198.0,ARTHUR M ANDERSON,IMO5025691,WDH7563,70,0,233,21,8.0,70,A
366972020,2021-07-26T07:27:40,43.18494,-87.10625,12.2,195.8,197.0,ARTHUR M ANDERSON,IMO5025691,WDH7563,70,0,233,21,8.0,70,A
366972020,2021-07-26T08:05:59,43.06132,-87.15469,12.0,195.9,197.0,ARTHUR M ANDERSON,IMO5025691,WDH7563,70,0,233,21,8.0,70,A
366972020,2021-07-26T08:07:00,43.05805,-87.15595,12.0,195.7,197.0,ARTHUR M ANDERSON,IMO5025691,WDH7563,70,0,233,21,8.0,70,A
366972020,2021-07-26T07:50:40,43.11045,-87.13552,12.0,196.0,198.0,ARTHUR M ANDERSON,IMO5025691,WDH7563,70,0,233,21,8.0,70,A
366972020,2021-07-26T08:08:10,43.05429,-87.1574,12.0,195.9,197.0,ARTHUR M ANDERSON,IMO5025691,WDH7563,70,0,233,21,8.0,70,A
366972020,2021-07-26T08:09:20,43.05054,-87.1589,12.0,196.1,198.0,ARTHUR M ANDERSON,IMO5025691,WDH7563,70,0,233,21,8.0,70,A
366972020,2021-07-26T07:52:59,43.10303,-87.13846,12.0,196.3,198.0,ARTHUR M ANDERSON,IMO5025691,WDH7563,70,0,233,21,8.0,70,A
366972020,2021-07-26T05:06:59,43.64196,-86.92659,12.1,195.8,197.0,ARTHUR M ANDERSON,IMO5025691,WDH7563,70,0,233,21,8.0,70,A
366972020,2021-07-26T08:11:40,43.04304,-87.16184,12.0,196.3,198.0,ARTHUR M ANDERSON,IMO5025691,WDH7563,70,0,233,21,8.0,70,A
366972020,2021-07-26T07:35:31,43.15941,-87.11633,12.1,195.9,197.0,ARTHUR M ANDERSON,IMO5025691,WDH7563,70,0,233,21,8.0,70,A
366972020,2021-07-26T08:14:00,43.03551,-87.16474,12.0,195.5,197.0,ARTHUR M ANDERSON,IMO5025691,WDH7563,70,0,233,21,8.0,70,A
366972020,2021-07-26T06:07:59,43.44458,-87.00448,12.1,196.0,197.0,ARTHUR M ANDERSON,IMO5025691,WDH7563,70,0,233,21,8.0,70,A
366972020,2021-07-26T08:17:20,43.02469,-87.16894,12.0,196.2,198.0,ARTHUR M ANDERSON,IMO5025691,WDH7563,70,0,233,21,8.0,70,A
366972020,2021-07-26T07:44:50,43.12921,-87.12812,12.0,196.1,198.0,ARTHUR M ANDERSON,IMO5025691,WDH7563,70,0,233,21,8.0,70,A
366972020,2021-07-26T08:19:39,43.01728,-87.17187,12.0,195.8,197.0,ARTHUR M ANDERSON,IMO5025691,WDH7563,70,0,233,21,8.0,70,A
366972020,2021-07-26T08:33:30,42.97241,-87.1894,12.0,195.6,197.0,ARTHUR M ANDERSON,IMO5025691,WDH7563,70,0,233,21,8.0,70,A
366972020,2021-07-26T08:26:30,42.99505,-87.18042,12.1,195.8,197.0,ARTHUR M ANDERSON,IMO5025691,WDH7563,70,0,233,21,8.0,70,A
366972020,2021-07-26T05:19:19,43.60209,-86.94243,12.0,195.8,196.0,ARTHUR M ANDERSON,IMO5025691,WDH7563,70,0,233,21,8.0,70,A
366972020,2021-07-26T07:54:10,43.09923,-87.13993,12.0,195.5,197.0,ARTHUR M ANDERSON,IMO5025691,WDH7563,70,0,233,21,8.0,70,A
366972020,2021-07-26T08:27:39,42.99133,-87.18191,12.1,196.2,197.0,ARTHUR M ANDERSON,IMO5025691,WDH7563,70,0,233,21,8.0,70,A
366972020,2021-07-26T08:29:59,42.98379,-87.18493,12.1,196.6,198.0,ARTHUR M ANDERSON,IMO5025691,WDH7563,70,0,233,21,8.0,70,A
366972020,2021-07-26T08:32:19,42.9762,-87.18795,12.1,195.8,197.0,ARTHUR M ANDERSON,IMO5025691,WDH7563,70,0,233,21,8.0,70,A
366972020,2021-07-26T08:40:20,42.95039,-87.19805,12.0,196.0,197.0,ARTHUR M ANDERSON,IMO5025691,WDH7563,70,0,233,21,8.0,70,A
366972020,2021-07-26T08:31:09,42.98003,-87.18645,12.1,196.1,197.0,ARTHUR M ANDERSON,IMO5025691,WDH7563,70,0,233,21,8.0,70,A
366972020,2021-07-26T05:22:50,43.59077,-86.94684,12.1,195.8,196.0,ARTHUR M ANDERSON,IMO5025691,WDH7563,70,0,233,21,8.0,70,A
366972020,2021-07-26T08:37:00,42.96113,-87.19382,12.0,195.5,196.0,ARTHUR M ANDERSON,IMO5025691,WDH7563,70,0,233,21,8.0,70,A
366972020,2021-07-26T08:23:00,43.00642,-87.17608,12.1,196.0,197.0,ARTHUR M ANDERSON,IMO5025691,WDH7563,70,0,233,21,8.0,70,A
366972020,2021-07-26T08:02:19,43.07308,-87.15005,12.0,196.1,198.0,ARTHUR M ANDERSON,IMO5025691,WDH7563,70,0,233,21,8.0,70,A
366972020,2021-07-26T08:24:09,43.00265,-87.17755,12.1,195.7,197.0,ARTHUR M ANDERSON,IMO5025691,WDH7563,70,0,233,21,8.0,70,A
366972020,2021-07-26T08:47:20,42.92775,-87.2068,12.1,195.4,196.0,ARTHUR M ANDERSON,IMO5025691,WDH7563,70,0,233,21,8.0,70,A
366972020,2021-07-26T08:48:29,42.92403,-87.20826,12.1,196.4,197.0,ARTHUR M ANDERSON,IMO5025691,WDH7563,70,0,233,21,8.0,70,A
366972020,2021-07-26T06:30:00,43.37318,-87.03251,12.0,196.0,196.0,ARTHUR M ANDERSON,IMO5025691,WDH7563,70,0,233,21,8.0,70,A
366972020,2021-07-26T08:49:40,42.92021,-87.2098,12.1,196.2,197.0,ARTHUR M ANDERSON,IMO5025691,WDH7563,70,0,233,21,8.0,70,A
366972020,2021-07-26T08:52:00,42.91267,-87.21275,12.1,195.8,197.0,ARTHUR M ANDERSON,IMO5025691,WDH7563,70,0,233,21,8.0,70,A
366972020,2021-07-26T08:38:10,42.95736,-87.19525,12.0,195.8,197.0,ARTHUR M ANDERSON,IMO5025691,WDH7563,70,0,233,21,8.0,70,A
366972020,2021-07-26T08:18:30,43.02098,-87.17041,12.0,196.3,198.0,ARTHUR M ANDERSON,IMO5025691,WDH7563,70,0,233,21,8.0,70,A
366972020,2021-07-26T08:39:19,42.95367,-87.19674,12.0,196.3,198.0,ARTHUR M ANDERSON,IMO5025691,WDH7563,70,0,233,21,8.0,70,A
366972020,2021-07-26T08:20:51,43.01338,-87.17335,12.1,195.8,197.0,ARTHUR M ANDERSON,IMO5025691,WDH7563,70,0,233,21,8.0,70,A
366972020,2021-07-26T08:25:19,42.99891,-87.17895,12.1,195.5,197.0,ARTHUR M ANDERSON,IMO5025691,WDH7563,70,0,233,21,8.0,70,A
366972020,2021-07-26T09:00:00,42.88672,-87.22281,12.1,195.9,196.0,ARTHUR M ANDERSON,IMO5025691,WDH7563,70,0,233,21,8.0,70,A
366972020,2021-07-26T09:09:10,42.85703,-87.23449,12.1,196.4,197.0,ARTHUR M ANDERSON,IMO5025691,WDH7563,70,0,233,21,8.0,70,A
366972020,2021-07-26T09:10:19,42.85329,-87.23595,12.1,195.6,196.0,ARTHUR M ANDERSON,IMO5025691,WDH7563,70,0,233,21,8.0,70,A
366972020,2021-07-26T06:41:39,43.33542,-87.04722,12.1,196.0,196.0,ARTHUR M ANDERSON,IMO5025691,WDH7563,70,0,233,21,8.0,70,A
366972020,2021-07-26T05:39:59,43.53546,-86.96864,12.0,196.5,197.0,ARTHUR M ANDERSON,IMO5025691,WDH7563,70,0,233,21,8.0,70,A
366972020,2021-07-26T09:12:39,42.84568,-87.23887,12.1,195.7,196.0,ARTHUR M ANDERSON,IMO5025691,WDH7563,70,0,233,21,8.0,70,A
366972020,2021-07-26T09:04:39,42.87168,-87.22878,12.1,196.0,197.0,ARTHUR M ANDERSON,IMO5025691,WDH7563,70,0,233,21,8.0,70,A
366972020,2021-07-26T05:43:30,43.52414,-86.97316,12.1,196.0,196.0,ARTHUR M ANDERSON,IMO5025691,WDH7563,70,0,233,21,8.0,70,A
366972020,2021-07-26T09:03:29,42.87546,-87.2273,12.1,196.3,197.0,ARTHUR M ANDERSON,IMO5025691,WDH7563,70,0,233,21,8.0,70,A
366972020,2021-07-26T08:53:10,42.90888,-87.2142,12.1,195.6,196.0,ARTHUR M ANDERSON,IMO5025691,WDH7563,70,0,233,21,8.0,70,A
366972020,2021-07-26T06:50:49,43.30564,-87.05896,12.1,196.5,197.0,ARTHUR M ANDERSON,IMO5025691,WDH7563,70,0,233,21,8.0,70,A
366972020,2021-07-26T06:51:59,43.30186,-87.0605,12.2,196.6,197.0,ARTHUR M ANDERSON,IMO5025691,WDH7563,70,0,233,21,8.0,70,A
366972020,2021-07-26T09:07:00,42.86406,-87.23174,12.1,195.5,196.0,ARTHUR M ANDERSON,IMO5025691,WDH7563,70,0,233,21,8.0,70,A
366972020,2021-07-26T09:16:10,42.83415,-87.24328,12.2,195.7,196.0,ARTHUR M ANDERSON,IMO5025691,WDH7563,70,0,233,21,8.0,70,A
366972020,2021-07-26T08:35:49,42.96496,-87.19233,12.0,196.4,197.0,ARTHUR M ANDERSON,IMO5025691,WDH7563,70,0,233,21,8.0,70,A
366972020,2021-07-26T09:11:30,42.84943,-87.23742,12.1,195.8,196.0,ARTHUR M ANDERSON,IMO5025691,WDH7563,70,0,233,21,8.0,70,A
366972020,2021-07-26T09:01:10,42.88295,-87.22431,12.1,196.6,197.0,ARTHUR M ANDERSON,IMO5025691,WDH7563,70,0,233,21,8.0,70,A
366972020,2021-07-26T06:57:40,43.28332,-87.06776,12.2,196.2,197.0,ARTHUR M ANDERSON,IMO5025691,WDH7563,70,0,233,21,8.0,70,A
366972020,2021-07-26T09:15:00,42.83801,-87.24179,12.2,195.7,196.0,ARTHUR M ANDERSON,IMO5025691,WDH7563,70,0,233,21,8.0,70,A
366972020,2021-07-26T08:42:39,42.9429,-87.2009,12.0,195.9,197.0,ARTHUR M ANDERSON,IMO5025691,WDH7563,70,0,233,21,8.0,70,A
366972020,2021-07-26T09:17:11,42.83091,-87.24456,12.2,196.4,197.0,ARTHUR M ANDERSON,IMO5025691,WDH7563,70,0,233,21,8.0,70,A
366972020,2021-07-26T09:26:21,42.80103,-87.25625,12.2,196.2,197.0,ARTHUR M ANDERSON,IMO5025691,WDH7563,70,0,233,21,8.0,70,A
366972020,2021-07-26T08:43:50,42.93906,-87.2024,12.0,196.3,197.0,ARTHUR M ANDERSON,IMO5025691,WDH7563,70,0,233,21,8.0,70,A
366972020,2021-07-26T07:02:19,43.26808,-87.07366,12.2,195.5,196.0,ARTHUR M ANDERSON,IMO5025691,WDH7563,70,0,233,21,8.0,70,A
366972020,2021-07-26T09:21:49,42.81582,-87.2505,12.2,195.9,196.0,ARTHUR M ANDERSON,IMO5025691,WDH7563,70,0,233,21,8.0,70,A
366972020,2021-07-26T07:04:40,43.26038,-87.07671,12.2,196.0,197.0,ARTHUR M ANDERSON,IMO5025691,WDH7563,70,0,233,21,8.0,70,A
366972020,2021-07-26T09:25:20,42.80428,-87.25499,12.2,196.2,197.0,ARTHUR M ANDERSON,IMO5025691,WDH7563,70,0,233,21,8.0,70,A
366972020,2021-07-26T09:36:50,42.76646,-87.2662,12.1,182.7,183.0,ARTHUR M ANDERSON,IMO5025691,WDH7563,70,0,233,21,8.0,70,A
366972020,2021-07-26T09:32:00,42.78256,-87.2635,12.2,196.8,197.0,ARTHUR M ANDERSON,IMO5025691,WDH7563,70,0,233,21,8.0,70,A
366972020,2021-07-26T09:39:09,42.75855,-87.2666,12.2,181.7,182.0,ARTHUR M ANDERSON,IMO5025691,WDH7563,70,0,233,21,8.0,70,A
366972020,2021-07-26T08:54:19,42.90511,-87.21569,12.1,196.5,197.0,ARTHUR M ANDERSON,IMO5025691,WDH7563,70,0,233,21,8.0,70,A
366972020,2021-07-26T09:18:19,42.82723,-87.24605,12.1,196.2,197.0,ARTHUR M ANDERSON,IMO5025691,WDH7563,70,0,233,21,8.0,70,A
366972020,2021-07-26T09:33:20,42.77819,-87.26519,12.2,194.7,195.0,ARTHUR M ANDERSON,IMO5025691,WDH7563,70,0,233,21,8.0,70,A
366972020,2021-07-26T09:34:21,42.7748,-87.26578,12.0,183.9,182.0,ARTHUR M ANDERSON,IMO5025691,WDH7563,70,0,233,21,8.0,70,A
366972020,2021-07-26T09:40:10,42.75508,-87.26675,12.2,181.4,182.0,ARTHUR M ANDERSON,IMO5025691,WDH7563,70,0,233,21,8.0,70,A
366972020,2021-07-26T09:49:30,42.72321,-87.26776,12.3,180.9,181.0,ARTHUR M ANDERSON,IMO5025691,WDH7563,70,0,233,21,8.0,70,A
366972020,2021-07-26T09:42:30,42.74716,-87.267,12.3,180.9,181.0,ARTHUR M ANDERSON,IMO5025691,WDH7563,70,0,233,21,8.0,70,A
366972020,2021-07-26T09:50:40,42.71922,-87.26785,12.3,181.4,182.0,ARTHUR M ANDERSON,IMO5025691,WDH7563,70,0,233,21,8.0,70,A
366972020,2021-07-26T09:27:30,42.79729,-87.25772,12.2,195.8,196.0,ARTHUR M ANDERSON,IMO5025691,WDH7563,70,0,233,21,8.0,70,A
366972020,2021-07-26T09:29:40,42.79019,-87.26045,12.2,195.4,196.0,ARTHUR M ANDERSON,IMO5025691,WDH7563,70,0,233,21,8.0,70,A
366972020,2021-07-26T07:21:51,43.20404,-87.09877,12.2,196.2,197.0,ARTHUR M ANDERSON,IMO5025691,WDH7563,70,0,233,21,8.0,70,A
366972020,2021-07-26T09:47:09,42.73118,-87.26748,12.3,181.3,181.0,ARTHUR M ANDERSON,IMO5025691,WDH7563,70,0,233,21,8.0,70,A
366972020,2021-07-26T09:13:49,42.84188,-87.24032,12.2,195.7,196.0,ARTHUR M ANDERSON,IMO5025691,WDH7563,70,0,233,21,8.0,70,A
366972020,2021-07-26T10:02:20,42.67935,-87.26909,12.3,181.3,181.0,ARTHUR M ANDERSON,IMO5025691,WDH7563,70,0,233,21,8.0,70,A
366972020,2021-07-26T10:04:39,42.67144,-87.26939,12.3,181.3,181.0,ARTHUR M ANDERSON,IMO5025691,WDH7563,70,0,233,21,8.0,70,A
366972020,2021-07-26T09:55:30,42.70271,-87.26841,12.3,181.3,181.0,ARTHUR M ANDERSON,IMO5025691,WDH7563,70,0,233,21,8.0,70,A
366972020,2021-07-26T09:20:40,42.81957,-87.24905,12.2,196.0,196.0,ARTHUR M ANDERSON,IMO5025691,WDH7563,70,0,233,21,8.0,70,A
366972020,2021-07-26T10:05:50,42.66739,-87.26952,12.3,181.4,181.0,ARTHUR M ANDERSON,IMO5025691,WDH7563,70,0,233,21,8.0,70,A
366972020,2021-07-26T09:23:00,42.81195,-87.25199,12.2,196.1,197.0,ARTHUR M ANDERSON,IMO5025691,WDH7563,70,0,233,21,8.0,70,A
366972020,2021-07-26T10:00:00,42.68726,-87.26886,12.3,181.1,181.0,ARTHUR M ANDERSON,IMO5025691,WDH7563,70,0,233,21,8.0,70,A
366972020,2021-07-26T09:54:21,42.70664,-87.2683,12.3,181.0,181.0,ARTHUR M ANDERSON,IMO5025691,WDH7563,70,0,233,21,8.0,70,A
366972020,2021-07-26T09:43:41,42.74312,-87.26708,12.3,180.9,181.0,ARTHUR M ANDERSON,IMO5025691,WDH7563,70,0,233,21,8.0,70,A
366972020,2021-07-26T09:56:39,42.69877,-87.26856,12.3,181.4,181.0,ARTHUR M ANDERSON,IMO5025691,WDH7563,70,0,233,21,8.0,70,A
366972020,2021-07-26T07:37:51,43.15182,-87.11926,12.1,196.2,198.0,ARTHUR M ANDERSON,IMO5025691,WDH7563,70,0,233,21,8.0,70,A
366972020,2021-07-26T09:30:49,42.78642,-87.26192,12.2,196.5,197.0,ARTHUR M ANDERSON,IMO5025691,WDH7563,70,0,233,21,8.0,70,A
366972020,2021-07-26T10:09:10,42.65595,-87.26988,12.3,181.3,181.0,ARTHUR M ANDERSON,IMO5025691,WDH7563,70,0,233,21,8.0,70,A
366972020,2021-07-26T10:17:10,42.62852,-87.27072,12.3,181.2,181.0,ARTHUR M ANDERSON,IMO5025691,WDH7563,70,0,233,21,8.0,70,A
366972020,2021-07-26T10:22:59,42.60846,-87.27122,12.4,181.1,181.0,ARTHUR M ANDERSON,IMO5025691,WDH7563,70,0,233,21,8.0,70,A
366972020,2021-07-26T10:11:30,42.64796,-87.27008,12.3,181.2,181.0,ARTHUR M ANDERSON,IMO5025691,WDH7563,70,0,233,21,8.0,70,A
366972020,2021-07-26T10:27:39,42.59236,-87.27175,12.4,181.2,181.0,ARTHUR M ANDERSON,IMO5025691,WDH7563,70,0,233,21,8.0,70,A
366972020,2021-07-26T10:13:40,42.64053,-87.27029,12.3,181.1,181.0,ARTHUR M ANDERSON,IMO5025691,WDH7563,70,0,233,21,8.0,70,A
366972020,2021-07-26T09:44:50,42.73918,-87.26722,12.3,181.7,182.0,ARTHUR M ANDERSON,IMO5025691,WDH7563,70,0,233,21,8.0,70,A
366972020,2021-07-26T10:03:30,42.67536,-87.26924,12.3,181.8,182.0,ARTHUR M ANDERSON,IMO5025691,WDH7563,70,0,233,21,8.0,70,A
366972020,2021-07-26T10:38:00,42.55657,-87.27276,12.4,181.3,181.0,ARTHUR M ANDERSON,IMO5025691,WDH7563,70,0,233,21,8.0,70,A
366972020,2021-07-26T10:07:00,42.66333,-87.26964,12.3,181.5,181.0,ARTHUR M ANDERSON,IMO5025691,WDH7563,70,0,233,21,8.0,70,A
366972020,2021-07-26T07:56:29,43.09174,-87.14283,11.9,196.4,198.0,ARTHUR M ANDERSON,IMO5025691,WDH7563,70,0,233,21,8.0,70,A
366972020,2021-07-26T10:08:01,42.6599,-87.26976,12.3,181.5,181.0,ARTHUR M ANDERSON,IMO5025691,WDH7563,70,0,233,21,8.0,70,A
366972020,2021-07-26T07:59:59,43.08056,-87.14712,11.9,195.7,197.0,ARTHUR M ANDERSON,IMO5025691,WDH7563,70,0,233,21,8.0,70,A
366972020,2021-07-26T10:21:50,42.61243,-87.27114,12.4,180.8,180.0,ARTHUR M ANDERSON,IMO5025691,WDH7563,70,0,233,21,8.0,70,A
366972020,2021-07-26T09:52:00,42.71466,-87.268,12.2,181.5,182.0,ARTHUR M ANDERSON,IMO5025691,WDH7563,70,0,233,21,8.0,70,A
366972020,2021-07-26T10:10:20,42.65195,-87.26998,12.3,181.2,181.0,ARTHUR M ANDERSON,IMO5025691,WDH7563,70,0,233,21,8.0,70,A
366972020,2021-07-26T10:24:10,42.60438,-87.27134,12.4,181.3,181.0,ARTHUR M ANDERSON,IMO5025691,WDH7563,70,0,233,21,8.0,70,A
366972020,2021-07-26T10:33:19,42.57278,-87.27233,12.4,181.4,181.0,ARTHUR M ANDERSON,IMO5025691,WDH7563,70,0,233,21,8.0,70,A
366972020,2021-07-26T10:26:30,42.59633,-87.27163,12.4,181.3,181.0,ARTHUR M ANDERSON,IMO5025691,WDH7563,70,0,233,21,8.0,70,A
366972020,2021-07-26T10:47:19,42.5242,-87.27381,12.5,180.8,180.0,ARTHUR M ANDERSON,IMO5025691,WDH7563,70,0,233,21,8.0,70,A
366972020,2021-07-26T08:10:30,43.04679,-87.16036,12.0,196.0,197.0,ARTHUR M ANDERSON,IMO5025691,WDH7563,70,0,233,21,8.0,70,A
366972020,2021-07-26T06:27:40,43.38072,-87.02953,12.1,196.3,197.0,ARTHUR M ANDERSON,IMO5025691,WDH7563,70,0,233,21,8.0,70,A
366972020,2021-07-26T10:34:30,42.56869,-87.27244,12.4,181.3,181.0,ARTHUR M ANDERSON,IMO5025691,WDH7563,70,0,233,21,8.0,70,A
366972020,2021-07-26T10:41:30,42.54441,-87.27307,12.5,180.2,180.0,ARTHUR M ANDERSON,IMO5025691,WDH7563,70,0,233,21,8.0,70,A
366972020,2021-07-26T10:59:00,42.48362,-87.27488,12.4,181.3,181.0,ARTHUR M ANDERSON,IMO5025691,WDH7563,70,0,233,21,8.0,70,A
366972020,2021-07-26T08:16:10,43.02851,-87.16743,12.0,196.1,198.0,ARTHUR M ANDERSON,IMO5025691,WDH7563,70,0,233,21,8.0,70,A
366972020,2021-07-26T10:28:41,42.5888,-87.27185,12.4,181.0,180.0,ARTHUR M ANDERSON,IMO5025691,WDH7563,70,0,233,21,8.0,70,A
366972020,2021-07-26T10:40:21,42.5484,-87.27303,12.5,180.9,180.0,ARTHUR M ANDERSON,IMO5025691,WDH7563,70,0,233,21,8.0,70,A
366972020,2021-07-26T10:12:39,42.64397,-87.2702,12.3,181.0,181.0,ARTHUR M ANDERSON,IMO5025691,WDH7563,70,0,233,21,8.0,70,A
366972020,2021-07-26T10:29:50,42.58483,-87.27193,12.4,181.2,181.0,ARTHUR M ANDERSON,IMO5025691,WDH7563,70,0,233,21,8.0,70,A
366972020,2021-07-26T10:31:00,42.58079,-87.27203,12.4,181.3,181.0,ARTHUR M ANDERSON,IMO5025691,WDH7563,70,0,233,21,8.0,70,A
366972020,2021-07-26T10:46:11,42.52815,-87.27371,12.4,181.7,181.0,ARTHUR M ANDERSON,IMO5025691,WDH7563,70,0,233,21,8.0,70,A
366972020,2021-07-26T10:43:50,42.5363,-87.27334,12.4,181.6,181.0,ARTHUR M ANDERSON,IMO5025691,WDH7563,70,0,233,21,8.0,70,A
366972020,2021-07-26T11:04:49,42.46347,-87.27549,12.4,181.1,181.0,ARTHUR M ANDERSON,IMO5025691,WDH7563,70,0,233,21,8.0,70,A
366972020,2021-07-26T08:21:59,43.00971,-87.17479,12.1,195.8,197.0,ARTHUR M ANDERSON,IMO5025691,WDH7563,70,0,233,21,8.0,70,A
366972020,2021-07-26T10:18:19,42.62456,-87.27084,12.3,181.4,181.0,ARTHUR M ANDERSON,IMO5025691,WDH7563,70,0,233,21,8.0,70,A
366972020,2021-07-26T10:48:29,42.5201,-87.27392,12.5,181.4,181.0,ARTHUR M ANDERSON,IMO5025691,WDH7563,70,0,233,21,8.0,70,A
366972020,2021-07-26T11:08:29,42.45081,-87.27594,12.4,181.1,181.0,ARTHUR M ANDERSON,IMO5025691,WDH7563,70,0,233,21,8.0,70,A
366972020,2021-07-26T10:36:51,42.56056,-87.27263,12.4,181.1,181.0,ARTHUR M ANDERSON,IMO5025691,WDH7563,70,0,233,21,8.0,70,A
366972020,2021-07-26T10:39:11,42.55246,-87.2729,12.5,181.7,181.0,ARTHUR M ANDERSON,IMO5025691,WDH7563,70,0,233,21,8.0,70,A
366972020,2021-07-26T10:52:00,42.50795,-87.27422,12.5,180.8,181.0,ARTHUR M ANDERSON,IMO5025691,WDH7563,70,0,233,21,8.0,70,A
366972020,2021-07-26T11:10:59,42.44219,-87.27621,12.3,181.1,181.0,ARTHUR M ANDERSON,IMO5025691,WDH7563,70,0,233,21,8.0,70,A
366972020,2021-07-26T10:25:19,42.60035,-87.27148,12.4,181.6,181.0,ARTHUR M ANDERSON,IMO5025691,WDH7563,70,0,233,21,8.0,70,A
366972020,2021-07-26T08:34:40,42.9686,-87.19088,12.0,196.0,197.0,ARTHUR M ANDERSON,IMO5025691,WDH7563,70,0,233,21,8.0,70,A
366972020,2021-07-26T11:16:49,42.42215,-87.27681,12.3,181.4,181.0,ARTHUR M ANDERSON,IMO5025691,WDH7563,70,0,233,21,8.0,70,A
366972020,2021-07-26T11:00:10,42.47957,-87.275,12.4,181.4,181.0,ARTHUR M ANDERSON,IMO5025691,WDH7563,70,0,233,21,8.0,70,A
366972020,2021-07-26T11:01:20,42.47553,-87.27516,12.4,181.6,182.0,ARTHUR M ANDERSON,IMO5025691,WDH7563,70,0,233,21,8.0,70,A
366972020,2021-07-26T11:22:00,42.40427,-87.2773,12.3,180.9,181.0,ARTHUR M ANDERSON,IMO5025691,WDH7563,70,0,233,21,8.0,70,A
366972020,2021-07-26T11:26:29,42.38891,-87.27776,12.3,181.2,181.0,ARTHUR M ANDERSON,IMO5025691,WDH7563,70,0,233,21,8.0,70,A
366972020,2021-07-26T11:27:39,42.38491,-87.27787,12.3,181.0,181.0,ARTHUR M ANDERSON,IMO5025691,WDH7563,70,0,233,21,8.0,70,A
366972020,2021-07-26T10:35:40,42.56466,-87.27253,12.4,180.9,180.0,ARTHUR M ANDERSON,IMO5025691,WDH7563,70,0,233,21,8.0,70,A
366972020,2021-07-26T11:07:10,42.45535,-87.27579,12.4,181.5,181.0,ARTHUR M ANDERSON,IMO5025691,WDH7563,70,0,233,21,8.0,70,A
366972020,2021-07-26T11:06:00,42.45938,-87.27566,12.4,181.7,182.0,ARTHUR M ANDERSON,IMO5025691,WDH7563,70,0,233,21,8.0,70,A
366972020,2021-07-26T11:31:09,42.3728,-87.27827,12.3,181.5,181.0,ARTHUR M ANDERSON,IMO5025691,WDH7563,70,0,233,21,8.0,70,A
366972020,2021-07-26T10:53:10,42.50388,-87.2743,12.5,180.6,180.0,ARTHUR M ANDERSON,IMO5025691,WDH7563,70,0,233,21,8.0,70,A
366972020,2021-07-26T06:45:09,43.3241,-87.05174,12.1,196.0,196.0,ARTHUR M ANDERSON,IMO5025691,WDH7563,70,0,233,21,8.0,70,A
366972020,2021-07-26T11:35:50,42.35672,-87.27869,12.3,181.0,180.0,ARTHUR M ANDERSON,IMO5025691,WDH7563,70,0,233,21,8.0,70,A
366972020,2021-07-26T06:46:20,43.32026,-87.05324,12.1,195.5,196.0,ARTHUR M ANDERSON,IMO5025691,WDH7563,70,0,233,21,8.0,70,A
366972020,2021-07-26T11:32:20,42.36877,-87.27837,12.3,181.1,180.0,ARTHUR M ANDERSON,IMO5025691,WDH7563,70,0,233,21,8.0,70,A
366972020,2021-07-26T11:12:10,42.43813,-87.27634,12.3,181.2,181.0,ARTHUR M ANDERSON,IMO5025691,WDH7563,70,0,233,21,8.0,70,A
366972020,2021-07-26T08:46:10,42.93154,-87.20537,12.1,195.7,197.0,ARTHUR M ANDERSON,IMO5025691,WDH7563,70,0,233,21,8.0,70,A
366972020,2021-07-26T11:38:02,42.34921,-87.2789,12.3,181.1,181.0,ARTHUR M ANDERSON,IMO5025691,WDH7563,70,0,233,21,8.0,70,A
366972020,2021-07-26T11:33:29,42.36481,-87.27848,12.4,181.4,181.0,ARTHUR M ANDERSON,IMO5025691,WDH7563,70,0,233,21,8.0,70,A
366972020,2021-07-26T11:14:30,42.43012,-87.27655,12.3,181.0,181.0,ARTHUR M ANDERSON,IMO5025691,WDH7563,70,0,233,21,8.0,70,A
366972020,2021-07-26T06:48:31,43.31313,-87.05595,12.1,195.6,196.0,ARTHUR M ANDERSON,IMO5025691,WDH7563,70,0,233,21,8.0,70,A
366972020,2021-07-26T11:15:40,42.42609,-87.27668,12.3,181.5,181.0,ARTHUR M ANDERSON,IMO5025691,WDH7563,70,0,233,21,8.0,70,A
366972020,2021-07-26T11:03:39,42.4675,-87.2754,12.4,181.0,181.0,ARTHUR M ANDERSON,IMO5025691,WDH7563,70,0,233,21,8.0,70,A
366972020,2021-07-26T08:50:49,42.9165,-87.21127,12.1,196.0,197.0,ARTHUR M ANDERSON,IMO5025691,WDH7563,70,0,233,21,8.0,70,A
366972020,2021-07-26T11:37:01,42.35265,-87.2788,12.3,181.3,181.0,ARTHUR M ANDERSON,IMO5025691,WDH7563,70,0,233,21,8.0,70,A
366972020,2021-07-26T11:44:51,42.32589,-87.27954,12.2,181.2,180.0,ARTHUR M ANDERSON,IMO5025691,WDH7563,70,0,233,21,8.0,70,A
366972020,2021-07-26T10:54:20,42.49978,-87.27438,12.5,180.7,181.0,ARTHUR M ANDERSON,IMO5025691,WDH7563,70,0,233,21,8.0,70,A
366972020,2021-07-26T11:47:10,42.31799,-87.27985,12.2,181.5,181.0,ARTHUR M ANDERSON,IMO5025691,WDH7563,70,0,233,21,8.0,70,A
366972020,2021-07-26T10:57:50,42.48766,-87.27476,12.5,181.2,181.0,ARTHUR M ANDERSON,IMO5025691,WDH7563,70,0,233,21,8.0,70,A
366972020,2021-07-26T11:23:01,42.40084,-87.27738,12.3,181.0,181.0,ARTHUR M ANDERSON,IMO5025691,WDH7563,70,0,233,21,8.0,70,A
366972020,2021-07-26T11:50:40,42.30605,-87.28016,12.2,181.3,180.0,ARTHUR M ANDERSON,IMO5025691,WDH7563,70,0,233,21,8.0,70,A
366972020,2021-07-26T06:55:21,43.29088,-87.06476,12.2,196.0,196.0,ARTHUR M ANDERSON,IMO5025691,WDH7563,70,0,233,21,8.0,70,A
366972020,2021-07-26T11:02:29,42.47155,-87.27529,12.4,181.2,181.0,ARTHUR M ANDERSON,IMO5025691,WDH7563,70,0,233,21,8.0,70,A
366972020,2021-07-26T06:56:30,43.28713,-87.06624,12.2,196.3,197.0,ARTHUR M ANDERSON,IMO5025691,WDH7563,70,0,233,21,8.0,70,A
366972020,2021-07-26T06:58:49,43.27957,-87.06923,12.2,195.9,196.0,ARTHUR M ANDERSON,IMO5025691,WDH7563,70,0,233,21,8.0,70,A
366972020,2021-07-26T11:48:21,42.31395,-87.27996,12.2,181.1,180.0,ARTHUR M ANDERSON,IMO5025691,WDH7563,70,0,233,21,8.0,70,A
366972020,2021-07-26T08:57:50,42.89375,-87.2201,12.1,195.6,196.0,ARTHUR M ANDERSON,IMO5025691,WDH7563,70,0,233,21,8.0,70,A
366972020,2021-07-26T12:00:00,42.27418,-87.28113,12.3,180.9,180.0,ARTHUR M ANDERSON,IMO5025691,WDH7563,70,0,233,21,8.0,70,A
366972020,2021-07-26T12:01:10,42.2702,-87.28123,12.3,181.0,180.0,ARTHUR M ANDERSON,IMO5025691,WDH7563,70,0,233,21,8.0,70,A
366972020,2021-07-26T12:03:19,42.26285,-87.28153,12.3,181.6,180.0,ARTHUR M ANDERSON,IMO5025691,WDH7563,70,0,233,21,8.0,70,A
366972020,2021-07-26T12:05:21,42.25653,-87.28174,12.2,180.7,180.0,ARTHUR M ANDERSON,IMO5025691,WDH7563,70,0,233,21,8.0,70,A
366972020,2021-07-26T09:02:21,42.87913,-87.22584,12.1,196.1,197.0,ARTHUR M ANDERSON,IMO5025691,WDH7563,70,0,233,21,8.0,70,A
366972020,2021-07-26T12:06:29,42.25206,-87.28183,12.2,180.6,179.0,ARTHUR M ANDERSON,IMO5025691,WDH7563,70,0,233,21,8.0,70,A
366972020,2021-07-26T09:05:50,42.86785,-87.23028,12.1,195.8,196.0,ARTHUR M ANDERSON,IMO5025691,WDH7563,70,0,233,21,8.0,70,A
366972020,2021-07-26T11:29:59,42.37686,-87.27813,12.4,181.7,181.0,ARTHUR M ANDERSON,IMO5025691,WDH7563,70,0,233,21,8.0,70,A
366972020,2021-07-26T11:34:40,42.36074,-87.27858,12.3,180.8,180.0,ARTHUR M ANDERSON,IMO5025691,WDH7563,70,0,233,21,8.0,70,A
366972020,2021-07-26T11:25:21,42.39281,-87.27764,12.3,181.2,181.0,ARTHUR M ANDERSON,IMO5025691,WDH7563,70,0,233,21,8.0,70,A
366972020,2021-07-26T11:41:31,42.33725,-87.27922,12.2,181.4,181.0,ARTHUR M ANDERSON,IMO5025691,WDH7563,70,0,233,21,8.0,70,A
366972020,2021-07-26T11:49:30,42.31003,-87.28005,12.2,180.8,180.0,ARTHUR M ANDERSON,IMO5025691,WDH7563,70,0,233,21,8.0,70,A
366972020,2021-07-26T12:17:30,42.21454,-87.28288,12.1,180.9,179.0,ARTHUR M ANDERSON,IMO5025691,WDH7563,70,0,233,21,8.0,70,A
366972020,2021-07-26T09:19:30,42.82338,-87.24756,12.2,196.1,197.0,ARTHUR M ANDERSON,IMO5025691,WDH7563,70,0,233,21,8.0,70,A
366972020,2021-07-26T11:45:59,42.32202,-87.27968,12.2,181.8,181.0,ARTHUR M ANDERSON,IMO5025691,WDH7563,70,0,233,21,8.0,70,A
366972020,2021-07-26T12:23:19,42.1949,-87.28355,12.1,181.5,180.0,ARTHUR M ANDERSON,IMO5025691,WDH7563,70,0,233,21,8.0,70,A
366972020,2021-07-26T11:55:20,42.29012,-87.28073,12.2,181.4,180.0,ARTHUR M ANDERSON,IMO5025691,WDH7563,70,0,233,21,8.0,70,A
366972020,2021-07-26T11:52:59,42.29813,-87.28045,12.2,181.4,180.0,ARTHUR M ANDERSON,IMO5025691,WDH7563,70,0,233,21,8.0,70,A
366972020,2021-07-26T11:57:40,42.28216,-87.28096,12.2,180.9,180.0,ARTHUR M ANDERSON,IMO5025691,WDH7563,70,0,233,21,8.0,70,A
366972020,2021-07-26T11:39:19,42.34472,-87.27902,12.3,181.0,181.0,ARTHUR M ANDERSON,IMO5025691,WDH7563,70,0,233,21,8.0,70,A
366972020,2021-07-26T12:24:30,42.19089,-87.28364,12.1,180.9,179.0,ARTHUR M ANDERSON,IMO5025691,WDH7563,70,0,233,21,8.0,70,A
366972020,2021-07-26T11:40:20,42.3413,-87.27911,12.3,181.0,180.0,ARTHUR M ANDERSON,IMO5025691,WDH7563,70,0,233,21,8.0,70,A
366972020,2021-07-26T12:30:01,42.17231,-87.28418,12.1,181.1,180.0,ARTHUR M ANDERSON,IMO5025691,WDH7563,70,0,233,21,8.0,70,A
366972020,2021-07-26T12:39:00,42.14197,-87.28506,12.1,181.6,180.0,ARTHUR M ANDERSON,IMO5025691,WDH7563,70,0,233,21,8.0,70,A
366972020,2021-07-26T12:40:01,42.13861,-87.28517,12.1,181.1,179.0,ARTHUR M ANDERSON,IMO5025691,WDH7563,70,0,233,21,8.0,70,A
366972020,2021-07-26T12:10:59,42.23671,-87.2823,12.2,180.8,180.0,ARTHUR M ANDERSON,IMO5025691,WDH7563,70,0,233,21,8.0,70,A
366972020,2021-07-26T12:15:20,42.22189,-87.28268,12.2,181.3,180.0,ARTHUR M ANDERSON,IMO5025691,WDH7563,70,0,233,21,8.0,70,A
366972020,2021-07-26T11:54:10,42.2941,-87.2806,12.2,181.3,180.0,ARTHUR M ANDERSON,IMO5025691,WDH7563,70,0,233,21,8.0,70,A
366972020,2021-07-26T09:46:00,42.73519,-87.26734,12.3,181.2,181.0,ARTHUR M ANDERSON,IMO5025691,WDH7563,70,0,233,21,8.0,70,A
366972020,2021-07-26T12:45:40,42.11955,-87.28583,12.1,181.4,180.0,ARTHUR M ANDERSON,IMO5025691,WDH7563,70,0,233,21,8.0,70,A
366972020,2021-07-26T09:48:20,42.7272,-87.26765,12.3,181.6,182.0,ARTHUR M ANDERSON,IMO5025691,WDH7563,70,0,233,21,8.0,70,A
366972020,2021-07-26T12:25:40,42.1869,-87.28373,12.1,181.2,180.0,ARTHUR M ANDERSON,IMO5025691,WDH7563,70,0,233,21,8.0,70,A
366972020,2021-07-26T11:58:50,42.27812,-87.28105,12.2,180.8,180.0,ARTHUR M ANDERSON,IMO5025691,WDH7563,70,0,233,21,8.0,70,A
366972020,2021-07-26T13:03:10,42.0607,-87.28748,12.1,181.3,179.0,ARTHUR M ANDERSON,IMO5025691,WDH7563,70,0,233,21,8.0,70,A
366972020,2021-07-26T11:59:51,42.2747,-87.28112,12.3,180.9,180.0,ARTHUR M ANDERSON,IMO5025691,WDH7563,70,0,233,21,8.0,70,A
366972020,2021-07-26T12:18:40,42.21066,-87.28298,12.2,181.1,180.0,ARTHUR M ANDERSON,IMO5025691,WDH7563,70,0,233,21,8.0,70,A
366972020,2021-07-26T12:56:50,42.08197,-87.28684,12.1,181.4,180.0,ARTHUR M ANDERSON,IMO5025691,WDH7563,70,0,233,21,8.0,70,A
366972020,2021-07-26T09:57:50,42.69467,-87.26869,12.3,181.4,181.0,ARTHUR M ANDERSON,IMO5025691,WDH7563,70,0,233,21,8.0,70,A
366972020,2021-07-26T09:59:00,42.69068,-87.26878,12.3,181.0,181.0,ARTHUR M ANDERSON,IMO5025691,WDH7563,70,0,233,21,8.0,70,A
366972020,2021-07-26T12:35:30,42.15381,-87.28475,12.1,180.8,179.0,ARTHUR M ANDERSON,IMO5025691,WDH7563,70,0,233,21,8.0,70,A
366972020,2021-07-26T13:10:50,42.03477,-87.28803,12.1,180.4,179.0,ARTHUR M ANDERSON,IMO5025691,WDH7563,70,0,233,21,8.0,70,A
366972020,2021-07-26T12:36:39,42.14989,-87.28482,12.1,180.8,179.0,ARTHUR M ANDERSON,IMO5025691,WDH7563,70,0,233,21,8.0,70,A
366972020,2021-07-26T13:01:01,42.06795,-87.28728,12.1,181.2,180.0,ARTHUR M ANDERSON,IMO5025691,WDH7563,70,0,233,21,8.0,70,A
366972020,2021-07-26T12:09:50,42.24063,-87.28219,12.2,181.3,180.0,ARTHUR M ANDERSON,IMO5025691,WDH7563,70,0,233,21,8.0,70,A
366972020,2021-07-26T12:12:00,42.2333,-87.28237,12.2,180.8,180.0,ARTHUR M ANDERSON,IMO5025691,WDH7563,70,0,233,21,8.0,70,A
366972020,2021-07-26T12:13:10,42.22928,-87.28245,12.2,180.8,180.0,ARTHUR M ANDERSON,IMO5025691,WDH7563,70,0,233,21,8.0,70,A
366972020,2021-07-26T12:34:29,42.1572,-87.28468,12.1,181.2,180.0,ARTHUR M ANDERSON,IMO5025691,WDH7563,70,0,233,21,8.0,70,A
366972020,2021-07-26T12:16:22,42.21849,-87.28278,12.2,181.4,180.0,ARTHUR M ANDERSON,IMO5025691,WDH7563,70,0,233,21,8.0,70,A
366972020,2021-07-26T12:42:20,42.13075,-87.28538,12.1,181.2,180.0,ARTHUR M ANDERSON,IMO5025691,WDH7563,70,0,233,21,8.0,70,A
366972020,2021-07-26T12:37:49,42.14596,-87.28492,12.1,181.0,180.0,ARTHUR M ANDERSON,IMO5025691,WDH7563,70,0,233,21,8.0,70,A
366972020,2021-07-26T07:46:00,43.12545,-87.12957,12.0,195.8,198.0,ARTHUR M ANDERSON,IMO5025691,WDH7563,70,0,233,21,8.0,70,A
366972020,2021-07-26T13:20:19,42.00288,-87.28891,12.1,180.9,180.0,ARTHUR M ANDERSON,IMO5025691,WDH7563,70,0,233,21,8.0,70,A
366972020,2021-07-26T13:12:52,42.0281,-87.28821,12.1,181.4,180.0,ARTHUR M ANDERSON,IMO5025691,WDH7563,70,0,233,21,8.0,70,A
366972020,2021-07-26T10:15:59,42.63259,-87.27057,12.3,181.8,182.0,ARTHUR M ANDERSON,IMO5025691,WDH7563,70,0,233,21,8.0,70,A
366972020,2021-07-26T12:41:09,42.13469,-87.28527,12.1,181.1,180.0,ARTHUR M ANDERSON,IMO5025691,WDH7563,70,0,233,21,8.0,70,A
366972020,2021-07-26T13:13:56,42.02473,-87.28835,12.1,181.5,180.0,ARTHUR M ANDERSON,IMO5025691,WDH7563,70,0,233,21,8.0,70,A
366972020,2021-07-26T07:48:19,43.11801,-87.13253,12.0,196.7,199.0,ARTHUR M ANDERSON,IMO5025691,WDH7563,70,0,233,21,8.0,70,A
366972020,2021-07-26T12:43:29,42.12689,-87.2855,12.1,181.9,181.0,ARTHUR M ANDERSON,IMO5025691,WDH7563,70,0,233,21,8.0,70,A
366972020,2021-07-26T12:48:00,42.11169,-87.28608,12.1,181.5,180.0,ARTHUR M ANDERSON,IMO5025691,WDH7563,70,0,233,21,8.0,70,A
366972020,2021-07-26T12:53:31,42.09318,-87.28659,12.1,180.6,179.0,ARTHUR M ANDERSON,IMO5025691,WDH7563,70,0,233,21,8.0,70,A
366972020,2021-07-26T12:44:30,42.12352,-87.28566,12.1,181.8,180.0,ARTHUR M ANDERSON,IMO5025691,WDH7563,70,0,233,21,8.0,70,A
366972020,2021-07-26T12:49:07,42.10837,-87.28617,12.1,181.0,179.0,ARTHUR M ANDERSON,IMO5025691,WDH7563,70,0,233,21,8.0,70,A
366972020,2021-07-26T12:54:40,42.08926,-87.28666,12.0,180.7,179.0,ARTHUR M ANDERSON,IMO5025691,WDH7563,70,0,233,21,8.0,70,A
366972020,2021-07-26T12:46:50,42.11556,-87.28595,12.1,181.1,180.0,ARTHUR M ANDERSON,IMO5025691,WDH7563,70,0,233,21,8.0,70,A
366972020,2021-07-26T12:32:12,42.165,-87.28441,12.1,181.4,180.0,ARTHUR M ANDERSON,IMO5025691,WDH7563,70,0,233,21,8.0,70,A
366972020,2021-07-26T12:52:30,42.09655,-87.28654,12.1,180.9,179.0,ARTHUR M ANDERSON,IMO5025691,WDH7563,70,0,233,21,8.0,70,A
366972020,2021-07-26T13:35:49,41.95069,-87.29042,12.1,181.2,180.0,ARTHUR M ANDERSON,IMO5025691,WDH7563,70,0,233,21,8.0,70,A
366972020,2021-07-26T12:55:41,42.0859,-87.28673,12.1,180.7,179.0,ARTHUR M ANDERSON,IMO5025691,WDH7563,70,0,233,21,8.0,70,A
366972020,2021-07-26T13:00:00,42.07132,-87.28719,12.1,181.1,179.0,ARTHUR M ANDERSON,IMO5025691,WDH7563,70,0,233,21,8.0,70,A
366972020,2021-07-26T13:43:31,41.92482,-87.29106,12.0,181.2,181.0,ARTHUR M ANDERSON,IMO5025691,WDH7563,70,0,233,21,8.0,70,A
366972020,2021-07-26T10:32:10,42.57675,-87.2722,12.4,181.7,181.0,ARTHUR M ANDERSON,IMO5025691,WDH7563,70,0,233,21,8.0,70,A
366972020,2021-07-26T13:06:30,42.04943,-87.28773,12.1,181.1,179.0,ARTHUR M ANDERSON,IMO5025691,WDH7563,70,0,233,21,8.0,70,A
366972020,2021-07-26T12:57:52,42.07854,-87.28697,12.1,181.5,180.0,ARTHUR M ANDERSON,IMO5025691,WDH7563,70,0,233,21,8.0,70,A
366972020,2021-07-26T13:34:42,41.95457,-87.29031,12.1,181.3,181.0,ARTHUR M ANDERSON,IMO5025691,WDH7563,70,0,233,21,8.0,70,A
366972020,2021-07-26T13:07:32,42.04608,-87.28784,12.1,181.2,180.0,ARTHUR M ANDERSON,IMO5025691,WDH7563,70,0,233,21,8.0,70,A
366972020,2021-07-26T13:05:20,42.05335,-87.28764,12.1,180.9,179.0,ARTHUR M ANDERSON,IMO5025691,WDH7563,70,0,233,21,8.0,70,A
366972020,2021-07-26T07:57:39,43.08801,-87.14428,11.9,195.4,197.0,ARTHUR M ANDERSON,IMO5025691,WDH7563,70,0,233,21,8.0,70,A
366972020,2021-07-26T13:42:30,41.92818,-87.29095,12.0,181.3,181.0,ARTHUR M ANDERSON,IMO5025691,WDH7563,70,0,233,21,8.0,70,A
366972020,2021-07-26T13:17:11,42.01344,-87.28864,12.1,181.3,180.0,ARTHUR M ANDERSON,IMO5025691,WDH7563,70,0,233,21,8.0,70,A
366972020,2021-07-26T12:50:11,42.10433,-87.28629,12.1,181.3,180.0,ARTHUR M ANDERSON,IMO5025691,WDH7563,70,0,233,21,8.0,70,A
366972020,2021-07-26T10:42:39,42.54041,-87.27319,12.5,181.5,181.0,ARTHUR M ANDERSON,IMO5025691,WDH7563,70,0,233,21,8.0,70,A
366972020,2021-07-26T13:15:00,42.0208,-87.28847,12.1,181.0,180.0,ARTHUR M ANDERSON,IMO5025691,WDH7563,70,0,233,21,8.0,70,A
366972020,2021-07-26T13:16:03,42.01745,-87.28853,12.1,180.9,180.0,ARTHUR M ANDERSON,IMO5025691,WDH7563,70,0,233,21,8.0,70,A
366972020,2021-07-26T13:52:09,41.89582,-87.29196,12.1,181.1,181.0,ARTHUR M ANDERSON,IMO5025691,WDH7563,70,0,233,21,8.0,70,A
366972020,2021-07-26T10:49:40,42.51604,-87.27404,12.5,181.1,181.0,ARTHUR M ANDERSON,IMO5025691,WDH7563,70,0,233,21,8.0,70,A
366972020,2021-07-26T13:02:09,42.06408,-87.28738,12.1,181.2,179.0,ARTHUR M ANDERSON,IMO5025691,WDH7563,70,0,233,21,8.0,70,A
366972020,2021-07-26T10:55:21,42.49631,-87.27446,12.5,181.0,181.0,ARTHUR M ANDERSON,IMO5025691,WDH7563,70,0,233,21,8.0,70,A
366972020,2021-07-26T13:58:45,41.87384,-87.29252,12.1,181.4,181.0,ARTHUR M ANDERSON,IMO5025691,WDH7563,70,0,233,21,8.0,70,A
366972020,2021-07-26T10:56:29,42.49236,-87.2746,12.5,181.5,181.0,ARTHUR M ANDERSON,IMO5025691,WDH7563,70,0,233,21,8.0,70,A
366972020,2021-07-26T13:27:00,41.98036,-87.2896,12.1,181.2,180.0,ARTHUR M ANDERSON,IMO5025691,WDH7563,70,0,233,21,8.0,70,A
366972020,2021-07-26T14:00:00,41.86934,-87.29269,12.1,181.7,182.0,ARTHUR M ANDERSON,IMO5025691,WDH7563,70,0,233,21,8.0,70,A
366972020,2021-07-26T13:04:12,42.05733,-87.28756,12.1,181.0,179.0,ARTHUR M ANDERSON,IMO5025691,WDH7563,70,0,233,21,8.0,70,A
366972020,2021-07-26T13:32:31,41.96185,-87.29009,12.1,181.3,181.0,ARTHUR M ANDERSON,IMO5025691,WDH7563,70,0,233,21,8.0,70,A
366972020,2021-07-26T14:12:10,41.82826,-87.29391,12.1,180.9,180.0,ARTHUR M ANDERSON,IMO5025691,WDH7563,70,0,233,21,8.0,70,A
366972020,2021-07-26T13:33:40,41.95793,-87.29019,12.1,181.4,181.0,ARTHUR M ANDERSON,IMO5025691,WDH7563,70,0,233,21,8.0,70,A
366972020,2021-07-26T13:30:20,41.96914,-87.28989,12.1,181.5,180.0,ARTHUR M ANDERSON,IMO5025691,WDH7563,70,0,233,21,8.0,70,A
366972020,2021-07-26T13:28:09,41.97648,-87.28968,12.1,181.0,180.0,ARTHUR M ANDERSON,IMO5025691,WDH7563,70,0,233,21,8.0,70,A
366972020,2021-07-26T14:05:29,41.85081,-87.29336,12.1,181.1,181.0,ARTHUR M ANDERSON,IMO5025691,WDH7563,70,0,233,21,8.0,70,A
366972020,2021-07-26T13:09:34,42.03933,-87.28799,12.1,180.5,179.0,ARTHUR M ANDERSON,IMO5025691,WDH7563,70,0,233,21,8.0,70,A
366972020,2021-07-26T13:41:20,41.93215,-87.29082,12.0,181.4,181.0,ARTHUR M ANDERSON,IMO5025691,WDH7563,70,0,233,21,8.0,70,A
366972020,2021-07-26T14:21:10,41.79797,-87.29484,12.0,181.1,180.0,ARTHUR M ANDERSON,IMO5025691,WDH7563,70,0,233,21,8.0,70,A
366972020,2021-07-26T13:39:10,41.93948,-87.29063,12.1,180.8,180.0,ARTHUR M ANDERSON,IMO5025691,WDH7563,70,0,233,21,8.0,70,A
366972020,2021-07-26T14:16:39,41.81312,-87.29439,12.1,180.9,180.0,ARTHUR M ANDERSON,IMO5025691,WDH7563,70,0,233,21,8.0,70,A
366972020,2021-07-26T14:23:29,41.79023,-87.29502,11.9,181.0,180.0,ARTHUR M ANDERSON,IMO5025691,WDH7563,70,0,233,21,8.0,70,A
366972020,2021-07-26T11:09:50,42.44615,-87.27609,12.3,181.4,181.0,ARTHUR M ANDERSON,IMO5025691,WDH7563,70,0,233,21,8.0,70,A
366972020,2021-07-26T14:24:30,41.78689,-87.29513,12.0,181.6,181.0,ARTHUR M ANDERSON,IMO5025691,WDH7563,70,0,233,21,8.0,70,A
366972020,2021-07-26T14:22:20,41.79406,-87.29493,12.0,181.0,180.0,ARTHUR M ANDERSON,IMO5025691,WDH7563,70,0,233,21,8.0,70,A
366972020,2021-07-26T13:22:40,41.99497,-87.28916,12.1,181.1,180.0,ARTHUR M ANDERSON,IMO5025691,WDH7563,70,0,233,21,8.0,70,A
366972020,2021-07-26T13:24:50,41.98761,-87.28937,12.1,181.5,180.0,ARTHUR M ANDERSON,IMO5025691,WDH7563,70,0,233,21,8.0,70,A
366972020,2021-07-26T08:12:50,43.03929,-87.16331,12.0,195.7,197.0,ARTHUR M ANDERSON,IMO5025691,WDH7563,70,0,233,21,8.0,70,A
366972020,2021-07-26T14:27:50,41.77573,-87.29546,11.9,181.3,181.0,ARTHUR M ANDERSON,IMO5025691,WDH7563,70,0,233,21,8.0,70,A
366972020,2021-07-26T11:19:40,42.41237,-87.27709,12.3,181.2,181.0,ARTHUR M ANDERSON,IMO5025691,WDH7563,70,0,233,21,8.0,70,A
366972020,2021-07-26T11:20:49,42.40834,-87.2772,12.3,181.1,181.0,ARTHUR M ANDERSON,IMO5025691,WDH7563,70,0,233,21,8.0,70,A
366972020,2021-07-26T13:51:02,41.89974,-87.29186,12.1,181.2,181.0,ARTHUR M ANDERSON,IMO5025691,WDH7563,70,0,233,21,8.0,70,A
366972020,2021-07-26T13:54:19,41.88846,-87.29213,12.1,181.3,181.0,ARTHUR M ANDERSON,IMO5025691,WDH7563,70,0,233,21,8.0,70,A
366972020,2021-07-26T14:32:10,41.76135,-87.29596,11.9,181.5,181.0,ARTHUR M ANDERSON,IMO5025691,WDH7563,70,0,233,21,8.0,70,A
366972020,2021-07-26T13:55:20,41.88508,-87.29222,12.1,181.3,181.0,ARTHUR M ANDERSON,IMO5025691,WDH7563,70,0,233,21,8.0,70,A
366972020,2021-07-26T11:24:11,42.39683,-87.2775,12.3,181.3,181.0,ARTHUR M ANDERSON,IMO5025691,WDH7563,70,0,233,21,8.0,70,A
366972020,2021-07-26T13:56:29,41.88121,-87.29233,12.1,181.2,181.0,ARTHUR M ANDERSON,IMO5025691,WDH7563,70,0,233,21,8.0,70,A
366972020,2021-07-26T08:15:09,43.03179,-87.16615,12.0,195.8,197.0,ARTHUR M ANDERSON,IMO5025691,WDH7563,70,0,233,21,8.0,70,A
366972020,2021-07-26T14:02:10,41.86208,-87.29295,12.1,181.6,181.0,ARTHUR M ANDERSON,IMO5025691,WDH7563,70,0,233,21,8.0,70,A
366972020,2021-07-26T11:28:49,42.38087,-87.27797,12.3,180.9,180.0,ARTHUR M ANDERSON,IMO5025691,WDH7563,70,0,233,21,8.0,70,A
366972020,2021-07-26T14:38:51,41.73904,-87.29656,11.9,181.5,181.0,ARTHUR M ANDERSON,IMO5025691,WDH7563,70,0,233,21,8.0,70,A
366972020,2021-07-26T14:03:20,41.85802,-87.29314,12.1,181.7,182.0,ARTHUR M ANDERSON,IMO5025691,WDH7563,70,0,233,21,8.0,70,A
366972020,2021-07-26T14:43:12,41.72472,-87.29693,11.8,180.4,180.0,ARTHUR M ANDERSON,IMO5025691,WDH7563,70,0,233,21,8.0,70,A
366972020,2021-07-26T14:01:09,41.86545,-87.29284,12.1,181.8,182.0,ARTHUR M ANDERSON,IMO5025691,WDH7563,70,0,233,21,8.0,70,A
366972020,2021-07-26T14:44:20,41.72093,-87.29695,11.8,180.7,180.0,ARTHUR M ANDERSON,IMO5025691,WDH7563,70,0,233,21,8.0,70,A
366972020,2021-07-26T14:06:39,41.84682,-87.29348,12.1,181.1,181.0,ARTHUR M ANDERSON,IMO5025691,WDH7563,70,0,233,21,8.0,70,A
366972020,2021-07-26T13:44:32,41.92145,-87.29119,12.0,181.7,181.0,ARTHUR M ANDERSON,IMO5025691,WDH7563,70,0,233,21,8.0,70,A
366972020,2021-07-26T14:48:40,41.70744,-87.30113,11.4,207.5,208.0,ARTHUR M ANDERSON,IMO5025691,WDH7563,70,0,233,21,8.0,70,A
366972020,2021-07-26T14:10:59,41.83225,-87.29381,12.1,180.8,180.0,ARTHUR M ANDERSON,IMO5025691,WDH7563,70,0,233,21,8.0,70,A
366972020,2021-07-26T14:53:03,41.6953,-87.31034,11.6,210.2,210.0,ARTHUR M ANDERSON,IMO5025691,WDH7563,70,0,233,21,8.0,70,A
366972020,2021-07-26T14:56:14,41.68653,-87.31711,11.3,210.2,210.0,ARTHUR M ANDERSON,IMO5025691,WDH7563,70,0,233,21,8.0,70,A
366972020,2021-07-26T14:13:11,41.82487,-87.29401,12.1,181.4,181.0,ARTHUR M ANDERSON,IMO5025691,WDH7563,70,0,233,21,8.0,70,A
366972020,2021-07-26T14:14:20,41.82093,-87.29415,12.1,181.8,181.0,ARTHUR M ANDERSON,IMO5025691,WDH7563,70,0,233,21,8.0,70,A
366972020,2021-07-26T14:15:30,41.817,-87.2943,12.1,181.2,180.0,ARTHUR M ANDERSON,IMO5025691,WDH7563,70,0,233,21,8.0,70,A
366972020,2021-07-26T11:42:40,42.33332,-87.27935,12.2,181.1,180.0,ARTHUR M ANDERSON,IMO5025691,WDH7563,70,0,233,21,8.0,70,A
366972020,2021-07-26T11:43:49,42.32942,-87.27945,12.2,181.1,180.0,ARTHUR M ANDERSON,IMO5025691,WDH7563,70,0,233,21,8.0,70,A
366972020,2021-07-26T14:59:30,41.67749,-87.32309,10.3,189.6,189.0,ARTHUR M ANDERSON,IMO5025691,WDH7563,70,0,233,21,8.0,70,A
366972020,2021-07-26T15:03:19,41.66746,-87.3228,8.9,177.3,177.0,ARTHUR M ANDERSON,IMO5025691,WDH7563,70,0,233,21,8.0,70,A
366972020,2021-07-26T14:25:39,41.783,-87.29523,11.9,180.7,180.0,ARTHUR M ANDERSON,IMO5025691,WDH7563,70,0,233,21,8.0,70,A
366972020,2021-07-26T14:19:59,41.80193,-87.29473,12.0,181.0,180.0,ARTHUR M ANDERSON,IMO5025691,WDH7563,70,0,233,21,8.0,70,A
366972020,2021-07-26T15:05:29,41.66233,-87.32249,8.2,177.7,177.0,ARTHUR M ANDERSON,IMO5025691,WDH7563,70,0,233,21,8.0,70,A
366972020,2021-07-26T15:11:50,41.6499,-87.32184,5.9,177.6,176.0,ARTHUR M ANDERSON,IMO5025691,WDH7563,70,0,233,21,8.0,70,A
366972020,2021-07-26T14:31:09,41.76468,-87.29584,11.9,181.7,181.0,ARTHUR M ANDERSON,IMO5025691,WDH7563,70,0,233,21,8.0,70,A
366972020,2021-07-26T14:34:29,41.75358,-87.29617,11.9,180.5,180.0,ARTHUR M ANDERSON,IMO5025691,WDH7563,70,0,233,21,8.0,70,A
366972020,2021-07-26T14:07:41,41.84344,-87.29357,12.1,181.3,181.0,ARTHUR M ANDERSON,IMO5025691,WDH7563,70,0,233,21,8.0,70,A
366972020,2021-07-26T14:35:39,41.7497,-87.29624,11.9,181.0,180.0,ARTHUR M ANDERSON,IMO5025691,WDH7563,70,0,233,21,8.0,70,A
366972020,2021-07-26T08:28:50,42.9875,-87.18343,12.1,196.4,198.0,ARTHUR M ANDERSON,IMO5025691,WDH7563,70,0,233,21,8.0,70,A
366972020,2021-07-26T14:36:40,41.74636,-87.29633,11.9,181.1,181.0,ARTHUR M ANDERSON,IMO5025691,WDH7563,70,0,233,21,8.0,70,A
366972020,2021-07-26T12:07:40,42.248,-87.28196,12.2,181.7,181.0,ARTHUR M ANDERSON,IMO5025691,WDH7563,70,0,233,21,8.0,70,A
366972020,2021-07-26T14:37:49,41.74249,-87.29644,11.9,181.6,181.0,ARTHUR M ANDERSON,IMO5025691,WDH7563,70,0,233,21,8.0,70,A
366972020,2021-07-26T12:08:41,42.2446,-87.28209,12.2,181.1,180.0,ARTHUR M ANDERSON,IMO5025691,WDH7563,70,0,233,21,8.0,70,A
366972020,2021-07-26T14:39:52,41.73574,-87.29668,11.9,181.5,181.0,ARTHUR M ANDERSON,IMO5025691,WDH7563,70,0,233,21,8.0,70,A
366972020,2021-07-26T14:47:33,41.71081,-87.299,11.5,201.0,201.0,ARTHUR M ANDERSON,IMO5025691,WDH7563,70,0,233,21,8.0,70,A
366972020,2021-07-26T15:31:00,41.63296,-87.31701,0.7,328.5,57.0,ARTHUR M ANDERSON,IMO5025691,WDH7563,70,0,233,21,8.0,70,A
366972020,2021-07-26T14:42:10,41.72802,-87.29687,11.8,181.0,180.0,ARTHUR M ANDERSON,IMO5025691,WDH7563,70,0,233,21,8.0,70,A
366972020,2021-07-26T14:49:41,41.70464,-87.30318,11.5,209.4,209.0,ARTHUR M ANDERSON,IMO5025691,WDH7563,70,0,233,21,8.0,70,A
366972020,2021-07-26T14:50:49,41.70143,-87.30561,11.5,209.5,209.0,ARTHUR M ANDERSON,IMO5025691,WDH7563,70,0,233,21,8.0,70,A
366972020,2021-07-26T12:14:12,42.2259,-87.28256,12.2,181.1,180.0,ARTHUR M ANDERSON,IMO5025691,WDH7563,70,0,233,21,8.0,70,A
366972020,2021-07-26T15:22:42,41.63513,-87.32086,4.0,167.3,168.0,ARTHUR M ANDERSON,IMO5025691,WDH7563,70,0,233,21,8.0,70,A
366972020,2021-07-26T08:41:29,42.94667,-87.19947,12.0,195.7,197.0,ARTHUR M ANDERSON,IMO5025691,WDH7563,70,0,233,21,8.0,70,A
366972020,2021-07-26T14:30:03,41.7685,-87.29566,12.0,181.5,181.0,ARTHUR M ANDERSON,IMO5025691,WDH7563,70,0,233,21,8.0,70,A
366972020,2021-07-26T14:54:09,41.69214,-87.31278,11.6,209.9,209.0,ARTHUR M ANDERSON,IMO5025691,WDH7563,70,0,233,21,8.0,70,A
366972020,2021-07-26T12:22:09,42.19884,-87.28339,12.1,182.1,181.0,ARTHUR M ANDERSON,IMO5025691,WDH7563,70,0,233,21,8.0,70,A
366972020,2021-07-26T08:44:59,42.93536,-87.20387,12.0,195.9,197.0,ARTHUR M ANDERSON,IMO5025691,WDH7563,70,0,233,21,8.0,70,A
366972020,2021-07-26T15:44:09,41.62909,-87.32109,2.1,227.4,42.0,ARTHUR M ANDERSON,IMO5025691,WDH7563,70,0,233,21,8.0,70,A
366972020,2021-07-26T12:26:41,42.18351,-87.28383,12.1,181.0,180.0,ARTHUR M ANDERSON,IMO5025691,WDH7563,70,0,233,21,8.0,70,A
366972020,2021-07-26T12:27:50,42.17963,-87.28394,12.1,181.5,180.0,ARTHUR M ANDERSON,IMO5025691,WDH7563,70,0,233,21,8.0,70,A
366972020,2021-07-26T15:38:40,41.63144,-87.31881,1.6,201.7,28.0,ARTHUR M ANDERSON,IMO5025691,WDH7563,70,0,233,21,8.0,70,A
366972020,2021-07-26T15:00:00,41.67605,-87.32322,9.9,181.6,181.0,ARTHUR M ANDERSON,IMO5025691,WDH7563,70,0,233,21,8.0,70,A
366972020,2021-07-26T12:28:59,42.17569,-87.28408,12.1,181.4,180.0,ARTHUR M ANDERSON,IMO5025691,WDH7563,70,0,233,21,8.0,70,A
366972020,2021-07-26T14:57:21,41.68334,-87.31959,11.1,210.1,210.0,ARTHUR M ANDERSON,IMO5025691,WDH7563,70,0,233,21,8.0,70,A
366972020,2021-07-26T12:33:19,42.16113,-87.28456,12.1,181.6,180.0,ARTHUR M ANDERSON,IMO5025691,WDH7563,70,0,233,21,8.0,70,A
366972020,2021-07-26T15:09:41,41.65367,-87.32203,6.7,177.6,176.0,ARTHUR M ANDERSON,IMO5025691,WDH7563,70,0,233,21,8.0,70,A
366972020,2021-07-26T15:06:30,41.66009,-87.32237,7.8,177.6,177.0,ARTHUR M ANDERSON,IMO5025691,WDH7563,70,0,233,21,8.0,70,A
366972020,2021-07-26T15:54:05,41.62409,-87.32479,1.9,187.4,1.0,ARTHUR M ANDERSON,IMO5025691,WDH7563,70,0,233,21,8.0,70,A
366972020,2021-07-26T14:45:30,41.7171,-87.29706,11.8,182.8,182.0,ARTHUR M ANDERSON,IMO5025691,WDH7563,70,0,233,21,8.0,70,A
366972020,2021-07-26T15:08:32,41.6559,-87.32215,7.1,177.7,177.0,ARTHUR M ANDERSON,IMO5025691,WDH7563,70,0,233,21,8.0,70,A
366972020,2021-07-26T15:12:59,41.64804,-87.32173,5.6,177.7,176.0,ARTHUR M ANDERSON,IMO5025691,WDH7563,70,0,233,21,8.0,70,A
366972020,2021-07-26T16:00:00,41.62098,-87.32479,1.6,176.9,355.0,ARTHUR M ANDERSON,IMO5025691,WDH7563,70,0,233,21,8.0,70,A
366972020,2021-07-26T15:07:31,41.65791,-87.32225,7.4,177.4,176.0,ARTHUR M ANDERSON,IMO5025691,WDH7563,70,0,233,21,8.0,70,A
366972020,2021-07-26T15:17:20,41.64176,-87.32141,4.8,177.8,176.0,ARTHUR M ANDERSON,IMO5025691,WDH7563,70,0,233,21,8.0,70,A
366972020,2021-07-26T15:53:00,41.62463,-87.3247,2.0,185.6,3.0,ARTHUR M ANDERSON,IMO5025691,WDH7563,70,0,233,21,8.0,70,A
366972020,2021-07-26T14:55:10,41.6893,-87.31498,11.6,209.9,210.0,ARTHUR M ANDERSON,IMO5025691,WDH7563,70,0,233,21,8.0,70,A
366972020,2021-07-26T15:20:39,41.63753,-87.32116,4.4,177.1,175.0,ARTHUR M ANDERSON,IMO5025691,WDH7563,70,0,233,21,8.0,70,A
366972020,2021-07-26T15:24:47,41.63332,-87.31956,3.0,139.2,141.0,ARTHUR M ANDERSON,IMO5025691,WDH7563,70,0,233,21,8.0,70,A
366972020,2021-07-26T16:10:10,41.61917,-87.32454,0.0,228.5,359.0,ARTHUR M ANDERSON,IMO5025691,WDH7563,70,0,233,21,8.0,70,A
366972020,2021-07-26T15:01:11,41.67291,-87.32313,9.3,177.2,176.0,ARTHUR M ANDERSON,IMO5025691,WDH7563,70,0,233,21,8.0,70,A
366972020,2021-07-26T15:26:51,41.63254,-87.3181,1.8,109.6,117.0,ARTHUR M ANDERSON,IMO5025691,WDH7563,70,0,233,21,8.0,70,A
366972020,2021-07-26T08:55:29,42.90138,-87.21716,12.1,195.6,196.0,ARTHUR M ANDERSON,IMO5025691,WDH7563,70,0,233,21,8.0,70,A
366972020,2021-07-26T12:51:19,42.10052,-87.28642,12.1,181.3,180.0,ARTHUR M ANDERSON,IMO5025691,WDH7563,70,0,233,21,8.0,70,A
366972020,2021-07-26T15:29:57,41.63276,-87.31696,0.8,10.6,72.0,ARTHUR M ANDERSON,IMO5025691,WDH7563,70,0,233,21,8.0,70,A
366972020,2021-07-26T16:14:39,41.61917,-87.32454,0.0,102.4,359.0,ARTHUR M ANDERSON,IMO5025691,WDH7563,70,0,233,21,8.0,70,A
366972020,2021-07-26T08:56:40,42.89753,-87.21864,12.1,195.6,196.0,ARTHUR M ANDERSON,IMO5025691,WDH7563,70,0,233,21,8.0,70,A
366972020,2021-07-26T15:28:54,41.63254,-87.31712,0.9,58.1,90.0,ARTHUR M ANDERSON,IMO5025691,WDH7563,70,0,233,21,8.0,70,A
366972020,2021-07-26T16:06:40,41.61918,-87.32456,0.0,247.4,359.0,ARTHUR M ANDERSON,IMO5025691,WDH7563,70,0,233,21,8.0,70,A
366972020,2021-07-26T15:25:50,41.6328,-87.31878,2.4,126.5,130.0,ARTHUR M ANDERSON,IMO5025691,WDH7563,70,0,233,21,8.0,70,A
366972020,2021-07-26T08:59:00,42.88997,-87.22157,12.1,195.7,196.0,ARTHUR M ANDERSON,IMO5025691,WDH7563,70,0,233,21,8.0,70,A
366972020,2021-07-26T15:32:01,41.63304,-87.31721,0.5,283.4,44.0,ARTHUR M ANDERSON,IMO5025691,WDH7563,70,0,233,21,8.0,70,A
366972020,2021-07-26T15:36:30,41.63226,-87.31829,1.3,208.9,27.0,ARTHUR M ANDERSON,IMO5025691,WDH7563,70,0,233,21,8.0,70,A
366972020,2021-07-26T15:27:53,41.63246,-87.31752,1.3,92.1,104.0,ARTHUR M ANDERSON,IMO5025691,WDH7563,70,0,233,21,8.0,70,A
366972020,2021-07-26T15:10:42,41.65186,-87.32192,6.3,178.0,176.0,ARTHUR M ANDERSON,IMO5025691,WDH7563,70,0,233,21,8.0,70,A
366972020,2021-07-26T16:12:20,41.61917,-87.32454,0.0,253.1,359.0,ARTHUR M ANDERSON,IMO5025691,WDH7563,70,0,233,21,8.0,70,A
366972020,2021-07-26T16:13:30,41.61916,-87.32454,0.0,191.9,359.0,ARTHUR M ANDERSON,IMO5025691,WDH7563,70,0,233,21,8.0,70,A
366972020,2021-07-26T15:14:00,41.6465,-87.32166,5.4,177.9,176.0,ARTHUR M ANDERSON,IMO5025691,WDH7563,70,0,233,21,8.0,70,A
366972020,2021-07-26T16:15:41,41.61917,-87.32454,0.0,106.3,359.0,ARTHUR M ANDERSON,IMO5025691,WDH7563,70,0,233,21,8.0,70,A
366972020,2021-07-26T16:16:50,41.61917,-87.32454,0.0,197.6,359.0,ARTHUR M ANDERSON,IMO5025691,WDH7563,70,0,233,21,8.0,70,A
366972020,2021-07-26T15:39:50,41.63091,-87.31907,1.7,203.2,35.0,ARTHUR M ANDERSON,IMO5025691,WDH7563,70,0,233,21,8.0,70,A
366972020,2021-07-26T16:30:13,41.61917,-87.32452,0.0,62.3,359.0,ARTHUR M ANDERSON,IMO5025691,WDH7563,70,0,233,21,8.0,70,A
366972020,2021-07-26T15:45:21,41.62862,-87.32184,2.2,230.8,37.0,ARTHUR M ANDERSON,IMO5025691,WDH7563,70,0,233,21,8.0,70,A
366972020,2021-07-26T13:08:33,42.0427,-87.28794,12.1,181.1,179.0,ARTHUR M ANDERSON,IMO5025691,WDH7563,70,0,233,21,8.0,70,A
366972020,2021-07-26T15:40:52,41.63047,-87.3194,1.8,214.6,40.0,ARTHUR M ANDERSON,IMO5025691,WDH7563,70,0,233,21,8.0,70,A
366972020,2021-07-26T15:50:50,41.62589,-87.32442,2.1,197.7,7.0,ARTHUR M ANDERSON,IMO5025691,WDH7563,70,0,233,21,8.0,70,A
366972020,2021-07-26T16:26:00,41.61917,-87.32453,0.0,304.4,359.0,ARTHUR M ANDERSON,IMO5025691,WDH7563,70,0,233,21,8.0,70,A
366972020,2021-07-26T13:19:13,42.00671,-87.28882,12.1,181.0,180.0,ARTHUR M ANDERSON,IMO5025691,WDH7563,70,0,233,21,8.0,70,A
366972020,2021-07-26T13:23:41,41.99159,-87.28926,12.1,181.1,180.0,ARTHUR M ANDERSON,IMO5025691,WDH7563,70,0,233,21,8.0,70,A
366972020,2021-07-26T15:37:39,41.63184,-87.31859,1.5,204.4,26.0,ARTHUR M ANDERSON,IMO5025691,WDH7563,70,0,233,21,8.0,70,A
366972020,2021-07-26T16:02:10,41.62005,-87.32468,1.4,172.5,357.0,ARTHUR M ANDERSON,IMO5025691,WDH7563,70,0,233,21,8.0,70,A
366972020,2021-07-26T09:08:09,42.86028,-87.23319,12.1,196.0,197.0,ARTHUR M ANDERSON,IMO5025691,WDH7563,70,0,233,21,8.0,70,A
366972020,2021-07-26T13:29:19,41.97257,-87.28978,12.1,181.3,180.0,ARTHUR M ANDERSON,IMO5025691,WDH7563,70,0,233,21,8.0,70,A
366972020,2021-07-26T13:31:30,41.96522,-87.28998,12.1,181.0,180.0,ARTHUR M ANDERSON,IMO5025691,WDH7563,70,0,233,21,8.0,70,A
366972020,2021-07-26T15:58:31,41.62171,-87.32485,1.7,176.2,355.0,ARTHUR M ANDERSON,IMO5025691,WDH7563,70,0,233,21,8.0,70,A
366972020,2021-07-26T15:59:33,41.62121,-87.32479,1.7,176.3,355.0,ARTHUR M ANDERSON,IMO5025691,WDH7563,70,0,233,21,8.0,70,A
366972020,2021-07-26T16:07:50,41.61917,-87.32455,0.0,6.2,359.0,ARTHUR M ANDERSON,IMO5025691,WDH7563,70,0,233,21,8.0,70,A
366972020,2021-07-26T16:50:09,41.61919,-87.32454,0.0,340.1,359.0,ARTHUR M ANDERSON,IMO5025691,WDH7563,70,0,233,21,8.0,70,A
366972020,2021-07-26T13:37:01,41.94666,-87.29052,12.0,180.7,180.0,ARTHUR M ANDERSON,IMO5025691,WDH7563,70,0,233,21,8.0,70,A
366972020,2021-07-26T13:38:09,41.94286,-87.29057,12.0,180.7,180.0,ARTHUR M ANDERSON,IMO5025691,WDH7563,70,0,233,21,8.0,70,A
366972020,2021-07-26T17:01:09,41.61917,-87.32451,0.0,260.6,359.0,ARTHUR M ANDERSON,IMO5025691,WDH7563,70,0,233,21,8.0,70,A
366972020,2021-07-26T13:40:19,41.9355,-87.29074,12.1,181.1,181.0,ARTHUR M ANDERSON,IMO5025691,WDH7563,70,0,233,21,8.0,70,A
366972020,2021-07-26T16:05:30,41.61919,-87.32454,0.3,180.2,359.0,ARTHUR M ANDERSON,IMO5025691,WDH7563,70,0,233,21,8.0,70,A
366972020,2021-07-26T17:06:50,41.61917,-87.32453,0.0,53.8,359.0,ARTHUR M ANDERSON,IMO5025691,WDH7563,70,0,233,21,8.0,70,A
366972020,2021-07-26T15:56:21,41.62282,-87.32491,1.9,178.7,356.0,ARTHUR M ANDERSON,IMO5025691,WDH7563,70,0,233,21,8.0,70,A
366972020,2021-07-26T17:07:59,41.61918,-87.32455,0.0,104.5,359.0,ARTHUR M ANDERSON,IMO5025691,WDH7563,70,0,233,21,8.0,70,A
366972020,2021-07-26T13:46:50,41.91368,-87.29136,12.0,180.9,181.0,ARTHUR M ANDERSON,IMO5025691,WDH7563,70,0,233,21,8.0,70,A
366972020,2021-07-26T13:47:51,41.91033,-87.29145,12.0,181.5,181.0,ARTHUR M ANDERSON,IMO5025691,WDH7563,70,0,233,21,8.0,70,A
366972020,2021-07-26T13:48:52,41.90692,-87.2916,12.0,181.9,182.0,ARTHUR M ANDERSON,IMO5025691,WDH7563,70,0,233,21,8.0,70,A
366972020,2021-07-26T16:01:03,41.62055,-87.32475,1.6,175.7,355.0,ARTHUR M ANDERSON,IMO5025691,WDH7563,70,0,233,21,8.0,70,A
366972020,2021-07-26T16:23:40,41.61917,-87.32453,0.0,257.4,359.0,ARTHUR M ANDERSON,IMO5025691,WDH7563,70,0,233,21,8.0,70,A
366972020,2021-07-26T17:13:41,41.61919,-87.32452,0.0,352.7,359.0,ARTHUR M ANDERSON,IMO5025691,WDH7563,70,0,233,21,8.0,70,A
366972020,2021-07-26T17:15:51,41.6192,-87.32454,0.0,329.1,359.0,ARTHUR M ANDERSON,IMO5025691,WDH7563,70,0,233,21,8.0,70,A
366972020,2021-07-26T13:53:10,41.89245,-87.29203,12.1,181.0,181.0,ARTHUR M ANDERSON,IMO5025691,WDH7563,70,0,233,21,8.0,70,A
366972020,2021-07-26T16:27:01,41.61916,-87.32452,0.0,84.1,359.0,ARTHUR M ANDERSON,IMO5025691,WDH7563,70,0,233,21,8.0,70,A
366972020,2021-07-26T16:04:19,41.61936,-87.32454,0.7,172.4,359.0,ARTHUR M ANDERSON,IMO5025691,WDH7563,70,0,233,21,8.0,70,A
366972020,2021-07-26T16:20:10,41.61916,-87.32454,0.0,185.8,359.0,ARTHUR M ANDERSON,IMO5025691,WDH7563,70,0,233,21,8.0,70,A
366972020,2021-07-26T16:21:30,41.61916,-87.32453,0.0,99.7,359.0,ARTHUR M ANDERSON,IMO5025691,WDH7563,70,0,233,21,8.0,70,A
366972020,2021-07-26T17:22:40,41.61919,-87.32454,0.0,357.0,359.0,ARTHUR M ANDERSON,IMO5025691,WDH7563,70,0,233,21,8.0,70,A
366972020,2021-07-26T16:31:20,41.61917,-87.32452,0.0,350.0,359.0,ARTHUR M ANDERSON,IMO5025691,WDH7563,70,0,233,21,8.0,70,A
366972020,2021-07-26T16:34:42,41.61917,-87.32452,0.0,106.7,359.0,ARTHUR M ANDERSON,IMO5025691,WDH7563,70,0,233,21,8.0,70,A
366972020,2021-07-26T16:28:09,41.61917,-87.32453,0.0,231.6,359.0,ARTHUR M ANDERSON,IMO5025691,WDH7563,70,0,233,21,8.0,70,A
366972020,2021-07-26T13:59:50,41.8699,-87.29267,12.1,181.5,181.0,ARTHUR M ANDERSON,IMO5025691,WDH7563,70,0,233,21,8.0,70,A
366972020,2021-07-26T17:21:31,41.61919,-87.32456,0.0,270.2,359.0,ARTHUR M ANDERSON,IMO5025691,WDH7563,70,0,233,21,8.0,70,A
366972020,2021-07-26T16:38:00,41.61917,-87.32452,0.0,284.5,359.0,ARTHUR M ANDERSON,IMO5025691,WDH7563,70,0,233,21,8.0,70,A
366972020,2021-07-26T17:32:41,41.61921,-87.32456,0.0,15.1,359.0,ARTHUR M ANDERSON,IMO5025691,WDH7563,70,0,233,21,8.0,70,A
366972020,2021-07-26T17:23:50,41.61919,-87.32455,0.0,320.7,359.0,ARTHUR M ANDERSON,IMO5025691,WDH7563,70,0,233,21,8.0,70,A
366972020,2021-07-26T16:36:50,41.61918,-87.32452,0.0,40.3,359.0,ARTHUR M ANDERSON,IMO5025691,WDH7563,70,0,233,21,8.0,70,A
366972020,2021-07-26T14:04:21,41.85464,-87.29324,12.1,181.3,181.0,ARTHUR M ANDERSON,IMO5025691,WDH7563,70,0,233,21,8.0,70,A
366972020,2021-07-26T17:28:10,41.6192,-87.32455,0.0,53.4,359.0,ARTHUR M ANDERSON,IMO5025691,WDH7563,70,0,233,21,8.0,70,A
366972020,2021-07-26T16:22:39,41.61917,-87.32453,0.0,236.5,359.0,ARTHUR M ANDERSON,IMO5025691,WDH7563,70,0,233,21,8.0,70,A
366972020,2021-07-26T17:29:20,41.6192,-87.32457,0.0,349.4,359.0,ARTHUR M ANDERSON,IMO5025691,WDH7563,70,0,233,21,8.0,70,A
366972020,2021-07-26T16:39:02,41.61918,-87.32453,0.0,13.4,359.0,ARTHUR M ANDERSON,IMO5025691,WDH7563,70,0,233,21,8.0,70,A
366972020,2021-07-26T14:09:50,41.83613,-87.29372,12.1,181.1,180.0,ARTHUR M ANDERSON,IMO5025691,WDH7563,70,0,233,21,8.0,70,A
366972020,2021-07-26T17:31:30,41.61921,-87.32456,0.0,309.9,359.0,ARTHUR M ANDERSON,IMO5025691,WDH7563,70,0,233,21,8.0,70,A
366972020,2021-07-26T16:43:31,41.61918,-87.32452,0.0,358.8,359.0,ARTHUR M ANDERSON,IMO5025691,WDH7563,70,0,233,21,8.0,70,A
366972020,2021-07-26T17:40:30,41.61919,-87.32456,0.0,77.0,359.0,ARTHUR M ANDERSON,IMO5025691,WDH7563,70,0,233,21,8.0,70,A
366972020,2021-07-26T09:24:10,42.80814,-87.25348,12.2,196.1,196.0,ARTHUR M ANDERSON,IMO5025691,WDH7563,70,0,233,21,8.0,70,A
366972020,2021-07-26T09:28:31,42.79397,-87.25901,12.2,195.5,196.0,ARTHUR M ANDERSON,IMO5025691,WDH7563,70,0,233,21,8.0,70,A
366972020,2021-07-26T16:49:00,41.61918,-87.32453,0.0,23.6,359.0,ARTHUR M ANDERSON,IMO5025691,WDH7563,70,0,233,21,8.0,70,A
366972020,2021-07-26T16:46:50,41.61919,-87.32455,0.0,12.6,359.0,ARTHUR M ANDERSON,IMO5025691,WDH7563,70,0,233,21,8.0,70,A
366972020,2021-07-26T17:46:55,41.61921,-87.32457,0.0,305.5,359.0,ARTHUR M ANDERSON,IMO5025691,WDH7563,70,0,233,21,8.0,70,A
366972020,2021-07-26T14:17:50,41.80914,-87.29448,12.1,181.2,180.0,ARTHUR M ANDERSON,IMO5025691,WDH7563,70,0,233,21,8.0,70,A
366972020,2021-07-26T17:38:09,41.61921,-87.32456,0.0,356.4,359.0,ARTHUR M ANDERSON,IMO5025691,WDH7563,70,0,233,21,8.0,70,A
366972020,2021-07-26T16:51:10,41.61919,-87.32453,0.0,357.1,359.0,ARTHUR M ANDERSON,IMO5025691,WDH7563,70,0,233,21,8.0,70,A
366972020,2021-07-26T16:56:59,41.61917,-87.32453,0.0,343.5,359.0,ARTHUR M ANDERSON,IMO5025691,WDH7563,70,0,233,21,8.0,70,A
366972020,2021-07-26T16:58:11,41.61918,-87.32453,0.0,73.0,359.0,ARTHUR M ANDERSON,IMO5025691,WDH7563,70,0,233,21,8.0,70,A
366972020,2021-07-26T16:59:20,41.61917,-87.32453,0.0,19.5,359.0,ARTHUR M ANDERSON,IMO5025691,WDH7563,70,0,233,21,8.0,70,A
366972020,2021-07-26T16:42:20,41.61918,-87.32452,0.0,40.1,359.0,ARTHUR M ANDERSON,IMO5025691,WDH7563,70,0,233,21,8.0,70,A
366972020,2021-07-26T17:02:10,41.61917,-87.32452,0.0,101.4,359.0,ARTHUR M ANDERSON,IMO5025691,WDH7563,70,0,233,21,8.0,70,A
366972020,2021-07-26T17:03:20,41.61917,-87.32453,0.0,116.6,359.0,ARTHUR M ANDERSON,IMO5025691,WDH7563,70,0,233,21,8.0,70,A
366972020,2021-07-26T16:55:50,41.61918,-87.32453,0.0,319.9,359.0,ARTHUR M ANDERSON,IMO5025691,WDH7563,70,0,233,21,8.0,70,A
366972020,2021-07-26T14:29:00,41.77184,-87.29555,12.0,181.2,181.0,ARTHUR M ANDERSON,IMO5025691,WDH7563,70,0,233,21,8.0,70,A
366972020,2021-07-26T09:35:31,42.7709,-87.26596,12.0,181.2,181.0,ARTHUR M ANDERSON,IMO5025691,WDH7563,70,0,233,21,8.0,70,A
366972020,2021-07-26T09:38:00,42.7625,-87.26642,12.2,182.1,182.0,ARTHUR M ANDERSON,IMO5025691,WDH7563,70,0,233,21,8.0,70,A
366972020,2021-07-26T17:10:10,41.61918,-87.32454,0.0,25.7,359.0,ARTHUR M ANDERSON,IMO5025691,WDH7563,70,0,233,21,8.0,70,A
366972020,2021-07-26T17:56:00,41.6192,-87.32456,0.0,161.6,359.0,ARTHUR M ANDERSON,IMO5025691,WDH7563,70,0,233,21,8.0,70,A
366972020,2021-07-26T09:41:19,42.75121,-87.26689,12.2,181.2,181.0,ARTHUR M ANDERSON,IMO5025691,WDH7563,70,0,233,21,8.0,70,A
366972020,2021-07-26T18:05:21,41.61921,-87.32456,0.0,136.5,359.0,ARTHUR M ANDERSON,IMO5025691,WDH7563,70,0,233,21,8.0,70,A
366972020,2021-07-26T17:19:10,41.61919,-87.32455,0.0,272.4,359.0,ARTHUR M ANDERSON,IMO5025691,WDH7563,70,0,233,21,8.0,70,A
366972020,2021-07-26T14:40:59,41.73198,-87.29677,11.9,180.9,180.0,ARTHUR M ANDERSON,IMO5025691,WDH7563,70,0,233,21,8.0,70,A
366972020,2021-07-26T17:00:00,41.61918,-87.32452,0.0,22.9,359.0,ARTHUR M ANDERSON,IMO5025691,WDH7563,70,0,233,21,8.0,70,A
366972020,2021-07-26T17:25:01,41.61919,-87.32454,0.0,82.9,359.0,ARTHUR M ANDERSON,IMO5025691,WDH7563,70,0,233,21,8.0,70,A
366972020,2021-07-26T18:14:10,41.61921,-87.32456,0.0,184.2,359.0,ARTHUR M ANDERSON,IMO5025691,WDH7563,70,0,233,21,8.0,70,A
366972020,2021-07-26T17:12:30,41.61919,-87.32454,0.0,318.6,359.0,ARTHUR M ANDERSON,IMO5025691,WDH7563,70,0,233,21,8.0,70,A
366972020,2021-07-26T18:22:49,41.61921,-87.32457,0.0,185.9,359.0,ARTHUR M ANDERSON,IMO5025691,WDH7563,70,0,233,21,8.0,70,A
366972020,2021-07-26T14:46:32,41.71387,-87.2977,11.6,192.2,193.0,ARTHUR M ANDERSON,IMO5025691,WDH7563,70,0,233,21,8.0,70,A
366972020,2021-07-26T18:26:10,41.6192,-87.32455,0.0,185.7,359.0,ARTHUR M ANDERSON,IMO5025691,WDH7563,70,0,233,21,8.0,70,A
366972020,2021-07-26T17:33:42,41.61921,-87.32456,0.0,329.2,359.0,ARTHUR M ANDERSON,IMO5025691,WDH7563,70,0,233,21,8.0,70,A
366972020,2021-07-26T18:19:28,41.6192,-87.32456,0.0,187.6,359.0,ARTHUR M ANDERSON,IMO5025691,WDH7563,70,0,233,21,8.0,70,A
366972020,2021-07-26T18:29:31,41.61919,-87.32457,0.0,215.8,359.0,ARTHUR M ANDERSON,IMO5025691,WDH7563,70,0,233,21,8.0,70,A
366972020,2021-07-26T09:53:09,42.71074,-87.26816,12.3,181.4,182.0,ARTHUR M ANDERSON,IMO5025691,WDH7563,70,0,233,21,8.0,70,A
366972020,2021-07-26T17:35:51,41.61921,-87.32456,0.0,28.5,359.0,ARTHUR M ANDERSON,IMO5025691,WDH7563,70,0,233,21,8.0,70,A
366972020,2021-07-26T17:14:49,41.61919,-87.32453,0.0,56.2,359.0,ARTHUR M ANDERSON,IMO5025691,WDH7563,70,0,233,21,8.0,70,A
366972020,2021-07-26T14:52:01,41.69809,-87.3082,11.5,209.7,210.0,ARTHUR M ANDERSON,IMO5025691,WDH7563,70,0,233,21,8.0,70,A
366972020,2021-07-26T17:16:52,41.61919,-87.32454,0.0,54.2,359.0,ARTHUR M ANDERSON,IMO5025691,WDH7563,70,0,233,21,8.0,70,A
366972020,2021-07-26T17:41:40,41.61921,-87.32457,0.0,258.1,359.0,ARTHUR M ANDERSON,IMO5025691,WDH7563,70,0,233,21,8.0,70,A
366972020,2021-07-26T17:42:41,41.61919,-87.32456,0.0,26.7,359.0,ARTHUR M ANDERSON,IMO5025691,WDH7563,70,0,233,21,8.0,70,A
366972020,2021-07-26T17:17:59,41.61919,-87.32455,0.0,90.0,359.0,ARTHUR M ANDERSON,IMO5025691,WDH7563,70,0,233,21,8.0,70,A
366972020,2021-07-26T18:36:00,41.6192,-87.32455,0.0,314.9,359.0,ARTHUR M ANDERSON,IMO5025691,WDH7563,70,0,233,21,8.0,70,A
366972020,2021-07-26T18:37:10,41.61919,-87.32455,0.0,312.3,359.0,ARTHUR M ANDERSON,IMO5025691,WDH7563,70,0,233,21,8.0,70,A
366972020,2021-07-26T18:38:15,41.6192,-87.32455,0.0,340.7,359.0,ARTHUR M ANDERSON,IMO5025691,WDH7563,70,0,233,21,8.0,70,A
366972020,2021-07-26T10:01:10,42.68333,-87.26895,12.3,181.1,181.0,ARTHUR M ANDERSON,IMO5025691,WDH7563,70,0,233,21,8.0,70,A
366972020,2021-07-26T17:27:09,41.6192,-87.32456,0.0,171.2,359.0,ARTHUR M ANDERSON,IMO5025691,WDH7563,70,0,233,21,8.0,70,A
366972020,2021-07-26T14:58:29,41.68031,-87.32191,11.0,208.7,208.0,ARTHUR M ANDERSON,IMO5025691,WDH7563,70,0,233,21,8.0,70,A
366972020,2021-07-26T18:41:30,41.61921,-87.32456,0.0,311.9,359.0,ARTHUR M ANDERSON,IMO5025691,WDH7563,70,0,233,21,8.0,70,A
366972020,2021-07-26T18:43:40,41.6192,-87.32456,0.0,349.7,359.0,ARTHUR M ANDERSON,IMO5025691,WDH7563,70,0,233,21,8.0,70,A
366972020,2021-07-26T15:02:12,41.67033,-87.32298,9.2,177.4,177.0,ARTHUR M ANDERSON,IMO5025691,WDH7563,70,0,233,21,8.0,70,A
366972020,2021-07-26T18:44:50,41.61921,-87.32456,0.0,146.9,359.0,ARTHUR M ANDERSON,IMO5025691,WDH7563,70,0,233,21,8.0,70,A
366972020,2021-07-26T17:26:04,41.61919,-87.32455,0.0,86.2,359.0,ARTHUR M ANDERSON,IMO5025691,WDH7563,70,0,233,21,8.0,70,A
366972020,2021-07-26T15:04:20,41.66504,-87.32266,8.5,177.2,177.0,ARTHUR M ANDERSON,IMO5025691,WDH7563,70,0,233,21,8.0,70,A
366972020,2021-07-26T18:40:21,41.61919,-87.32454,0.0,0.4,359.0,ARTHUR M ANDERSON,IMO5025691,WDH7563,70,0,233,21,8.0,70,A
366972020,2021-07-26T18:52:21,41.61921,-87.32455,0.0,354.8,359.0,ARTHUR M ANDERSON,IMO5025691,WDH7563,70,0,233,21,8.0,70,A
366972020,2021-07-26T17:59:20,41.61921,-87.32456,0.0,198.1,359.0,ARTHUR M ANDERSON,IMO5025691,WDH7563,70,0,233,21,8.0,70,A
366972020,2021-07-26T18:49:01,41.61919,-87.32455,0.0,335.3,359.0,ARTHUR M ANDERSON,IMO5025691,WDH7563,70,0,233,21,8.0,70,A
366972020,2021-07-26T18:55:41,41.6192,-87.32456,0.0,242.6,359.0,ARTHUR M ANDERSON,IMO5025691,WDH7563,70,0,233,21,8.0,70,A
366972020,2021-07-26T17:53:40,41.6192,-87.32455,0.0,175.0,359.0,ARTHUR M ANDERSON,IMO5025691,WDH7563,70,0,233,21,8.0,70,A
366972020,2021-07-26T17:34:50,41.61921,-87.32456,0.0,341.0,359.0,ARTHUR M ANDERSON,IMO5025691,WDH7563,70,0,233,21,8.0,70,A
366972020,2021-07-26T15:16:10,41.64335,-87.3215,5.0,177.4,176.0,ARTHUR M ANDERSON,IMO5025691,WDH7563,70,0,233,21,8.0,70,A
366972020,2021-07-26T18:53:29,41.6192,-87.32454,0.0,261.1,359.0,ARTHUR M ANDERSON,IMO5025691,WDH7563,70,0,233,21,8.0,70,A
366972020,2021-07-26T18:03:12,41.61923,-87.32457,0.0,158.6,359.0,ARTHUR M ANDERSON,IMO5025691,WDH7563,70,0,233,21,8.0,70,A
366972020,2021-07-26T17:37:00,41.61921,-87.32457,0.0,294.2,359.0,ARTHUR M ANDERSON,IMO5025691,WDH7563,70,0,233,21,8.0,70,A
366972020,2021-07-26T15:18:21,41.64043,-87.32133,4.6,176.8,176.0,ARTHUR M ANDERSON,IMO5025691,WDH7563,70,0,233,21,8.0,70,A
366972020,2021-07-26T17:58:11,41.61921,-87.32456,0.0,158.2,359.0,ARTHUR M ANDERSON,IMO5025691,WDH7563,70,0,233,21,8.0,70,A
366972020,2021-07-26T15:19:30,41.63895,-87.32124,4.5,177.5,175.0,ARTHUR M ANDERSON,IMO5025691,WDH7563,70,0,233,21,8.0,70,A
366972020,2021-07-26T18:57:59,41.6192,-87.32455,0.0,302.2,359.0,ARTHUR M ANDERSON,IMO5025691,WDH7563,70,0,233,21,8.0,70,A
366972020,2021-07-26T17:47:59,41.6192,-87.32454,0.0,339.4,359.0,ARTHUR M ANDERSON,IMO5025691,WDH7563,70,0,233,21,8.0,70,A
366972020,2021-07-26T15:21:40,41.63632,-87.32107,4.3,176.8,174.0,ARTHUR M ANDERSON,IMO5025691,WDH7563,70,0,233,21,8.0,70,A
366972020,2021-07-26T19:05:35,41.6192,-87.32456,0.0,300.9,359.0,ARTHUR M ANDERSON,IMO5025691,WDH7563,70,0,233,21,8.0,70,A
366972020,2021-07-26T18:02:10,41.61921,-87.32456,0.0,156.7,359.0,ARTHUR M ANDERSON,IMO5025691,WDH7563,70,0,233,21,8.0,70,A
366972020,2021-07-26T15:23:43,41.63411,-87.32031,3.6,152.1,155.0,ARTHUR M ANDERSON,IMO5025691,WDH7563,70,0,233,21,8.0,70,A
366972020,2021-07-26T17:44:51,41.61921,-87.32457,0.0,13.4,359.0,ARTHUR M ANDERSON,IMO5025691,WDH7563,70,0,233,21,8.0,70,A
366972020,2021-07-26T19:01:19,41.6192,-87.32454,0.0,279.7,359.0,ARTHUR M ANDERSON,IMO5025691,WDH7563,70,0,233,21,8.0,70,A
366972020,2021-07-26T17:45:53,41.61921,-87.32457,0.0,312.2,359.0,ARTHUR M ANDERSON,IMO5025691,WDH7563,70,0,233,21,8.0,70,A
366972020,2021-07-26T18:17:21,41.61921,-87.32458,0.0,176.5,359.0,ARTHUR M ANDERSON,IMO5025691,WDH7563,70,0,233,21,8.0,70,A
366972020,2021-07-26T19:08:49,41.6192,-87.32456,0.0,352.3,359.0,ARTHUR M ANDERSON,IMO5025691,WDH7563,70,0,233,21,8.0,70,A
366972020,2021-07-26T17:51:20,41.6192,-87.32455,0.0,320.4,359.0,ARTHUR M ANDERSON,IMO5025691,WDH7563,70,0,233,21,8.0,70,A
366972020,2021-07-26T17:52:31,41.61921,-87.32456,0.0,192.7,359.0,ARTHUR M ANDERSON,IMO5025691,WDH7563,70,0,233,21,8.0,70,A
366972020,2021-07-26T18:09:49,41.6192,-87.32456,0.0,171.9,359.0,ARTHUR M ANDERSON,IMO5025691,WDH7563,70,0,233,21,8.0,70,A
366972020,2021-07-26T17:54:50,41.61921,-87.32455,0.0,163.0,359.0,ARTHUR M ANDERSON,IMO5025691,WDH7563,70,0,233,21,8.0,70,A
366972020,2021-07-26T19:16:39,41.61921,-87.32454,0.0,13.1,359.0,ARTHUR M ANDERSON,IMO5025691,WDH7563,70,0,233,21,8.0,70,A
366972020,2021-07-26T18:01:04,41.6192,-87.32458,0.0,173.5,359.0,ARTHUR M ANDERSON,IMO5025691,WDH7563,70,0,233,21,8.0,70,A
366972020,2021-07-26T15:35:19,41.63262,-87.318,1.1,216.8,29.0,ARTHUR M ANDERSON,IMO5025691,WDH7563,70,0,233,21,8.0,70,A
366972020,2021-07-26T18:00:00,41.61921,-87.32456,0.0,181.5,359.0,ARTHUR M ANDERSON,IMO5025691,WDH7563,70,0,233,21,8.0,70,A
366972020,2021-07-26T10:14:50,42.63653,-87.27042,12.3,181.2,181.0,ARTHUR M ANDERSON,IMO5025691,WDH7563,70,0,233,21,8.0,70,A
366972020,2021-07-26T19:24:31,41.61919,-87.32454,0.0,237.6,359.0,ARTHUR M ANDERSON,IMO5025691,WDH7563,70,0,233,21,8.0,70,A
366972020,2021-07-26T18:08:41,41.61921,-87.32457,0.0,166.7,359.0,ARTHUR M ANDERSON,IMO5025691,WDH7563,70,0,233,21,8.0,70,A
366972020,2021-07-26T15:42:00,41.62998,-87.31993,1.9,221.2,43.0,ARTHUR M ANDERSON,IMO5025691,WDH7563,70,0,233,21,8.0,70,A
366972020,2021-07-26T18:25:00,41.6192,-87.32458,0.0,176.6,359.0,ARTHUR M ANDERSON,IMO5025691,WDH7563,70,0,233,21,8.0,70,A
366972020,2021-07-26T15:46:30,41.62812,-87.32252,2.2,223.2,31.0,ARTHUR M ANDERSON,IMO5025691,WDH7563,70,0,233,21,8.0,70,A
366972020,2021-07-26T15:47:33,41.62767,-87.32308,2.2,220.5,25.0,ARTHUR M ANDERSON,IMO5025691,WDH7563,70,0,233,21,8.0,70,A
366972020,2021-07-26T18:27:20,41.6192,-87.32456,0.0,180.6,359.0,ARTHUR M ANDERSON,IMO5025691,WDH7563,70,0,233,21,8.0,70,A
366972020,2021-07-26T19:32:35,41.61917,-87.32455,0.0,273.8,359.0,ARTHUR M ANDERSON,IMO5025691,WDH7563,70,0,233,21,8.0,70,A
366972020,2021-07-26T15:48:40,41.62709,-87.32366,2.2,212.4,18.0,ARTHUR M ANDERSON,IMO5025691,WDH7563,70,0,233,21,8.0,70,A
366972020,2021-07-26T19:33:37,41.61916,-87.32454,0.0,104.2,359.0,ARTHUR M ANDERSON,IMO5025691,WDH7563,70,0,233,21,8.0,70,A
366972020,2021-07-26T19:36:50,41.61918,-87.32453,0.0,310.5,359.0,ARTHUR M ANDERSON,IMO5025691,WDH7563,70,0,233,21,8.0,70,A
366972020,2021-07-26T10:19:30,42.62049,-87.27097,12.4,181.0,180.0,ARTHUR M ANDERSON,IMO5025691,WDH7563,70,0,233,21,8.0,70,A
366972020,2021-07-26T10:20:40,42.61646,-87.27107,12.4,180.9,180.0,ARTHUR M ANDERSON,IMO5025691,WDH7563,70,0,233,21,8.0,70,A
366972020,2021-07-26T18:31:39,41.6192,-87.32456,0.0,68.5,359.0,ARTHUR M ANDERSON,IMO5025691,WDH7563,70,0,233,21,8.0,70,A
366972020,2021-07-26T19:39:11,41.61916,-87.32455,0.0,24.0,359.0,ARTHUR M ANDERSON,IMO5025691,WDH7563,70,0,233,21,8.0,70,A
366972020,2021-07-26T19:40:12,41.61917,-87.32455,0.0,18.6,359.0,ARTHUR M ANDERSON,IMO5025691,WDH7563,70,0,233,21,8.0,70,A
366972020,2021-07-26T15:55:10,41.62345,-87.32488,1.9,184.6,358.0,ARTHUR M ANDERSON,IMO5025691,WDH7563,70,0,233,21,8.0,70,A
366972020,2021-07-26T18:34:59,41.61919,-87.32456,0.0,20.5,359.0,ARTHUR M ANDERSON,IMO5025691,WDH7563,70,0,233,21,8.0,70,A
366972020,2021-07-26T19:48:09,41.61917,-87.32455,0.0,343.7,359.0,ARTHUR M ANDERSON,IMO5025691,WDH7563,70,0,233,21,8.0,70,A
366972020,2021-07-26T18:20:31,41.6192,-87.32457,0.0,181.2,359.0,ARTHUR M ANDERSON,IMO5025691,WDH7563,70,0,233,21,8.0,70,A
366972020,2021-07-26T18:21:39,41.6192,-87.32456,0.0,169.6,359.0,ARTHUR M ANDERSON,IMO5025691,WDH7563,70,0,233,21,8.0,70,A
366972020,2021-07-26T19:50:20,41.61916,-87.32454,0.0,345.9,359.0,ARTHUR M ANDERSON,IMO5025691,WDH7563,70,0,233,21,8.0,70,A
366972020,2021-07-26T16:03:11,41.61969,-87.32463,1.1,173.1,358.0,ARTHUR M ANDERSON,IMO5025691,WDH7563,70,0,233,21,8.0,70,A
366972020,2021-07-26T18:23:50,41.61921,-87.32458,0.0,163.9,359.0,ARTHUR M ANDERSON,IMO5025691,WDH7563,70,0,233,21,8.0,70,A
366972020,2021-07-26T19:58:10,41.61917,-87.32455,0.0,318.5,359.0,ARTHUR M ANDERSON,IMO5025691,WDH7563,70,0,233,21,8.0,70,A
366972020,2021-07-26T20:01:10,41.61916,-87.32454,0.0,265.8,359.0,ARTHUR M ANDERSON,IMO5025691,WDH7563,70,0,233,21,8.0,70,A
366972020,2021-07-26T19:10:00,41.6192,-87.32455,0.0,42.9,359.0,ARTHUR M ANDERSON,IMO5025691,WDH7563,70,0,233,21,8.0,70,A
366972020,2021-07-26T20:05:50,41.61916,-87.32456,0.0,355.6,359.0,ARTHUR M ANDERSON,IMO5025691,WDH7563,70,0,233,21,8.0,70,A
366972020,2021-07-26T18:39:20,41.61919,-87.32456,0.0,334.5,359.0,ARTHUR M ANDERSON,IMO5025691,WDH7563,70,0,233,21,8.0,70,A
366972020,2021-07-26T16:17:55,41.61917,-87.32455,0.0,93.0,359.0,ARTHUR M ANDERSON,IMO5025691,WDH7563,70,0,233,21,8.0,70,A
366972020,2021-07-26T16:19:01,41.61916,-87.32453,0.0,137.7,359.0,ARTHUR M ANDERSON,IMO5025691,WDH7563,70,0,233,21,8.0,70,A
366972020,2021-07-26T18:42:39,41.6192,-87.32455,0.0,345.5,359.0,ARTHUR M ANDERSON,IMO5025691,WDH7563,70,0,233,21,8.0,70,A
366972020,2021-07-26T18:56:50,41.61919,-87.32455,0.0,235.5,359.0,ARTHUR M ANDERSON,IMO5025691,WDH7563,70,0,233,21,8.0,70,A
366972020,2021-07-26T18:59:11,41.6192,-87.32454,0.0,332.4,359.0,ARTHUR M ANDERSON,IMO5025691,WDH7563,70,0,233,21,8.0,70,A
366972020,2021-07-26T20:12:22,41.61916,-87.32454,0.0,332.0,359.0,ARTHUR M ANDERSON,IMO5025691,WDH7563,70,0,233,21,8.0,70,A
366972020,2021-07-26T18:46:52,41.61921,-87.32455,0.0,221.8,359.0,ARTHUR M ANDERSON,IMO5025691,WDH7563,70,0,233,21,8.0,70,A
366972020,2021-07-26T20:14:30,41.61916,-87.32453,0.0,326.2,359.0,ARTHUR M ANDERSON,IMO5025691,WDH7563,70,0,233,21,8.0,70,A
366972020,2021-07-26T18:48:00,41.6192,-87.32455,0.0,307.9,359.0,ARTHUR M ANDERSON,IMO5025691,WDH7563,70,0,233,21,8.0,70,A
366972020,2021-07-26T18:50:10,41.61919,-87.32454,0.0,282.7,359.0,ARTHUR M ANDERSON,IMO5025691,WDH7563,70,0,233,21,8.0,70,A
366972020,2021-07-26T20:17:51,41.61916,-87.32453,0.0,319.3,359.0,ARTHUR M ANDERSON,IMO5025691,WDH7563,70,0,233,21,8.0,70,A
366972020,2021-07-26T18:51:19,41.6192,-87.32455,0.0,324.0,359.0,ARTHUR M ANDERSON,IMO5025691,WDH7563,70,0,233,21,8.0,70,A
366972020,2021-07-26T20:21:09,41.61916,-87.32453,0.0,335.8,359.0,ARTHUR M ANDERSON,IMO5025691,WDH7563,70,0,233,21,8.0,70,A
366972020,2021-07-26T20:23:20,41.61917,-87.32455,0.0,337.2,359.0,ARTHUR M ANDERSON,IMO5025691,WDH7563,70,0,233,21,8.0,70,A
366972020,2021-07-26T19:12:09,41.6192,-87.32455,0.0,1.3,359.0,ARTHUR M ANDERSON,IMO5025691,WDH7563,70,0,233,21,8.0,70,A
366972020,2021-07-26T16:33:41,41.61918,-87.32453,0.0,287.2,359.0,ARTHUR M ANDERSON,IMO5025691,WDH7563,70,0,233,21,8.0,70,A
366972020,2021-07-26T20:27:59,41.61915,-87.32454,0.0,350.9,359.0,ARTHUR M ANDERSON,IMO5025691,WDH7563,70,0,233,21,8.0,70,A
366972020,2021-07-26T20:30:20,41.61917,-87.32454,0.0,324.8,359.0,ARTHUR M ANDERSON,IMO5025691,WDH7563,70,0,233,21,8.0,70,A
366972020,2021-07-26T19:35:49,41.61918,-87.32453,0.0,28.6,359.0,ARTHUR M ANDERSON,IMO5025691,WDH7563,70,0,233,21,8.0,70,A
366972020,2021-07-26T19:18:50,41.61921,-87.32453,0.0,236.0,359.0,ARTHUR M ANDERSON,IMO5025691,WDH7563,70,0,233,21,8.0,70,A
366972020,2021-07-26T20:33:41,41.61916,-87.32454,0.0,340.1,359.0,ARTHUR M ANDERSON,IMO5025691,WDH7563,70,0,233,21,8.0,70,A
366972020,2021-07-26T19:21:10,41.6192,-87.32453,0.0,214.4,359.0,ARTHUR M ANDERSON,IMO5025691,WDH7563,70,0,233,21,8.0,70,A
366972020,2021-07-26T19:03:23,41.6192,-87.32455,0.0,63.8,359.0,ARTHUR M ANDERSON,IMO5025691,WDH7563,70,0,233,21,8.0,70,A
366972020,2021-07-26T16:40:10,41.61917,-87.32451,0.0,315.1,359.0,ARTHUR M ANDERSON,IMO5025691,WDH7563,70,0,233,21,8.0,70,A
366972020,2021-07-26T19:41:19,41.61918,-87.32455,0.0,336.1,359.0,ARTHUR M ANDERSON,IMO5025691,WDH7563,70,0,233,21,8.0,70,A
366972020,2021-07-26T19:25:40,41.61921,-87.32454,0.0,187.7,359.0,ARTHUR M ANDERSON,IMO5025691,WDH7563,70,0,233,21,8.0,70,A
366972020,2021-07-26T19:26:51,41.61921,-87.32454,0.0,191.7,359.0,ARTHUR M ANDERSON,IMO5025691,WDH7563,70,0,233,21,8.0,70,A
366972020,2021-07-26T19:27:59,41.61919,-87.32455,0.1,189.2,359.0,ARTHUR M ANDERSON,IMO5025691,WDH7563,70,0,233,21,8.0,70,A
366972020,2021-07-26T19:07:44,41.6192,-87.32456,0.0,358.0,359.0,ARTHUR M ANDERSON,IMO5025691,WDH7563,70,0,233,21,8.0,70,A
366972020,2021-07-26T19:45:51,41.61916,-87.32455,0.0,10.6,359.0,ARTHUR M ANDERSON,IMO5025691,WDH7563,70,0,233,21,8.0,70,A
366972020,2021-07-26T19:47:00,41.61916,-87.32454,0.0,335.3,359.0,ARTHUR M ANDERSON,IMO5025691,WDH7563,70,0,233,21,8.0,70,A
366972020,2021-07-26T20:47:00,41.61931,-87.32451,0.0,202.4,359.0,ARTHUR M ANDERSON,IMO5025691,WDH7563,70,0,233,21,8.0,70,A
366972020,2021-07-26T16:52:19,41.61916,-87.32452,0.0,316.4,359.0,ARTHUR M ANDERSON,IMO5025691,WDH7563,70,0,233,21,8.0,70,A
366972020,2021-07-26T16:53:29,41.61917,-87.32452,0.0,311.7,359.0,ARTHUR M ANDERSON,IMO5025691,WDH7563,70,0,233,21,8.0,70,A
366972020,2021-07-26T19:19:51,41.61919,-87.32455,0.0,222.8,359.0,ARTHUR M ANDERSON,IMO5025691,WDH7563,70,0,233,21,8.0,70,A
366972020,2021-07-26T16:54:40,41.61917,-87.32452,0.0,296.0,359.0,ARTHUR M ANDERSON,IMO5025691,WDH7563,70,0,233,21,8.0,70,A
366972020,2021-07-26T19:22:20,41.61918,-87.32454,0.0,197.9,359.0,ARTHUR M ANDERSON,IMO5025691,WDH7563,70,0,233,21,8.0,70,A
366972020,2021-07-26T20:53:50,41.61932,-87.3245,0.0,189.3,359.0,ARTHUR M ANDERSON,IMO5025691,WDH7563,70,0,233,21,8.0,70,A
366972020,2021-07-26T19:23:30,41.61919,-87.32454,0.0,225.8,359.0,ARTHUR M ANDERSON,IMO5025691,WDH7563,70,0,233,21,8.0,70,A
366972020,2021-07-26T20:55:00,41.61933,-87.32452,0.0,183.5,359.0,ARTHUR M ANDERSON,IMO5025691,WDH7563,70,0,233,21,8.0,70,A
366972020,2021-07-26T21:00:00,41.61932,-87.32453,0.0,248.2,359.0,ARTHUR M ANDERSON,IMO5025691,WDH7563,70,0,233,21,8.0,70,A
366972020,2021-07-26T10:45:00,42.53225,-87.27352,12.4,181.9,182.0,ARTHUR M ANDERSON,IMO5025691,WDH7563,70,0,233,21,8.0,70,A
366972020,2021-07-26T19:29:10,41.61917,-87.32453,0.0,83.3,359.0,ARTHUR M ANDERSON,IMO5025691,WDH7563,70,0,233,21,8.0,70,A
366972020,2021-07-26T10:50:51,42.51194,-87.27414,12.4,180.8,181.0,ARTHUR M ANDERSON,IMO5025691,WDH7563,70,0,233,21,8.0,70,A
366972020,2021-07-26T19:31:30,41.61917,-87.32455,0.0,273.1,359.0,ARTHUR M ANDERSON,IMO5025691,WDH7563,70,0,233,21,8.0,70,A
366972020,2021-07-26T17:04:30,41.61918,-87.32453,0.0,127.0,359.0,ARTHUR M ANDERSON,IMO5025691,WDH7563,70,0,233,21,8.0,70,A
366972020,2021-07-26T17:05:40,41.61919,-87.32456,0.0,113.5,359.0,ARTHUR M ANDERSON,IMO5025691,WDH7563,70,0,233,21,8.0,70,A
366972020,2021-07-26T21:04:29,41.61932,-87.32453,0.0,218.8,359.0,ARTHUR M ANDERSON,IMO5025691,WDH7563,70,0,233,21,8.0,70,A
366972020,2021-07-26T19:57:02,41.61917,-87.32453,0.0,326.7,359.0,ARTHUR M ANDERSON,IMO5025691,WDH7563,70,0,233,21,8.0,70,A
366972020,2021-07-26T17:09:00,41.61918,-87.32455,0.0,250.0,359.0,ARTHUR M ANDERSON,IMO5025691,WDH7563,70,0,233,21,8.0,70,A
366972020,2021-07-26T21:11:19,41.61933,-87.32453,0.0,271.0,359.0,ARTHUR M ANDERSON,IMO5025691,WDH7563,70,0,233,21,8.0,70,A
366972020,2021-07-26T20:00:09,41.61916,-87.32452,0.0,314.4,359.0,ARTHUR M ANDERSON,IMO5025691,WDH7563,70,0,233,21,8.0,70,A
366972020,2021-07-26T20:13:29,41.61917,-87.32455,0.0,329.6,359.0,ARTHUR M ANDERSON,IMO5025691,WDH7563,70,0,233,21,8.0,70,A
366972020,2021-07-26T21:15:50,41.61932,-87.32451,0.0,243.0,359.0,ARTHUR M ANDERSON,IMO5025691,WDH7563,70,0,233,21,8.0,70,A
366972020,2021-07-26T20:06:59,41.61917,-87.32455,0.0,17.6,359.0,ARTHUR M ANDERSON,IMO5025691,WDH7563,70,0,233,21,8.0,70,A
366972020,2021-07-26T21:16:59,41.61933,-87.32453,0.0,313.1,359.0,ARTHUR M ANDERSON,IMO5025691,WDH7563,70,0,233,21,8.0,70,A
366972020,2021-07-26T17:20:19,41.61919,-87.32454,0.0,304.6,359.0,ARTHUR M ANDERSON,IMO5025691,WDH7563,70,0,233,21,8.0,70,A
366972020,2021-07-26T20:08:02,41.61917,-87.32455,0.0,6.6,359.0,ARTHUR M ANDERSON,IMO5025691,WDH7563,70,0,233,21,8.0,70,A
366972020,2021-07-26T19:49:10,41.61916,-87.32454,0.0,12.2,359.0,ARTHUR M ANDERSON,IMO5025691,WDH7563,70,0,233,21,8.0,70,A
366972020,2021-07-26T20:11:21,41.61917,-87.32455,0.0,314.9,359.0,ARTHUR M ANDERSON,IMO5025691,WDH7563,70,0,233,21,8.0,70,A
366972020,2021-07-26T19:51:29,41.61917,-87.32455,0.0,306.1,359.0,ARTHUR M ANDERSON,IMO5025691,WDH7563,70,0,233,21,8.0,70,A
366972020,2021-07-26T20:24:29,41.61917,-87.32453,0.0,348.5,359.0,ARTHUR M ANDERSON,IMO5025691,WDH7563,70,0,233,21,8.0,70,A
366972020,2021-07-26T21:23:59,41.61931,-87.32453,0.0,286.4,359.0,ARTHUR M ANDERSON,IMO5025691,WDH7563,70,0,233,21,8.0,70,A
366972020,2021-07-26T19:56:00,41.61916,-87.32453,0.0,317.1,359.0,ARTHUR M ANDERSON,IMO5025691,WDH7563,70,0,233,21,8.0,70,A
366972020,2021-07-26T21:26:20,41.61932,-87.32453,0.0,263.8,359.0,ARTHUR M ANDERSON,IMO5025691,WDH7563,70,0,233,21,8.0,70,A
366972020,2021-07-26T19:59:11,41.61916,-87.32454,0.0,332.1,359.0,ARTHUR M ANDERSON,IMO5025691,WDH7563,70,0,233,21,8.0,70,A
366972020,2021-07-26T20:03:30,41.61917,-87.32454,0.0,322.9,359.0,ARTHUR M ANDERSON,IMO5025691,WDH7563,70,0,233,21,8.0,70,A
366972020,2021-07-26T20:04:40,41.61917,-87.32453,0.0,311.0,359.0,ARTHUR M ANDERSON,IMO5025691,WDH7563,70,0,233,21,8.0,70,A
366972020,2021-07-26T21:39:50,41.61932,-87.32452,0.0,262.6,359.0,ARTHUR M ANDERSON,IMO5025691,WDH7563,70,0,233,21,8.0,70,A
366972020,2021-07-26T17:43:42,41.61921,-87.32455,0.0,330.5,359.0,ARTHUR M ANDERSON,IMO5025691,WDH7563,70,0,233,21,8.0,70,A
366972020,2021-07-26T21:44:20,41.61933,-87.32453,0.0,17.4,359.0,ARTHUR M ANDERSON,IMO5025691,WDH7563,70,0,233,21,8.0,70,A
366972020,2021-07-26T21:52:11,41.61927,-87.32454,0.0,271.3,359.0,ARTHUR M ANDERSON,IMO5025691,WDH7563,70,0,233,21,8.0,70,A
366972020,2021-07-26T20:20:02,41.61916,-87.32452,0.0,351.3,359.0,ARTHUR M ANDERSON,IMO5025691,WDH7563,70,0,233,21,8.0,70,A
366972020,2021-07-26T21:53:12,41.61926,-87.32453,0.0,298.4,359.0,ARTHUR M ANDERSON,IMO5025691,WDH7563,70,0,233,21,8.0,70,A
366972020,2021-07-26T21:55:29,41.61927,-87.32454,0.0,301.4,359.0,ARTHUR M ANDERSON,IMO5025691,WDH7563,70,0,233,21,8.0,70,A
366972020,2021-07-26T17:50:10,41.6192,-87.32454,0.0,318.3,359.0,ARTHUR M ANDERSON,IMO5025691,WDH7563,70,0,233,21,8.0,70,A
366972020,2021-07-26T20:50:22,41.61932,-87.32452,0.0,161.2,359.0,ARTHUR M ANDERSON,IMO5025691,WDH7563,70,0,233,21,8.0,70,A
366972020,2021-07-26T20:42:19,41.61917,-87.32454,0.0,328.2,359.0,ARTHUR M ANDERSON,IMO5025691,WDH7563,70,0,233,21,8.0,70,A
366972020,2021-07-26T21:59:00,41.61927,-87.32452,0.0,283.9,359.0,ARTHUR M ANDERSON,IMO5025691,WDH7563,70,0,233,21,8.0,70,A
366972020,2021-07-26T20:44:39,41.61926,-87.32452,0.1,6.3,359.0,ARTHUR M ANDERSON,IMO5025691,WDH7563,70,0,233,21,8.0,70,A
366972020,2021-07-26T22:00:00,41.61928,-87.32453,0.0,289.7,359.0,ARTHUR M ANDERSON,IMO5025691,WDH7563,70,0,233,21,8.0,70,A
366972020,2021-07-26T20:56:09,41.61932,-87.32452,0.0,242.3,359.0,ARTHUR M ANDERSON,IMO5025691,WDH7563,70,0,233,21,8.0,70,A
366972020,2021-07-26T20:22:19,41.61916,-87.32453,0.0,313.4,359.0,ARTHUR M ANDERSON,IMO5025691,WDH7563,70,0,233,21,8.0,70,A
366972020,2021-07-26T20:57:19,41.61932,-87.32453,0.0,265.1,359.0,ARTHUR M ANDERSON,IMO5025691,WDH7563,70,0,233,21,8.0,70,A
366972020,2021-07-26T20:29:10,41.61916,-87.32454,0.0,340.1,359.0,ARTHUR M ANDERSON,IMO5025691,WDH7563,70,0,233,21,8.0,70,A
366972020,2021-07-26T17:57:10,41.61921,-87.32456,0.0,144.1,359.0,ARTHUR M ANDERSON,IMO5025691,WDH7563,70,0,233,21,8.0,70,A
366972020,2021-07-26T22:01:10,41.61926,-87.32454,0.0,184.7,359.0,ARTHUR M ANDERSON,IMO5025691,WDH7563,70,0,233,21,8.0,70,A
366972020,2021-07-26T22:02:11,41.61926,-87.32455,0.0,312.7,359.0,ARTHUR M ANDERSON,IMO5025691,WDH7563,70,0,233,21,8.0,70,A
366972020,2021-07-26T20:25:39,41.61916,-87.32453,0.0,353.0,359.0,ARTHUR M ANDERSON,IMO5025691,WDH7563,70,0,233,21,8.0,70,A
366972020,2021-07-26T22:05:41,41.61926,-87.32454,0.0,248.0,359.0,ARTHUR M ANDERSON,IMO5025691,WDH7563,70,0,233,21,8.0,70,A
366972020,2021-07-26T20:58:30,41.61932,-87.32453,0.0,6.5,359.0,ARTHUR M ANDERSON,IMO5025691,WDH7563,70,0,233,21,8.0,70,A
366972020,2021-07-26T18:04:20,41.6192,-87.32457,0.0,173.3,359.0,ARTHUR M ANDERSON,IMO5025691,WDH7563,70,0,233,21,8.0,70,A
366972020,2021-07-26T20:59:40,41.61933,-87.32452,0.0,287.7,359.0,ARTHUR M ANDERSON,IMO5025691,WDH7563,70,0,233,21,8.0,70,A
366972020,2021-07-26T20:41:10,41.61917,-87.32452,0.0,60.8,359.0,ARTHUR M ANDERSON,IMO5025691,WDH7563,70,0,233,21,8.0,70,A
366972020,2021-07-26T22:11:20,41.61924,-87.32452,0.0,300.8,359.0,ARTHUR M ANDERSON,IMO5025691,WDH7563,70,0,233,21,8.0,70,A
366972020,2021-07-26T21:12:30,41.61932,-87.32453,0.0,213.4,359.0,ARTHUR M ANDERSON,IMO5025691,WDH7563,70,0,233,21,8.0,70,A
366972020,2021-07-26T22:18:10,41.61924,-87.32452,0.0,336.0,359.0,ARTHUR M ANDERSON,IMO5025691,WDH7563,70,0,233,21,8.0,70,A
366972020,2021-07-26T11:13:20,42.43411,-87.27643,12.3,181.0,181.0,ARTHUR M ANDERSON,IMO5025691,WDH7563,70,0,233,21,8.0,70,A
366972020,2021-07-26T20:43:31,41.61919,-87.32453,0.2,353.6,359.0,ARTHUR M ANDERSON,IMO5025691,WDH7563,70,0,233,21,8.0,70,A
366972020,2021-07-26T18:10:50,41.6192,-87.32457,0.0,194.7,359.0,ARTHUR M ANDERSON,IMO5025691,WDH7563,70,0,233,21,8.0,70,A
366972020,2021-07-26T11:18:10,42.4175,-87.27694,12.3,181.4,181.0,ARTHUR M ANDERSON,IMO5025691,WDH7563,70,0,233,21,8.0,70,A
366972020,2021-07-26T20:45:50,41.61931,-87.3245,0.0,350.5,359.0,ARTHUR M ANDERSON,IMO5025691,WDH7563,70,0,233,21,8.0,70,A
366972020,2021-07-26T18:13:01,41.61921,-87.32456,0.0,152.1,359.0,ARTHUR M ANDERSON,IMO5025691,WDH7563,70,0,233,21,8.0,70,A
366972020,2021-07-26T20:38:40,41.61915,-87.32454,0.0,1.5,359.0,ARTHUR M ANDERSON,IMO5025691,WDH7563,70,0,233,21,8.0,70,A
366972020,2021-07-26T22:27:20,41.61923,-87.32452,0.0,330.2,359.0,ARTHUR M ANDERSON,IMO5025691,WDH7563,70,0,233,21,8.0,70,A
366972020,2021-07-26T22:33:01,41.61924,-87.32452,0.0,96.4,359.0,ARTHUR M ANDERSON,IMO5025691,WDH7563,70,0,233,21,8.0,70,A
366972020,2021-07-26T21:20:30,41.61932,-87.32452,0.0,345.5,359.0,ARTHUR M ANDERSON,IMO5025691,WDH7563,70,0,233,21,8.0,70,A
366972020,2021-07-26T18:18:24,41.61919,-87.32457,0.0,158.1,359.0,ARTHUR M ANDERSON,IMO5025691,WDH7563,70,0,233,21,8.0,70,A
366972020,2021-07-26T22:37:40,41.61923,-87.32452,0.0,205.2,359.0,ARTHUR M ANDERSON,IMO5025691,WDH7563,70,0,233,21,8.0,70,A
366972020,2021-07-26T21:33:02,41.61931,-87.32452,0.0,317.3,359.0,ARTHUR M ANDERSON,IMO5025691,WDH7563,70,0,233,21,8.0,70,A
366972020,2021-07-26T21:01:09,41.61932,-87.32452,0.0,270.9,359.0,ARTHUR M ANDERSON,IMO5025691,WDH7563,70,0,233,21,8.0,70,A
366972020,2021-07-26T21:34:09,41.61932,-87.32453,0.0,301.8,359.0,ARTHUR M ANDERSON,IMO5025691,WDH7563,70,0,233,21,8.0,70,A
366972020,2021-07-26T22:41:09,41.61924,-87.32451,0.0,257.8,359.0,ARTHUR M ANDERSON,IMO5025691,WDH7563,70,0,233,21,8.0,70,A
366972020,2021-07-26T21:28:41,41.61933,-87.32453,0.0,349.1,359.0,ARTHUR M ANDERSON,IMO5025691,WDH7563,70,0,233,21,8.0,70,A
366972020,2021-07-26T21:32:00,41.61932,-87.32452,0.0,323.3,359.0,ARTHUR M ANDERSON,IMO5025691,WDH7563,70,0,233,21,8.0,70,A
366972020,2021-07-26T21:38:40,41.61933,-87.32452,0.0,318.9,359.0,ARTHUR M ANDERSON,IMO5025691,WDH7563,70,0,233,21,8.0,70,A
366972020,2021-07-26T21:06:50,41.61932,-87.32454,0.0,222.4,359.0,ARTHUR M ANDERSON,IMO5025691,WDH7563,70,0,233,21,8.0,70,A
366972020,2021-07-26T18:28:22,41.6192,-87.32456,0.0,156.8,359.0,ARTHUR M ANDERSON,IMO5025691,WDH7563,70,0,233,21,8.0,70,A
366972020,2021-07-26T18:32:45,41.61919,-87.32456,0.0,37.5,359.0,ARTHUR M ANDERSON,IMO5025691,WDH7563,70,0,233,21,8.0,70,A
366972020,2021-07-26T18:33:50,41.61919,-87.32455,0.0,301.1,359.0,ARTHUR M ANDERSON,IMO5025691,WDH7563,70,0,233,21,8.0,70,A
366972020,2021-07-26T21:54:21,41.61927,-87.32453,0.0,315.6,359.0,ARTHUR M ANDERSON,IMO5025691,WDH7563,70,0,233,21,8.0,70,A
366972020,2021-07-26T21:09:09,41.61932,-87.32453,0.0,265.2,359.0,ARTHUR M ANDERSON,IMO5025691,WDH7563,70,0,233,21,8.0,70,A
366972020,2021-07-26T21:46:30,41.61932,-87.32452,0.0,275.4,359.0,ARTHUR M ANDERSON,IMO5025691,WDH7563,70,0,233,21,8.0,70,A
366972020,2021-07-26T21:22:50,41.61932,-87.32452,0.0,328.9,359.0,ARTHUR M ANDERSON,IMO5025691,WDH7563,70,0,233,21,8.0,70,A
366972020,2021-07-26T23:02:10,41.61923,-87.32451,0.0,73.7,359.0,ARTHUR M ANDERSON,IMO5025691,WDH7563,70,0,233,21,8.0,70,A
366972020,2021-07-26T21:47:40,41.61928,-87.32453,0.1,173.4,359.0,ARTHUR M ANDERSON,IMO5025691,WDH7563,70,0,233,21,8.0,70,A
366972020,2021-07-26T21:13:40,41.61933,-87.32453,0.0,91.2,359.0,ARTHUR M ANDERSON,IMO5025691,WDH7563,70,0,233,21,8.0,70,A
366972020,2021-07-26T18:45:51,41.61921,-87.32455,0.0,327.6,359.0,ARTHUR M ANDERSON,IMO5025691,WDH7563,70,0,233,21,8.0,70,A
366972020,2021-07-26T11:51:49,42.30212,-87.28031,12.2,181.5,181.0,ARTHUR M ANDERSON,IMO5025691,WDH7563,70,0,233,21,8.0,70,A
366972020,2021-07-26T21:14:49,41.61933,-87.32453,0.0,196.1,359.0,ARTHUR M ANDERSON,IMO5025691,WDH7563,70,0,233,21,8.0,70,A
366972020,2021-07-26T11:56:30,42.28615,-87.28085,12.2,181.1,180.0,ARTHUR M ANDERSON,IMO5025691,WDH7563,70,0,233,21,8.0,70,A
366972020,2021-07-26T23:08:50,41.61924,-87.32452,0.0,310.5,359.0,ARTHUR M ANDERSON,IMO5025691,WDH7563,70,0,233,21,8.0,70,A
366972020,2021-07-26T21:56:30,41.61928,-87.32453,0.0,273.1,359.0,ARTHUR M ANDERSON,IMO5025691,WDH7563,70,0,233,21,8.0,70,A
366972020,2021-07-26T21:57:50,41.61927,-87.32455,0.0,307.2,359.0,ARTHUR M ANDERSON,IMO5025691,WDH7563,70,0,233,21,8.0,70,A
366972020,2021-07-26T12:02:13,42.26678,-87.28135,12.3,182.0,181.0,ARTHUR M ANDERSON,IMO5025691,WDH7563,70,0,233,21,8.0,70,A
366972020,2021-07-26T23:14:40,41.61923,-87.32452,0.0,276.7,359.0,ARTHUR M ANDERSON,IMO5025691,WDH7563,70,0,233,21,8.0,70,A
366972020,2021-07-26T18:54:40,41.6192,-87.32454,0.0,256.0,359.0,ARTHUR M ANDERSON,IMO5025691,WDH7563,70,0,233,21,8.0,70,A
366972020,2021-07-26T23:18:59,41.61924,-87.32452,0.0,349.4,359.0,ARTHUR M ANDERSON,IMO5025691,WDH7563,70,0,233,21,8.0,70,A
366972020,2021-07-26T23:16:50,41.61924,-87.32452,0.0,307.1,359.0,ARTHUR M ANDERSON,IMO5025691,WDH7563,70,0,233,21,8.0,70,A
366972020,2021-07-26T23:17:51,41.61924,-87.32452,0.0,333.8,359.0,ARTHUR M ANDERSON,IMO5025691,WDH7563,70,0,233,21,8.0,70,A
366972020,2021-07-26T12:04:20,42.25944,-87.28166,12.2,181.1,180.0,ARTHUR M ANDERSON,IMO5025691,WDH7563,70,0,233,21,8.0,70,A
366972020,2021-07-26T21:41:00,41.61932,-87.32452,0.0,5.2,359.0,ARTHUR M ANDERSON,IMO5025691,WDH7563,70,0,233,21,8.0,70,A
366972020,2021-07-26T21:29:43,41.61933,-87.32452,0.0,220.6,359.0,ARTHUR M ANDERSON,IMO5025691,WDH7563,70,0,233,21,8.0,70,A
366972020,2021-07-26T23:21:09,41.61924,-87.32453,0.0,72.2,359.0,ARTHUR M ANDERSON,IMO5025691,WDH7563,70,0,233,21,8.0,70,A
366972020,2021-07-26T21:43:10,41.61933,-87.32452,0.0,309.2,359.0,ARTHUR M ANDERSON,IMO5025691,WDH7563,70,0,233,21,8.0,70,A
366972020,2021-07-26T21:30:51,41.61933,-87.32453,0.0,267.2,359.0,ARTHUR M ANDERSON,IMO5025691,WDH7563,70,0,233,21,8.0,70,A
366972020,2021-07-26T19:02:20,41.6192,-87.32455,0.0,353.2,359.0,ARTHUR M ANDERSON,IMO5025691,WDH7563,70,0,233,21,8.0,70,A
366972020,2021-07-26T19:04:30,41.6192,-87.32456,0.0,293.4,359.0,ARTHUR M ANDERSON,IMO5025691,WDH7563,70,0,233,21,8.0,70,A
366972020,2021-07-26T21:37:30,41.61932,-87.32453,0.0,232.5,359.0,ARTHUR M ANDERSON,IMO5025691,WDH7563,70,0,233,21,8.0,70,A
366972020,2021-07-26T23:27:49,41.61924,-87.32452,0.0,312.1,359.0,ARTHUR M ANDERSON,IMO5025691,WDH7563,70,0,233,21,8.0,70,A
366972020,2021-07-26T22:19:20,41.61924,-87.32453,0.0,347.6,359.0,ARTHUR M ANDERSON,IMO5025691,WDH7563,70,0,233,21,8.0,70,A
366972020,2021-07-26T19:06:39,41.6192,-87.32455,0.0,78.9,359.0,ARTHUR M ANDERSON,IMO5025691,WDH7563,70,0,233,21,8.0,70,A
366972020,2021-07-26T22:12:30,41.61925,-87.32452,0.0,143.4,359.0,ARTHUR M ANDERSON,IMO5025691,WDH7563,70,0,233,21,8.0,70,A
366972020,2021-07-26T22:20:30,41.61922,-87.32452,0.0,330.6,359.0,ARTHUR M ANDERSON,IMO5025691,WDH7563,70,0,233,21,8.0,70,A
366972020,2021-07-26T21:51:00,41.61927,-87.32454,0.0,72.0,359.0,ARTHUR M ANDERSON,IMO5025691,WDH7563,70,0,233,21,8.0,70,A
366972020,2021-07-26T23:32:01,41.61924,-87.32453,0.0,298.9,359.0,ARTHUR M ANDERSON,IMO5025691,WDH7563,70,0,233,21,8.0,70,A
366972020,2021-07-26T23:33:11,41.61923,-87.32458,0.2,265.6,358.0,ARTHUR M ANDERSON,IMO5025691,WDH7563,70,0,233,21,8.0,70,A
366972020,2021-07-26T21:42:09,41.61931,-87.32452,0.0,8.1,359.0,ARTHUR M ANDERSON,IMO5025691,WDH7563,70,0,233,21,8.0,70,A
366972020,2021-07-26T22:17:09,41.61923,-87.32452,0.0,56.3,359.0,ARTHUR M ANDERSON,IMO5025691,WDH7563,70,0,233,21,8.0,70,A
366972020,2021-07-26T22:23:50,41.61924,-87.32453,0.0,270.9,359.0,ARTHUR M ANDERSON,IMO5025691,WDH7563,70,0,233,21,8.0,70,A
366972020,2021-07-26T19:15:29,41.61921,-87.32456,0.0,8.6,359.0,ARTHUR M ANDERSON,IMO5025691,WDH7563,70,0,233,21,8.0,70,A
366972020,2021-07-26T23:37:39,41.61959,-87.3248,1.1,355.3,355.0,ARTHUR M ANDERSON,IMO5025691,WDH7563,70,0,233,21,8.0,70,A
366972020,2021-07-26T23:39:50,41.62072,-87.32485,2.3,359.5,357.0,ARTHUR M ANDERSON,IMO5025691,WDH7563,70,0,233,21,8.0,70,A
366972020,2021-07-26T19:17:40,41.6192,-87.32455,0.0,326.0,359.0,ARTHUR M ANDERSON,IMO5025691,WDH7563,70,0,233,21,8.0,70,A
366972020,2021-07-26T22:22:39,41.61923,-87.32454,0.0,345.6,359.0,ARTHUR M ANDERSON,IMO5025691,WDH7563,70,0,233,21,8.0,70,A
366972020,2021-07-26T22:28:30,41.61925,-87.32451,0.0,98.7,359.0,ARTHUR M ANDERSON,IMO5025691,WDH7563,70,0,233,21,8.0,70,A
366972020,2021-07-26T23:42:09,41.62255,-87.32476,3.2,1.9,0.0,ARTHUR M ANDERSON,IMO5025691,WDH7563,70,0,233,21,8.0,70,A
366972020,2021-07-26T22:30:51,41.61925,-87.32452,0.0,220.4,359.0,ARTHUR M ANDERSON,IMO5025691,WDH7563,70,0,233,21,8.0,70,A
366972020,2021-07-26T22:26:09,41.61923,-87.32452,0.0,355.1,359.0,ARTHUR M ANDERSON,IMO5025691,WDH7563,70,0,233,21,8.0,70,A
366972020,2021-07-26T12:19:49,42.20673,-87.28306,12.1,180.9,180.0,ARTHUR M ANDERSON,IMO5025691,WDH7563,70,0,233,21,8.0,70,A
366972020,2021-07-26T12:20:59,42.20279,-87.28321,12.1,182.1,181.0,ARTHUR M ANDERSON,IMO5025691,WDH7563,70,0,233,21,8.0,70,A
366972020,2021-07-26T23:44:20,41.62467,-87.32449,3.7,11.2,6.0,ARTHUR M ANDERSON,IMO5025691,WDH7563,70,0,233,21,8.0,70,A
366972020,2021-07-26T21:45:22,41.61931,-87.32453,0.0,330.2,359.0,ARTHUR M ANDERSON,IMO5025691,WDH7563,70,0,233,21,8.0,70,A
366972020,2021-07-26T23:47:31,41.62739,-87.32192,4.2,48.1,47.0,ARTHUR M ANDERSON,IMO5025691,WDH7563,70,0,233,21,8.0,70,A
366972020,2021-07-26T23:48:39,41.62838,-87.32047,5.0,47.7,47.0,ARTHUR M ANDERSON,IMO5025691,WDH7563,70,0,233,21,8.0,70,A
366972020,2021-07-26T23:50:41,41.63076,-87.31805,5.5,17.8,21.0,ARTHUR M ANDERSON,IMO5025691,WDH7563,70,0,233,21,8.0,70,A
366972020,2021-07-26T21:49:50,41.61928,-87.32455,0.0,82.5,359.0,ARTHUR M ANDERSON,IMO5025691,WDH7563,70,0,233,21,8.0,70,A
366972020,2021-07-26T23:51:50,41.63262,-87.31734,6.2,14.7,12.0,ARTHUR M ANDERSON,IMO5025691,WDH7563,70,0,233,21,8.0,70,A
366972020,2021-07-26T19:34:39,41.61916,-87.32455,0.0,100.4,359.0,ARTHUR M ANDERSON,IMO5025691,WDH7563,70,0,233,21,8.0,70,A
366972020,2021-07-26T23:59:50,41.65362,-87.31145,11.7,12.4,12.0,ARTHUR M ANDERSON,IMO5025691,WDH7563,70,0,233,21,8.0,70,A
366972020,2021-07-26T22:52:00,41.61924,-87.32453,0.0,96.8,359.0,ARTHUR M ANDERSON,IMO5025691,WDH7563,70,0,233,21,8.0,70,A
366972020,2021-07-26T22:53:09,41.61924,-87.32453,0.0,271.5,359.0,ARTHUR M ANDERSON,IMO5025691,WDH7563,70,0,233,21,8.0,70,A
366972020,2021-07-26T22:46:39,41.61923,-87.3245,0.0,292.0,359.0,ARTHUR M ANDERSON,IMO5025691,WDH7563,70,0,233,21,8.0,70,A
366972020,2021-07-26T12:31:10,42.16838,-87.28429,12.1,181.2,180.0,ARTHUR M ANDERSON,IMO5025691,WDH7563,70,0,233,21,8.0,70,A
366972020,2021-07-26T19:44:50,41.61916,-87.32455,0.0,341.6,359.0,ARTHUR M ANDERSON,IMO5025691,WDH7563,70,0,233,21,8.0,70,A
366972020,2021-07-26T22:06:50,41.61926,-87.32455,0.0,209.5,359.0,ARTHUR M ANDERSON,IMO5025691,WDH7563,70,0,233,21,8.0,70,A
366972020,2021-07-26T22:25:01,41.61923,-87.32452,0.0,9.7,359.0,ARTHUR M ANDERSON,IMO5025691,WDH7563,70,0,233,21,8.0,70,A
366972020,2021-07-26T23:03:21,41.61924,-87.32452,0.0,251.6,359.0,ARTHUR M ANDERSON,IMO5025691,WDH7563,70,0,233,21,8.0,70,A
366972020,2021-07-26T22:15:59,41.61924,-87.32451,0.0,280.2,359.0,ARTHUR M ANDERSON,IMO5025691,WDH7563,70,0,233,21,8.0,70,A
366972020,2021-07-26T23:10:00,41.61924,-87.3245,0.0,310.8,359.0,ARTHUR M ANDERSON,IMO5025691,WDH7563,70,0,233,21,8.0,70,A
366972020,2021-07-26T23:11:10,41.61923,-87.32452,0.0,329.2,359.0,ARTHUR M ANDERSON,IMO5025691,WDH7563,70,0,233,21,8.0,70,A
366972020,2021-07-26T23:04:31,41.61924,-87.32452,0.0,337.8,359.0,ARTHUR M ANDERSON,IMO5025691,WDH7563,70,0,233,21,8.0,70,A
366972020,2021-07-26T19:53:50,41.61917,-87.32454,0.0,0.1,359.0,ARTHUR M ANDERSON,IMO5025691,WDH7563,70,0,233,21,8.0,70,A
366972020,2021-07-26T23:05:40,41.61925,-87.32453,0.0,345.0,359.0,ARTHUR M ANDERSON,IMO5025691,WDH7563,70,0,233,21,8.0,70,A
366972020,2021-07-26T19:54:51,41.61917,-87.32454,0.0,354.8,359.0,ARTHUR M ANDERSON,IMO5025691,WDH7563,70,0,233,21,8.0,70,A
366972020,2021-07-26T22:36:29,41.61923,-87.3245,0.0,188.5,359.0,ARTHUR M ANDERSON,IMO5025691,WDH7563,70,0,233,21,8.0,70,A
366972020,2021-07-26T23:22:10,41.61923,-87.32452,0.0,330.9,359.0,ARTHUR M ANDERSON,IMO5025691,WDH7563,70,0,233,21,8.0,70,A
366972020,2021-07-26T23:13:30,41.61923,-87.32453,0.0,285.8,359.0,ARTHUR M ANDERSON,IMO5025691,WDH7563,70,0,233,21,8.0,70,A
366972020,2021-07-26T22:38:49,41.61924,-87.32452,0.0,271.0,359.0,ARTHUR M ANDERSON,IMO5025691,WDH7563,70,0,233,21,8.0,70,A
366972020,2021-07-26T22:47:40,41.61923,-87.32452,0.0,262.3,359.0,ARTHUR M ANDERSON,IMO5025691,WDH7563,70,0,233,21,8.0,70,A
366972020,2021-07-26T23:25:32,41.61924,-87.32452,0.0,136.9,359.0,ARTHUR M ANDERSON,IMO5025691,WDH7563,70,0,233,21,8.0,70,A
366972020,2021-07-26T23:26:40,41.61924,-87.32452,0.0,339.9,359.0,ARTHUR M ANDERSON,IMO5025691,WDH7563,70,0,233,21,8.0,70,A
366972020,2021-07-26T12:58:53,42.07519,-87.28709,12.1,181.6,180.0,ARTHUR M ANDERSON,IMO5025691,WDH7563,70,0,233,21,8.0,70,A
366972020,2021-07-26T23:41:00,41.62156,-87.32481,2.8,2.8,0.0,ARTHUR M ANDERSON,IMO5025691,WDH7563,70,0,233,21,8.0,70,A
366972020,2021-07-26T20:15:39,41.61915,-87.32453,0.0,313.6,359.0,ARTHUR M ANDERSON,IMO5025691,WDH7563,70,0,233,21,8.0,70,A
366972020,2021-07-26T22:45:30,41.61923,-87.32451,0.0,275.5,359.0,ARTHUR M ANDERSON,IMO5025691,WDH7563,70,0,233,21,8.0,70,A
366972020,2021-07-26T22:59:49,41.61924,-87.32451,0.0,270.0,359.0,ARTHUR M ANDERSON,IMO5025691,WDH7563,70,0,233,21,8.0,70,A
366972020,2021-07-26T23:35:20,41.61923,-87.32472,0.1,285.1,354.0,ARTHUR M ANDERSON,IMO5025691,WDH7563,70,0,233,21,8.0,70,A
366972020,2021-07-26T23:01:01,41.61923,-87.32453,0.0,243.1,359.0,ARTHUR M ANDERSON,IMO5025691,WDH7563,70,0,233,21,8.0,70,A
366972020,2021-07-26T20:19:01,41.61916,-87.32453,0.0,335.9,359.0,ARTHUR M ANDERSON,IMO5025691,WDH7563,70,0,233,21,8.0,70,A
366972020,2021-07-26T23:46:27,41.62658,-87.32312,3.8,44.2,35.0,ARTHUR M ANDERSON,IMO5025691,WDH7563,70,0,233,21,8.0,70,A
366972020,2021-07-26T22:55:20,41.61924,-87.32451,0.0,224.5,359.0,ARTHUR M ANDERSON,IMO5025691,WDH7563,70,0,233,21,8.0,70,A
366972020,2021-07-26T23:49:40,41.62942,-87.31901,5.4,42.4,44.0,ARTHUR M ANDERSON,IMO5025691,WDH7563,70,0,233,21,8.0,70,A
366972020,2021-07-26T23:43:10,41.6235,-87.32468,3.4,3.6,2.0,ARTHUR M ANDERSON,IMO5025691,WDH7563,70,0,233,21,8.0,70,A
366972020,2021-07-26T23:45:24,41.62571,-87.32399,3.7,26.2,18.0,ARTHUR M ANDERSON,IMO5025691,WDH7563,70,0,233,21,8.0,70,A
366972020,2021-07-26T20:31:29,41.61916,-87.32453,0.0,269.3,359.0,ARTHUR M ANDERSON,IMO5025691,WDH7563,70,0,233,21,8.0,70,A
366972020,2021-07-26T13:11:51,42.03142,-87.28811,12.1,180.8,179.0,ARTHUR M ANDERSON,IMO5025691,WDH7563,70,0,233,21,8.0,70,A
366972020,2021-07-26T20:36:10,41.61917,-87.32453,0.0,340.6,359.0,ARTHUR M ANDERSON,IMO5025691,WDH7563,70,0,233,21,8.0,70,A
366972020,2021-07-26T23:24:30,41.61924,-87.32454,0.0,155.3,359.0,ARTHUR M ANDERSON,IMO5025691,WDH7563,70,0,233,21,8.0,70,A
366972020,2021-07-26T20:37:30,41.61916,-87.32452,0.0,327.7,359.0,ARTHUR M ANDERSON,IMO5025691,WDH7563,70,0,233,21,8.0,70,A
366972020,2021-07-26T20:39:50,41.61917,-87.32453,0.0,301.2,359.0,ARTHUR M ANDERSON,IMO5025691,WDH7563,70,0,233,21,8.0,70,A
366972020,2021-07-26T23:28:50,41.61925,-87.32453,0.0,334.0,359.0,ARTHUR M ANDERSON,IMO5025691,WDH7563,70,0,233,21,8.0,70,A
366972020,2021-07-26T23:12:19,41.61924,-87.32452,0.0,292.4,359.0,ARTHUR M ANDERSON,IMO5025691,WDH7563,70,0,233,21,8.0,70,A
366972020,2021-07-26T23:15:49,41.61924,-87.32452,0.0,288.3,359.0,ARTHUR M ANDERSON,IMO5025691,WDH7563,70,0,233,21,8.0,70,A
366972020,2021-07-26T13:18:12,42.01008,-87.28873,12.1,181.1,180.0,ARTHUR M ANDERSON,IMO5025691,WDH7563,70,0,233,21,8.0,70,A
366972020,2021-07-26T23:36:30,41.61931,-87.32478,0.4,349.4,354.0,ARTHUR M ANDERSON,IMO5025691,WDH7563,70,0,233,21,8.0,70,A
366972020,2021-07-26T23:20:02,41.61924,-87.32451,0.0,283.2,359.0,ARTHUR M ANDERSON,IMO5025691,WDH7563,70,0,233,21,8.0,70,A
366972020,2021-07-26T13:21:30,41.99889,-87.28904,12.1,181.4,180.0,ARTHUR M ANDERSON,IMO5025691,WDH7563,70,0,233,21,8.0,70,A
366972020,2021-07-26T23:23:20,41.61923,-87.32451,0.0,293.1,359.0,ARTHUR M ANDERSON,IMO5025691,WDH7563,70,0,233,21,8.0,70,A
366972020,2021-07-26T20:51:30,41.61932,-87.32451,0.0,168.4,359.0,ARTHUR M ANDERSON,IMO5025691,WDH7563,70,0,233,21,8.0,70,A
366972020,2021-07-26T13:25:53,41.98424,-87.28948,12.1,181.5,180.0,ARTHUR M ANDERSON,IMO5025691,WDH7563,70,0,233,21,8.0,70,A
366972020,2021-07-26T20:52:40,41.61932,-87.32451,0.0,149.2,359.0,ARTHUR M ANDERSON,IMO5025691,WDH7563,70,0,233,21,8.0,70,A
366972020,2021-07-26T23:29:53,41.61924,-87.32454,0.0,3.4,359.0,ARTHUR M ANDERSON,IMO5025691,WDH7563,70,0,233,21,8.0,70,A
366972020,2021-07-26T23:31:00,41.61924,-87.32452,0.0,313.1,359.0,ARTHUR M ANDERSON,IMO5025691,WDH7563,70,0,233,21,8.0,70,A
366972020,2021-07-26T21:02:10,41.61932,-87.32452,0.0,6.4,359.0,ARTHUR M ANDERSON,IMO5025691,WDH7563,70,0,233,21,8.0,70,A
366972020,2021-07-26T23:38:40,41.62002,-87.32484,1.7,356.2,355.0,ARTHUR M ANDERSON,IMO5025691,WDH7563,70,0,233,21,8.0,70,A
366972020,2021-07-26T21:03:20,41.61932,-87.32452,0.0,242.4,359.0,ARTHUR M ANDERSON,IMO5025691,WDH7563,70,0,233,21,8.0,70,A
366972020,2021-07-26T23:56:19,41.64294,-87.31457,10.3,11.8,11.0,ARTHUR M ANDERSON,IMO5025691,WDH7563,70,0,233,21,8.0,70,A
366972020,2021-07-26T21:08:00,41.61933,-87.32452,0.0,243.0,359.0,ARTHUR M ANDERSON,IMO5025691,WDH7563,70,0,233,21,8.0,70,A
366972020,2021-07-26T21:10:10,41.61932,-87.32453,0.0,188.8,359.0,ARTHUR M ANDERSON,IMO5025691,WDH7563,70,0,233,21,8.0,70,A
366972020,2021-07-26T13:45:39,41.91765,-87.29128,12.0,180.7,180.0,ARTHUR M ANDERSON,IMO5025691,WDH7563,70,0,233,21,8.0,70,A
366972020,2021-07-26T13:49:59,41.9031,-87.29175,12.0,181.5,181.0,ARTHUR M ANDERSON,IMO5025691,WDH7563,70,0,233,21,8.0,70,A
366972020,2021-07-26T13:57:41,41.87722,-87.29242,12.1,181.0,181.0,ARTHUR M ANDERSON,IMO5025691,WDH7563,70,0,233,21,8.0,70,A
366972020,2021-07-26T21:27:30,41.61932,-87.32454,0.0,273.2,359.0,ARTHUR M ANDERSON,IMO5025691,WDH7563,70,0,233,21,8.0,70,A
366972020,2021-07-26T21:35:10,41.61932,-87.32452,0.0,5.5,359.0,ARTHUR M ANDERSON,IMO5025691,WDH7563,70,0,233,21,8.0,70,A
366972020,2021-07-26T21:36:20,41.61932,-87.32452,0.0,293.6,359.0,ARTHUR M ANDERSON,IMO5025691,WDH7563,70,0,233,21,8.0,70,A
366972020,2021-07-26T14:08:49,41.83956,-87.29365,12.1,181.0,180.0,ARTHUR M ANDERSON,IMO5025691,WDH7563,70,0,233,21,8.0,70,A
366972020,2021-07-26T14:18:51,41.80577,-87.2946,12.0,181.9,181.0,ARTHUR M ANDERSON,IMO5025691,WDH7563,70,0,233,21,8.0,70,A
366972020,2021-07-26T22:03:29,41.61926,-87.32453,0.0,42.5,359.0,ARTHUR M ANDERSON,IMO5025691,WDH7563,70,0,233,21,8.0,70,A
366972020,2021-07-26T22:04:30,41.61926,-87.32455,0.0,320.2,359.0,ARTHUR M ANDERSON,IMO5025691,WDH7563,70,0,233,21,8.0,70,A
366972020,2021-07-26T14:26:40,41.77967,-87.29531,11.9,181.3,181.0,ARTHUR M ANDERSON,IMO5025691,WDH7563,70,0,233,21,8.0,70,A
366972020,2021-07-26T22:07:59,41.61927,-87.32452,0.0,199.9,359.0,ARTHUR M ANDERSON,IMO5025691,WDH7563,70,0,233,21,8.0,70,A
366972020,2021-07-26T22:09:10,41.61926,-87.32453,0.1,178.9,359.0,ARTHUR M ANDERSON,IMO5025691,WDH7563,70,0,233,21,8.0,70,A
366972020,2021-07-26T22:10:19,41.61924,-87.32453,0.0,180.8,359.0,ARTHUR M ANDERSON,IMO5025691,WDH7563,70,0,233,21,8.0,70,A
366972020,2021-07-26T14:33:20,41.7574,-87.29608,11.9,181.1,181.0,ARTHUR M ANDERSON,IMO5025691,WDH7563,70,0,233,21,8.0,70,A
366972020,2021-07-26T22:34:10,41.61923,-87.32452,0.0,230.1,359.0,ARTHUR M ANDERSON,IMO5025691,WDH7563,70,0,233,21,8.0,70,A
366972020,2021-07-26T22:35:20,41.61923,-87.32451,0.0,204.1,359.0,ARTHUR M ANDERSON,IMO5025691,WDH7563,70,0,233,21,8.0,70,A
366972020,2021-07-26T22:40:00,41.61924,-87.32451,0.0,268.9,359.0,ARTHUR M ANDERSON,IMO5025691,WDH7563,70,0,233,21,8.0,70,A
366972020,2021-07-26T22:43:19,41.61923,-87.32451,0.0,264.2,359.0,ARTHUR M ANDERSON,IMO5025691,WDH7563,70,0,233,21,8.0,70,A
366972020,2021-07-26T22:49:51,41.61924,-87.32451,0.0,6.6,359.0,ARTHUR M ANDERSON,IMO5025691,WDH7563,70,0,233,21,8.0,70,A
366972020,2021-07-26T22:50:59,41.61923,-87.32452,0.0,278.5,359.0,ARTHUR M ANDERSON,IMO5025691,WDH7563,70,0,233,21,8.0,70,A
366972020,2021-07-26T22:54:19,41.61923,-87.32451,0.0,244.4,359.0,ARTHUR M ANDERSON,IMO5025691,WDH7563,70,0,233,21,8.0,70,A
366972020,2021-07-26T22:57:29,41.61924,-87.32452,0.0,243.2,359.0,ARTHUR M ANDERSON,IMO5025691,WDH7563,70,0,233,21,8.0,70,A
366972020,2021-07-26T23:00:00,41.61924,-87.32452,0.0,271.7,359.0,ARTHUR M ANDERSON,IMO5025691,WDH7563,70,0,233,21,8.0,70,A
366972020,2021-07-26T15:15:09,41.64479,-87.32158,5.2,177.7,176.0,ARTHUR M ANDERSON,IMO5025691,WDH7563,70,0,233,21,8.0,70,A
366972020,2021-07-26T15:33:09,41.63302,-87.31747,0.6,244.7,36.0,ARTHUR M ANDERSON,IMO5025691,WDH7563,70,0,233,21,8.0,70,A
366972020,2021-07-26T23:34:19,41.61923,-87.32465,0.2,255.9,356.0,ARTHUR M ANDERSON,IMO5025691,WDH7563,70,0,233,21,8.0,70,A
366972020,2021-07-26T15:34:10,41.63289,-87.31771,0.9,229.7,32.0,ARTHUR M ANDERSON,IMO5025691,WDH7563,70,0,233,21,8.0,70,A
366972020,2021-07-26T15:43:01,41.62956,-87.32046,2.0,224.7,44.0,ARTHUR M ANDERSON,IMO5025691,WDH7563,70,0,233,21,8.0,70,A
366972020,2021-07-26T15:49:41,41.62654,-87.32406,2.2,207.6,13.0,ARTHUR M ANDERSON,IMO5025691,WDH7563,70,0,233,21,8.0,70,A
366972020,2021-07-26T23:52:59,41.63475,-87.31668,7.3,11.2,10.0,ARTHUR M ANDERSON,IMO5025691,WDH7563,70,0,233,21,8.0,70,A
366972020,2021-07-26T15:51:54,41.6253,-87.32459,2.1,189.2,4.0,ARTHUR M ANDERSON,IMO5025691,WDH7563,70,0,233,21,8.0,70,A
366972020,2021-07-26T23:54:10,41.63739,-87.31604,8.5,9.5,8.0,ARTHUR M ANDERSON,IMO5025691,WDH7563,70,0,233,21,8.0,70,A
366972020,2021-07-26T23:57:30,41.64639,-87.31359,10.9,12.1,12.0,ARTHUR M ANDERSON,IMO5025691,WDH7563,70,0,233,21,8.0,70,A
366972020,2021-07-26T23:58:39,41.6499,-87.31256,11.3,12.6,12.0,ARTHUR M ANDERSON,IMO5025691,WDH7563,70,0,233,21,8.0,70,A
366972020,2021-07-26T15:57:30,41.62222,-87.32489,1.8,178.3,355.0,ARTHUR M ANDERSON,IMO5025691,WDH7563,70,0,233,21,8.0,70,A
366972020,2021-07-26T16:09:01,41.61917,-87.32454,0.0,130.1,359.0,ARTHUR M ANDERSON,IMO5025691,WDH7563,70,0,233,21,8.0,70,A
366972020,2021-07-26T16:11:11,41.61916,-87.32453,0.0,80.6,359.0,ARTHUR M ANDERSON,IMO5025691,WDH7563,70,0,233,21,8.0,70,A
366972020,2021-07-26T16:24:50,41.61918,-87.32454,0.0,131.6,359.0,ARTHUR M ANDERSON,IMO5025691,WDH7563,70,0,233,21,8.0,70,A
366972020,2021-07-26T16:29:11,41.61918,-87.32455,0.0,4.9,359.0,ARTHUR M ANDERSON,IMO5025691,WDH7563,70,0,233,21,8.0,70,A
366972020,2021-07-26T16:32:30,41.61917,-87.32452,0.0,3.7,359.0,ARTHUR M ANDERSON,IMO5025691,WDH7563,70,0,233,21,8.0,70,A
366972020,2021-07-26T16:35:49,41.61916,-87.32452,0.0,85.8,359.0,ARTHUR M ANDERSON,IMO5025691,WDH7563,70,0,233,21,8.0,70,A
366972020,2021-07-26T16:41:19,41.61917,-87.32453,0.0,2.6,359.0,ARTHUR M ANDERSON,IMO5025691,WDH7563,70,0,233,21,8.0,70,A
366972020,2021-07-26T16:44:32,41.61917,-87.32452,0.0,259.4,359.0,ARTHUR M ANDERSON,IMO5025691,WDH7563,70,0,233,21,8.0,70,A
366972020,2021-07-26T16:45:40,41.61919,-87.32454,0.0,43.0,359.0,ARTHUR M ANDERSON,IMO5025691,WDH7563,70,0,233,21,8.0,70,A
366972020,2021-07-26T16:47:51,41.61919,-87.32453,0.0,347.9,359.0,ARTHUR M ANDERSON,IMO5025691,WDH7563,70,0,233,21,8.0,70,A
366972020,2021-07-26T17:11:19,41.61918,-87.32453,0.0,149.3,359.0,ARTHUR M ANDERSON,IMO5025691,WDH7563,70,0,233,21,8.0,70,A
366972020,2021-07-26T17:30:22,41.6192,-87.32456,0.0,278.0,359.0,ARTHUR M ANDERSON,IMO5025691,WDH7563,70,0,233,21,8.0,70,A
366972020,2021-07-26T17:39:20,41.6192,-87.32456,0.0,188.2,359.0,ARTHUR M ANDERSON,IMO5025691,WDH7563,70,0,233,21,8.0,70,A
366972020,2021-07-26T17:49:00,41.61922,-87.32456,0.0,337.3,359.0,ARTHUR M ANDERSON,IMO5025691,WDH7563,70,0,233,21,8.0,70,A
366972020,2021-07-26T18:06:31,41.6192,-87.32456,0.0,160.0,359.0,ARTHUR M ANDERSON,IMO5025691,WDH7563,70,0,233,21,8.0,70,A
366972020,2021-07-26T18:07:39,41.61921,-87.32456,0.0,173.6,359.0,ARTHUR M ANDERSON,IMO5025691,WDH7563,70,0,233,21,8.0,70,A
366972020,2021-07-26T18:11:59,41.61921,-87.32456,0.0,183.0,359.0,ARTHUR M ANDERSON,IMO5025691,WDH7563,70,0,233,21,8.0,70,A
366972020,2021-07-26T18:15:12,41.61921,-87.32457,0.0,151.7,359.0,ARTHUR M ANDERSON,IMO5025691,WDH7563,70,0,233,21,8.0,70,A
366972020,2021-07-26T18:16:13,41.61921,-87.32458,0.0,189.1,359.0,ARTHUR M ANDERSON,IMO5025691,WDH7563,70,0,233,21,8.0,70,A
366972020,2021-07-26T18:30:32,41.61919,-87.32456,0.0,318.7,359.0,ARTHUR M ANDERSON,IMO5025691,WDH7563,70,0,233,21,8.0,70,A
366972020,2021-07-26T19:00:11,41.6192,-87.32454,0.0,298.9,359.0,ARTHUR M ANDERSON,IMO5025691,WDH7563,70,0,233,21,8.0,70,A
366972020,2021-07-26T19:11:05,41.6192,-87.32455,0.0,329.8,359.0,ARTHUR M ANDERSON,IMO5025691,WDH7563,70,0,233,21,8.0,70,A
366972020,2021-07-26T19:13:12,41.61919,-87.32454,0.0,7.2,359.0,ARTHUR M ANDERSON,IMO5025691,WDH7563,70,0,233,21,8.0,70,A
366972020,2021-07-26T19:14:19,41.6192,-87.32454,0.0,353.9,359.0,ARTHUR M ANDERSON,IMO5025691,WDH7563,70,0,233,21,8.0,70,A
366972020,2021-07-26T19:30:20,41.61917,-87.32454,0.0,265.1,359.0,ARTHUR M ANDERSON,IMO5025691,WDH7563,70,0,233,21,8.0,70,A
366972020,2021-07-26T19:38:00,41.61917,-87.32453,0.0,50.0,359.0,ARTHUR M ANDERSON,IMO5025691,WDH7563,70,0,233,21,8.0,70,A
366972020,2021-07-26T19:42:30,41.61917,-87.32455,0.0,1.4,359.0,ARTHUR M ANDERSON,IMO5025691,WDH7563,70,0,233,21,8.0,70,A
366972020,2021-07-26T19:43:39,41.61916,-87.32455,0.0,14.3,359.0,ARTHUR M ANDERSON,IMO5025691,WDH7563,70,0,233,21,8.0,70,A
366972020,2021-07-26T19:52:41,41.61917,-87.32453,0.0,320.2,359.0,ARTHUR M ANDERSON,IMO5025691,WDH7563,70,0,233,21,8.0,70,A
366972020,2021-07-26T20:02:21,41.61916,-87.32455,0.0,318.9,359.0,ARTHUR M ANDERSON,IMO5025691,WDH7563,70,0,233,21,8.0,70,A
366972020,2021-07-26T20:09:09,41.61916,-87.32456,0.0,340.0,359.0,ARTHUR M ANDERSON,IMO5025691,WDH7563,70,0,233,21,8.0,70,A
366972020,2021-07-26T20:10:10,41.61915,-87.32453,0.0,290.3,359.0,ARTHUR M ANDERSON,IMO5025691,WDH7563,70,0,233,21,8.0,70,A
366972020,2021-07-26T20:16:50,41.61915,-87.32454,0.0,335.0,359.0,ARTHUR M ANDERSON,IMO5025691,WDH7563,70,0,233,21,8.0,70,A
366972020,2021-07-26T20:26:49,41.61915,-87.32454,0.0,41.9,359.0,ARTHUR M ANDERSON,IMO5025691,WDH7563,70,0,233,21,8.0,70,A
366972020,2021-07-26T20:32:40,41.61917,-87.32454,0.0,285.9,359.0,ARTHUR M ANDERSON,IMO5025691,WDH7563,70,0,233,21,8.0,70,A
366972020,2021-07-26T20:34:50,41.61916,-87.32453,0.0,89.8,359.0,ARTHUR M ANDERSON,IMO5025691,WDH7563,70,0,233,21,8.0,70,A
366972020,2021-07-26T20:48:10,41.61931,-87.32453,0.0,306.8,359.0,ARTHUR M ANDERSON,IMO5025691,WDH7563,70,0,233,21,8.0,70,A
366972020,2021-07-26T20:49:21,41.61932,-87.32452,0.0,153.7,359.0,ARTHUR M ANDERSON,IMO5025691,WDH7563,70,0,233,21,8.0,70,A
366972020,2021-07-26T21:05:41,41.61932,-87.32453,0.0,212.1,359.0,ARTHUR M ANDERSON,IMO5025691,WDH7563,70,0,233,21,8.0,70,A
366972020,2021-07-26T21:18:10,41.61932,-87.32452,0.0,321.8,359.0,ARTHUR M ANDERSON,IMO5025691,WDH7563,70,0,233,21,8.0,70,A
366972020,2021-07-26T21:19:20,41.61933,-87.32453,0.0,339.6,359.0,ARTHUR M ANDERSON,IMO5025691,WDH7563,70,0,233,21,8.0,70,A
366972020,2021-07-26T21:21:41,41.61932,-87.32453,0.0,348.4,359.0,ARTHUR M ANDERSON,IMO5025691,WDH7563,70,0,233,21,8.0,70,A
366972020,2021-07-26T21:25:09,41.61931,-87.32452,0.0,245.9,359.0,ARTHUR M ANDERSON,IMO5025691,WDH7563,70,0,233,21,8.0,70,A
366972020,2021-07-26T21:48:41,41.61928,-87.32453,0.0,208.4,359.0,ARTHUR M ANDERSON,IMO5025691,WDH7563,70,0,233,21,8.0,70,A
366972020,2021-07-26T22:13:39,41.61925,-87.32452,0.0,251.8,359.0,ARTHUR M ANDERSON,IMO5025691,WDH7563,70,0,233,21,8.0,70,A
366972020,2021-07-26T22:14:49,41.61924,-87.32452,0.0,322.0,359.0,ARTHUR M ANDERSON,IMO5025691,WDH7563,70,0,233,21,8.0,70,A
366972020,2021-07-26T22:21:31,41.61923,-87.32453,0.0,348.5,359.0,ARTHUR M ANDERSON,IMO5025691,WDH7563,70,0,233,21,8.0,70,A
366972020,2021-07-26T22:29:39,41.61925,-87.32452,0.0,259.4,359.0,ARTHUR M ANDERSON,IMO5025691,WDH7563,70,0,233,21,8.0,70,A
366972020,2021-07-26T22:32:00,41.61924,-87.32452,0.0,229.5,359.0,ARTHUR M ANDERSON,IMO5025691,WDH7563,70,0,233,21,8.0,70,A
366972020,2021-07-26T22:42:10,41.61923,-87.3245,0.0,236.7,359.0,ARTHUR M ANDERSON,IMO5025691,WDH7563,70,0,233,21,8.0,70,A
366972020,2021-07-26T22:44:20,41.61924,-87.32452,0.0,271.2,359.0,ARTHUR M ANDERSON,IMO5025691,WDH7563,70,0,233,21,8.0,70,A
366972020,2021-07-26T22:48:49,41.61922,-87.32452,0.0,271.9,359.0,ARTHUR M ANDERSON,IMO5025691,WDH7563,70,0,233,21,8.0,70,A
366972020,2021-07-26T22:56:21,41.61923,-87.32451,0.0,225.7,359.0,ARTHUR M ANDERSON,IMO5025691,WDH7563,70,0,233,21,8.0,70,A
366972020,2021-07-26T22:58:40,41.61923,-87.3245,0.0,318.2,359.0,ARTHUR M ANDERSON,IMO5025691,WDH7563,70,0,233,21,8.0,70,A
366972020,2021-07-26T23:06:41,41.61923,-87.32452,0.0,308.8,359.0,ARTHUR M ANDERSON,IMO5025691,WDH7563,70,0,233,21,8.0,70,A
366972020,2021-07-26T23:07:49,41.61924,-87.32454,0.0,318.8,359.0,ARTHUR M ANDERSON,IMO5025691,WDH7563,70,0,233,21,8.0,70,A
366972020,2021-07-26T23:55:11,41.63987,-87.31543,9.4,11.2,10.0,ARTHUR M ANDERSON,IMO5025691,WDH7563,70,0,233,21,8.0,70,A
